UserID,UserName,Age,AgeGroup,Gender,Email,TotalEnrollments,TotalSpend,FavoriteCategory,DominantLevel,FreeCoursesTaken,PaidCoursesTaken,FirstEnrollmentDate,LastEnrollmentDate,ActivityTier
U00001,wilsonjordan,15,<18,Male,patricia27@hotmail.com,1,394.26,Cybersecurity,Intermediate,0,1,2025-11-02,2025-11-02,Single-Course (1)
U00002,angela22,29,26–35,Female,hallrandy@hotmail.com,1,0.0,Programming,Beginner,1,0,2025-07-15,2025-07-15,Single-Course (1)
U00003,morrisonamanda,33,26–35,Female,ganderson@yahoo.com,11,613.98,Marketing,Beginner,8,3,2025-01-13,2025-11-16,Power Learner (8+)
U00004,fthornton,23,18–25,Female,christensencatherine@outlook.com,13,982.05,Digital Marketing,Intermediate,8,5,2025-01-06,2025-11-23,Power Learner (8+)
U00005,fostergeoffrey,21,18–25,Male,karenfuentes@yahoo.com,2,346.71,Programming,Beginner,1,1,2025-09-11,2025-12-03,Moderate (2-3)
U00006,jacksonjose,21,18–25,Male,wilsonnatalie@outlook.com,1,0.78,Machine Learning,Advanced,0,1,2025-11-19,2025-11-19,Single-Course (1)
U00007,grodriguez,24,18–25,Male,lopezjoseph@gmail.com,1,0.0,Cybersecurity,Intermediate,1,0,2025-03-08,2025-03-08,Single-Course (1)
U00008,adkinsapril,33,26–35,Female,sanfordtaylor@gmail.com,1,0.0,Finance,Intermediate,1,0,2025-07-30,2025-07-30,Single-Course (1)
U00009,heathercallahan,20,18–25,Female,chelseastephenson@outlook.com,1,276.37,Design,Advanced,0,1,2025-06-19,2025-06-19,Single-Course (1)
U00010,qlam,34,26–35,Female,brian31@outlook.com,2,326.02,Artificial Intelligence,Beginner,1,1,2025-08-02,2025-10-01,Moderate (2-3)
U00011,ashley16,15,<18,Female,guzmanantonio@outlook.com,2,299.57,Data Science,Beginner,1,1,2025-03-28,2025-09-24,Moderate (2-3)
U00012,mirandatimothy,15,<18,Female,paula93@outlook.com,2,327.99,Design,Beginner,1,1,2025-09-08,2025-09-14,Moderate (2-3)
U00013,cherrykathleen,33,26–35,Female,michelewatkins@outlook.com,14,1432.33,Machine Learning,Beginner,9,5,2025-01-20,2025-12-22,Power Learner (8+)
U00014,huertatimothy,30,26–35,Male,gabrielanderson@yahoo.com,1,0.0,Machine Learning,Advanced,1,0,2025-04-11,2025-04-11,Single-Course (1)
U00015,tbaker,27,26–35,Female,kelly33@yahoo.com,14,2035.0600000000002,Artificial Intelligence,Beginner,7,7,2025-01-16,2025-12-22,Power Learner (8+)
U00016,josephmullins,32,26–35,Male,amysparks@outlook.com,1,0.0,Marketing,Advanced,1,0,2025-09-27,2025-09-27,Single-Course (1)
U00017,theresa55,24,18–25,Male,pachecojeremy@gmail.com,3,963.18,Artificial Intelligence,Beginner,1,2,2025-02-02,2025-11-26,Moderate (2-3)
U00018,nicole97,24,18–25,Female,aprilharrell@hotmail.com,16,1468.03,Artificial Intelligence,Beginner,10,6,2025-01-12,2025-12-13,Power Learner (8+)
U00019,rlawson,24,18–25,Female,kingjulia@gmail.com,1,0.0,Design,Beginner,1,0,2025-11-10,2025-11-10,Single-Course (1)
U00020,evansmichael,27,26–35,Female,eharris@hotmail.com,1,0.0,Programming,Beginner,1,0,2025-07-17,2025-07-17,Single-Course (1)
U00021,autumn63,15,<18,Male,julieestrada@hotmail.com,2,177.34,Cybersecurity,Advanced,1,1,2025-04-08,2025-05-08,Moderate (2-3)
U00022,patriciaadkins,31,26–35,Male,thomas63@hotmail.com,1,0.0,Project Management,Beginner,1,0,2025-05-20,2025-05-20,Single-Course (1)
U00023,micheal78,32,26–35,Male,ashleymorris@yahoo.com,1,0.0,Design,Beginner,1,0,2025-06-14,2025-06-14,Single-Course (1)
U00024,steven43,18,18–25,Female,petersonlori@yahoo.com,1,0.0,Cybersecurity,Intermediate,1,0,2025-09-27,2025-09-27,Single-Course (1)
U00025,georgewhite,34,26–35,Male,jamesbradshaw@hotmail.com,4,119.04,Finance,Advanced,3,1,2025-01-04,2025-08-18,Active (4-7)
U00026,andrew02,19,18–25,Male,jason57@yahoo.com,1,327.99,Project Management,Beginner,0,1,2025-11-06,2025-11-06,Single-Course (1)
U00027,hunter32,31,26–35,Male,ronaldthomas@yahoo.com,2,0.0,Cybersecurity,Intermediate,2,0,2025-07-25,2025-10-08,Moderate (2-3)
U00028,zgomez,30,26–35,Female,rwhitaker@outlook.com,12,1012.66,Finance,Beginner,9,3,2025-01-11,2025-10-23,Power Learner (8+)
U00029,hartmanjon,30,26–35,Male,nicole88@gmail.com,1,326.02,Business,Intermediate,0,1,2025-07-09,2025-07-09,Single-Course (1)
U00030,david76,34,26–35,Male,robert64@outlook.com,1,0.0,Project Management,Intermediate,1,0,2025-11-15,2025-11-15,Single-Course (1)
U00031,lovedavid,30,26–35,Male,fbooth@yahoo.com,1,0.0,Web Development,Beginner,1,0,2025-10-21,2025-10-21,Single-Course (1)
U00032,veronica83,18,18–25,Male,andrea24@yahoo.com,1,285.05,Business,Beginner,0,1,2025-04-10,2025-04-10,Single-Course (1)
U00033,rodrigueznatalie,25,18–25,Male,linda50@gmail.com,1,276.37,Design,Advanced,0,1,2025-02-02,2025-02-02,Single-Course (1)
U00034,ilopez,32,26–35,Female,scottwatts@yahoo.com,2,248.1,Artificial Intelligence,Beginner,1,1,2025-04-20,2025-07-02,Moderate (2-3)
U00035,chernandez,32,26–35,Male,bryangilbert@yahoo.com,1,0.78,Machine Learning,Advanced,0,1,2025-05-17,2025-05-17,Single-Course (1)
U00036,coxmichael,24,18–25,Female,leonardkimberly@hotmail.com,1,0.0,Programming,Beginner,1,0,2025-11-01,2025-11-01,Single-Course (1)
U00037,lisabraun,31,26–35,Female,ericbrown@hotmail.com,2,0.0,Cybersecurity,Advanced,2,0,2025-02-28,2025-11-12,Moderate (2-3)
U00038,williamselizabeth,35,26–35,Male,kpham@gmail.com,1,0.0,Cybersecurity,Intermediate,1,0,2025-08-24,2025-08-24,Single-Course (1)
U00039,blackdanielle,16,<18,Female,michaelfrederick@yahoo.com,1,346.71,Project Management,Advanced,0,1,2025-03-01,2025-03-01,Single-Course (1)
U00040,briannamurphy,15,<18,Male,ohobbs@gmail.com,1,0.0,Programming,Beginner,1,0,2025-05-13,2025-05-13,Single-Course (1)
U00041,april65,19,18–25,Female,imccarthy@yahoo.com,2,326.02,Business,Beginner,1,1,2025-05-28,2025-06-10,Moderate (2-3)
U00042,christopher62,32,26–35,Male,patrickterrance@outlook.com,1,89.59,Artificial Intelligence,Intermediate,0,1,2025-10-27,2025-10-27,Single-Course (1)
U00043,tommy21,31,26–35,Male,gordonhenry@hotmail.com,1,327.99,Project Management,Beginner,0,1,2025-08-29,2025-08-29,Single-Course (1)
U00044,rileyapril,19,18–25,Male,wagnermichael@hotmail.com,1,299.57,Data Science,Beginner,0,1,2025-05-19,2025-05-19,Single-Course (1)
U00045,rodneystevens,23,18–25,Female,mitchellwilliam@yahoo.com,14,1209.79,Project Management,Beginner,9,5,2025-01-05,2025-12-06,Power Learner (8+)
U00046,usimpson,29,26–35,Female,hmarquez@hotmail.com,2,0.0,Design,Beginner,2,0,2025-05-22,2025-11-25,Moderate (2-3)
U00047,westbrian,34,26–35,Male,lclark@outlook.com,1,0.0,Data Science,Intermediate,1,0,2025-09-05,2025-09-05,Single-Course (1)
U00048,willie71,19,18–25,Male,zgarza@hotmail.com,13,356.89,Design,Beginner,11,2,2025-01-17,2025-11-19,Power Learner (8+)
U00049,nclark,32,26–35,Male,thomaskenneth@gmail.com,1,0.0,Project Management,Intermediate,1,0,2025-04-29,2025-04-29,Single-Course (1)
U00050,rewing,33,26–35,Male,syoung@gmail.com,1,0.0,Design,Advanced,1,0,2025-08-14,2025-08-14,Single-Course (1)
U00051,crystal12,32,26–35,Female,bonnie35@gmail.com,1,0.0,Design,Beginner,1,0,2025-07-25,2025-07-25,Single-Course (1)
U00052,daniel48,25,18–25,Female,tweber@gmail.com,1,0.78,Machine Learning,Advanced,0,1,2025-09-15,2025-09-15,Single-Course (1)
U00053,tara07,34,26–35,Female,bergertimothy@hotmail.com,1,53.86,Finance,Beginner,0,1,2025-12-18,2025-12-18,Single-Course (1)
U00054,jessicaparker,22,18–25,Female,rosslindsey@hotmail.com,1,490.9,Artificial Intelligence,Beginner,0,1,2025-03-12,2025-03-12,Single-Course (1)
U00055,hallandrea,31,26–35,Female,michelle73@gmail.com,16,1448.2499999999998,Design,Advanced,10,6,2025-01-09,2025-12-16,Power Learner (8+)
U00056,vcrawford,22,18–25,Female,markfinley@gmail.com,2,0.0,Design,Beginner,2,0,2025-06-08,2025-08-09,Moderate (2-3)
U00057,thomasrobin,18,18–25,Male,cedwards@yahoo.com,1,487.92,Business,Advanced,0,1,2025-06-10,2025-06-10,Single-Course (1)
U00058,egomez,30,26–35,Female,jimmymurphy@outlook.com,1,117.68,Data Science,Advanced,0,1,2025-04-10,2025-04-10,Single-Course (1)
U00059,elizabeth16,32,26–35,Male,andersonmadison@gmail.com,1,0.0,Design,Beginner,1,0,2025-08-21,2025-08-21,Single-Course (1)
U00060,albert28,26,26–35,Male,stephanie43@yahoo.com,4,53.86,Finance,Beginner,3,1,2025-08-13,2025-12-01,Active (4-7)
U00061,vincent12,32,26–35,Female,yscott@outlook.com,1,0.0,Cybersecurity,Intermediate,1,0,2025-05-05,2025-05-05,Single-Course (1)
U00062,howenathaniel,28,26–35,Female,tbrown@yahoo.com,1,0.0,Programming,Beginner,1,0,2025-11-26,2025-11-26,Single-Course (1)
U00063,lisawong,34,26–35,Female,denise33@outlook.com,2,299.57,Data Science,Beginner,1,1,2025-01-22,2025-02-03,Moderate (2-3)
U00064,donnabarker,33,26–35,Female,gellis@yahoo.com,1,276.37,Design,Advanced,0,1,2025-09-08,2025-09-08,Single-Course (1)
U00065,michaelcurtis,29,26–35,Male,brownrobert@hotmail.com,1,0.0,Web Development,Advanced,1,0,2025-01-15,2025-01-15,Single-Course (1)
U00066,wwest,26,26–35,Female,gomezkatherine@gmail.com,1,327.99,Project Management,Beginner,0,1,2025-04-12,2025-04-12,Single-Course (1)
U00067,jessica24,28,26–35,Female,gardnerjohnny@hotmail.com,1,119.04,Finance,Intermediate,0,1,2025-11-06,2025-11-06,Single-Course (1)
U00068,marshmichelle,32,26–35,Male,mcoleman@outlook.com,1,0.0,Project Management,Intermediate,1,0,2025-03-29,2025-03-29,Single-Course (1)
U00069,gainesandrew,27,26–35,Female,woodashley@outlook.com,2,0.0,Design,Intermediate,2,0,2025-02-16,2025-08-24,Moderate (2-3)
U00070,mgonzales,25,18–25,Female,vwang@gmail.com,2,0.0,Digital Marketing,Intermediate,2,0,2025-05-11,2025-10-12,Moderate (2-3)
U00071,kevin94,30,26–35,Female,gonzalezchristine@hotmail.com,14,641.94,Programming,Beginner,11,3,2025-01-19,2025-11-16,Power Learner (8+)
U00072,hallanthony,17,<18,Female,sharon51@hotmail.com,1,326.02,Business,Intermediate,0,1,2025-04-16,2025-04-16,Single-Course (1)
U00073,katie83,16,<18,Male,lydia56@gmail.com,1,0.78,Machine Learning,Advanced,0,1,2025-06-23,2025-06-23,Single-Course (1)
U00074,nunezapril,19,18–25,Male,hancocksteven@hotmail.com,3,963.18,Programming,Beginner,1,2,2025-06-04,2025-11-13,Moderate (2-3)
U00075,hfarley,22,18–25,Male,torresshawn@hotmail.com,1,0.0,Design,Advanced,1,0,2025-11-12,2025-11-12,Single-Course (1)
U00076,justinwatkins,34,26–35,Male,amyanderson@hotmail.com,4,472.28,Business,Beginner,3,1,2025-07-11,2025-12-29,Active (4-7)
U00077,shannon49,20,18–25,Male,shane75@yahoo.com,1,0.0,Marketing,Intermediate,1,0,2025-08-30,2025-08-30,Single-Course (1)
U00078,ahouston,32,26–35,Female,ashleywalker@outlook.com,1,0.0,Marketing,Intermediate,1,0,2025-04-09,2025-04-09,Single-Course (1)
U00079,aburke,28,26–35,Male,stoutdylan@outlook.com,1,0.0,Cybersecurity,Beginner,1,0,2025-10-04,2025-10-04,Single-Course (1)
U00080,mortonandrew,35,26–35,Female,cindycox@yahoo.com,1,0.0,Programming,Beginner,1,0,2025-05-21,2025-05-21,Single-Course (1)
U00081,smithdanny,18,18–25,Female,martinrhonda@yahoo.com,1,0.0,Design,Advanced,1,0,2025-07-09,2025-07-09,Single-Course (1)
U00082,susankidd,31,26–35,Male,jasonhicks@yahoo.com,1,0.0,Project Management,Beginner,1,0,2025-06-30,2025-06-30,Single-Course (1)
U00083,james92,16,<18,Male,kconrad@gmail.com,15,1661.3,Artificial Intelligence,Intermediate,7,8,2025-01-06,2025-12-08,Power Learner (8+)
U00084,xperez,20,18–25,Male,ericafrank@yahoo.com,1,327.99,Project Management,Beginner,0,1,2025-02-11,2025-02-11,Single-Course (1)
U00085,scottluna,22,18–25,Female,adam86@yahoo.com,13,1149.12,Cybersecurity,Beginner,9,4,2025-01-01,2025-12-30,Power Learner (8+)
U00086,nicole62,27,26–35,Female,anewton@yahoo.com,4,53.86,Business,Advanced,3,1,2025-06-13,2025-11-21,Active (4-7)
U00087,sjoseph,19,18–25,Female,jacqueline74@yahoo.com,3,0.0,Machine Learning,Intermediate,3,0,2025-05-29,2025-09-02,Moderate (2-3)
U00088,tgarcia,23,18–25,Male,debrawilson@yahoo.com,1,0.0,Artificial Intelligence,Beginner,1,0,2025-01-26,2025-01-26,Single-Course (1)
U00089,austinspears,30,26–35,Male,browningjennifer@hotmail.com,1,0.0,Machine Learning,Intermediate,1,0,2025-05-16,2025-05-16,Single-Course (1)
U00090,sethchavez,34,26–35,Male,teresa45@outlook.com,1,0.0,Project Management,Intermediate,1,0,2025-11-17,2025-11-17,Single-Course (1)
U00091,joseph88,35,26–35,Male,owenspatricia@gmail.com,1,0.0,Finance,Beginner,1,0,2025-10-30,2025-10-30,Single-Course (1)
U00092,carl44,31,26–35,Male,sabrina47@yahoo.com,4,594.81,Artificial Intelligence,Beginner,2,2,2025-06-02,2025-08-29,Active (4-7)
U00093,sextonelizabeth,16,<18,Male,thomas52@gmail.com,1,285.05,Business,Beginner,0,1,2025-06-23,2025-06-23,Single-Course (1)
U00094,qtaylor,27,26–35,Male,vasquezdavid@yahoo.com,1,299.57,Data Science,Beginner,0,1,2025-02-11,2025-02-11,Single-Course (1)
U00095,ojohnson,20,18–25,Male,chloe04@yahoo.com,1,248.1,Artificial Intelligence,Beginner,0,1,2025-06-06,2025-06-06,Single-Course (1)
U00096,wesley99,34,26–35,Female,xdavis@hotmail.com,4,0.0,Machine Learning,Beginner,4,0,2025-05-23,2025-11-27,Active (4-7)
U00097,donnawilliams,25,18–25,Male,guzmanchristine@gmail.com,2,0.0,Cybersecurity,Advanced,2,0,2025-07-07,2025-07-10,Moderate (2-3)
U00098,sarah43,31,26–35,Male,natasha16@yahoo.com,1,0.0,Design,Advanced,1,0,2025-05-26,2025-05-26,Single-Course (1)
U00099,wharrison,29,26–35,Female,robertsshawn@yahoo.com,1,299.57,Data Science,Beginner,0,1,2025-08-22,2025-08-22,Single-Course (1)
U00100,swallace,32,26–35,Female,douglascampbell@outlook.com,1,0.0,Digital Marketing,Beginner,1,0,2025-09-21,2025-09-21,Single-Course (1)
U00101,rosejames,15,<18,Female,wilcoxrita@yahoo.com,1,89.59,Artificial Intelligence,Intermediate,0,1,2025-03-07,2025-03-07,Single-Course (1)
U00102,vweiss,32,26–35,Male,cherylking@yahoo.com,1,299.57,Data Science,Beginner,0,1,2025-10-01,2025-10-01,Single-Course (1)
U00103,felicia29,30,26–35,Female,ssims@hotmail.com,1,0.0,Business,Advanced,1,0,2025-02-16,2025-02-16,Single-Course (1)
U00104,diazsara,19,18–25,Male,mosschad@yahoo.com,1,53.86,Finance,Beginner,0,1,2025-10-29,2025-10-29,Single-Course (1)
U00105,smithjacqueline,27,26–35,Male,robinfranklin@outlook.com,1,299.57,Data Science,Beginner,0,1,2025-07-21,2025-07-21,Single-Course (1)
U00106,sharonmurphy,19,18–25,Male,cathy60@yahoo.com,2,57.32,Digital Marketing,Beginner,1,1,2025-10-22,2025-12-01,Moderate (2-3)
U00107,hayley84,18,18–25,Female,wwood@hotmail.com,1,0.0,Programming,Beginner,1,0,2025-07-26,2025-07-26,Single-Course (1)
U00108,jowen,32,26–35,Male,jasonjordan@yahoo.com,2,0.0,Design,Beginner,2,0,2025-01-04,2025-08-16,Moderate (2-3)
U00109,amyschmidt,15,<18,Female,alicia06@yahoo.com,14,869.77,Data Science,Beginner,11,3,2025-02-11,2025-12-10,Power Learner (8+)
U00110,thorntondaniel,26,26–35,Female,kellywilson@hotmail.com,1,487.92,Business,Advanced,0,1,2025-12-05,2025-12-05,Single-Course (1)
U00111,cynthia90,24,18–25,Male,kayla61@outlook.com,1,0.0,Digital Marketing,Beginner,1,0,2025-06-28,2025-06-28,Single-Course (1)
U00112,williamswilliam,34,26–35,Female,qmiller@yahoo.com,14,565.8,Data Science,Beginner,11,3,2025-02-22,2025-12-26,Power Learner (8+)
U00113,becky55,19,18–25,Male,lclark@hotmail.com,1,346.71,Project Management,Advanced,0,1,2025-04-14,2025-04-14,Single-Course (1)
U00114,lvasquez,22,18–25,Female,markwilliams@hotmail.com,1,0.0,Cybersecurity,Advanced,1,0,2025-02-22,2025-02-22,Single-Course (1)
U00115,mitchellswanson,32,26–35,Female,danielmathews@hotmail.com,1,0.0,Machine Learning,Intermediate,1,0,2025-08-02,2025-08-02,Single-Course (1)
U00116,schultzaustin,31,26–35,Male,psmith@outlook.com,1,0.0,Design,Advanced,1,0,2025-04-27,2025-04-27,Single-Course (1)
U00117,kristin26,19,18–25,Female,megan10@gmail.com,13,1885.87,Cybersecurity,Beginner,6,7,2025-03-20,2025-12-05,Power Learner (8+)
U00118,morankevin,28,26–35,Female,marquezwilliam@hotmail.com,1,0.0,Business,Advanced,1,0,2025-03-12,2025-03-12,Single-Course (1)
U00119,phillipsrobert,28,26–35,Male,wlee@yahoo.com,1,57.32,Web Development,Advanced,0,1,2025-06-11,2025-06-11,Single-Course (1)
U00120,faguilar,15,<18,Male,ashley54@gmail.com,2,415.51,Artificial Intelligence,Beginner,1,1,2025-03-06,2025-04-09,Moderate (2-3)
U00121,htanner,27,26–35,Female,donaldbrennan@hotmail.com,2,328.77,Machine Learning,Beginner,0,2,2025-06-08,2025-11-22,Moderate (2-3)
U00122,derekgreer,21,18–25,Female,elizabeth42@gmail.com,2,0.0,Digital Marketing,Beginner,2,0,2025-02-02,2025-10-24,Moderate (2-3)
U00123,richardsonjames,18,18–25,Female,dillonleslie@outlook.com,2,356.89,Data Science,Beginner,0,2,2025-05-02,2025-10-21,Moderate (2-3)
U00124,christinagilbert,19,18–25,Female,brendanaustin@yahoo.com,2,460.49,Artificial Intelligence,Beginner,0,2,2025-02-28,2025-09-07,Moderate (2-3)
U00125,michelle70,35,26–35,Female,simsbruce@yahoo.com,2,326.02,Business,Intermediate,1,1,2025-03-06,2025-03-21,Moderate (2-3)
U00126,zhall,23,18–25,Female,juliecervantes@yahoo.com,14,1084.57,Digital Marketing,Beginner,9,5,2025-01-06,2025-12-14,Power Learner (8+)
U00127,brian60,34,26–35,Female,annablair@hotmail.com,3,903.4300000000001,Artificial Intelligence,Advanced,1,2,2025-06-08,2025-10-11,Moderate (2-3)
U00128,misty15,35,26–35,Female,thomasharris@yahoo.com,13,1813.6499999999999,Artificial Intelligence,Beginner,7,6,2025-01-03,2025-12-10,Power Learner (8+)
U00129,sabrinawilson,19,18–25,Male,alvaradokevin@gmail.com,2,415.51,Artificial Intelligence,Intermediate,1,1,2025-01-23,2025-03-19,Moderate (2-3)
U00130,eherring,17,<18,Male,joshua83@yahoo.com,1,248.1,Artificial Intelligence,Beginner,0,1,2025-01-16,2025-01-16,Single-Course (1)
U00131,chelsea48,19,18–25,Male,stephaniedougherty@gmail.com,1,0.0,Business,Advanced,1,0,2025-10-24,2025-10-24,Single-Course (1)
U00132,kathysharp,22,18–25,Male,sean85@yahoo.com,1,0.0,Machine Learning,Beginner,1,0,2025-10-21,2025-10-21,Single-Course (1)
U00133,mccarthyscott,21,18–25,Male,raymondthomas@gmail.com,14,828.33,Marketing,Beginner,9,5,2025-02-28,2025-12-30,Power Learner (8+)
U00134,syoung,26,26–35,Female,kroy@gmail.com,14,1438.21,Finance,Advanced,7,7,2025-01-28,2025-12-30,Power Learner (8+)
U00135,josephmichael,17,<18,Female,clarknicholas@gmail.com,1,0.0,Data Science,Intermediate,1,0,2025-07-07,2025-07-07,Single-Course (1)
U00136,millerleslie,25,18–25,Female,william31@gmail.com,1,0.0,Business,Advanced,1,0,2025-03-23,2025-03-23,Single-Course (1)
U00137,lawrencesanchez,15,<18,Female,donaldtaylor@outlook.com,2,460.29,Data Science,Intermediate,0,2,2025-09-10,2025-12-28,Moderate (2-3)
U00138,sarafuentes,26,26–35,Male,ugonzales@gmail.com,2,0.0,Design,Beginner,2,0,2025-01-21,2025-08-11,Moderate (2-3)
U00139,qharrell,16,<18,Female,daniel87@yahoo.com,4,248.1,Artificial Intelligence,Beginner,3,1,2025-01-05,2025-11-13,Active (4-7)
U00140,william81,24,18–25,Female,ewalker@hotmail.com,2,53.86,Digital Marketing,Beginner,1,1,2025-02-19,2025-03-26,Moderate (2-3)
U00141,jenkinswilliam,20,18–25,Male,nicolerodriguez@gmail.com,1,0.0,Programming,Beginner,1,0,2025-02-06,2025-02-06,Single-Course (1)
U00142,brian08,17,<18,Female,stephenhenry@gmail.com,1,472.28,Programming,Beginner,0,1,2025-01-20,2025-01-20,Single-Course (1)
U00143,sherri37,26,26–35,Male,lopezbrian@outlook.com,2,177.34,Cybersecurity,Beginner,1,1,2025-05-09,2025-07-16,Moderate (2-3)
U00144,rodgerspaul,24,18–25,Female,amy66@hotmail.com,13,953.6700000000001,Finance,Intermediate,10,3,2025-01-11,2025-12-28,Power Learner (8+)
U00145,shawnbrown,23,18–25,Female,amandasingh@yahoo.com,1,0.0,Cybersecurity,Beginner,1,0,2025-02-26,2025-02-26,Single-Course (1)
U00146,ihernandez,30,26–35,Female,rgarcia@outlook.com,1,0.0,Digital Marketing,Beginner,1,0,2025-11-18,2025-11-18,Single-Course (1)
U00147,patricklaura,30,26–35,Male,barbarapatterson@yahoo.com,12,1195.6799999999998,Data Science,Beginner,8,4,2025-02-06,2025-12-29,Power Learner (8+)
U00148,andersenmichael,35,26–35,Female,rsmith@outlook.com,1,0.0,Data Science,Intermediate,1,0,2025-02-05,2025-02-05,Single-Course (1)
U00149,jacksonanthony,17,<18,Female,yspencer@gmail.com,10,906.41,Artificial Intelligence,Advanced,8,2,2025-01-20,2025-12-06,Power Learner (8+)
U00150,nsmith,25,18–25,Male,zjefferson@gmail.com,2,0.0,Cybersecurity,Intermediate,2,0,2025-09-26,2025-12-06,Moderate (2-3)
U00151,johnjohnson,16,<18,Female,heathrodney@hotmail.com,1,0.0,Digital Marketing,Beginner,1,0,2025-02-27,2025-02-27,Single-Course (1)
U00152,hhill,19,18–25,Female,keith03@outlook.com,12,1368.9199999999998,Cybersecurity,Beginner,7,5,2025-01-19,2025-12-29,Power Learner (8+)
U00153,scottgilbert,35,26–35,Male,sextondillon@yahoo.com,2,37.89,Programming,Beginner,1,1,2025-02-21,2025-12-16,Moderate (2-3)
U00154,jessicabailey,29,26–35,Male,colleen99@outlook.com,1,248.1,Artificial Intelligence,Beginner,0,1,2025-02-24,2025-02-24,Single-Course (1)
U00155,browningstephanie,27,26–35,Male,cindy51@gmail.com,2,0.0,Finance,Beginner,2,0,2025-01-19,2025-05-19,Moderate (2-3)
U00156,phill,17,<18,Male,natalie68@outlook.com,1,0.0,Finance,Advanced,1,0,2025-02-13,2025-02-13,Single-Course (1)
U00157,derek60,32,26–35,Female,dhall@hotmail.com,2,212.39,Cybersecurity,Intermediate,1,1,2025-05-07,2025-12-18,Moderate (2-3)
U00158,nicholas56,35,26–35,Female,lisa06@yahoo.com,1,0.0,Programming,Beginner,1,0,2025-05-24,2025-05-24,Single-Course (1)
U00159,rodriguezraymond,16,<18,Male,richardsonwilliam@yahoo.com,2,53.86,Finance,Beginner,1,1,2025-03-09,2025-04-16,Moderate (2-3)
U00160,kingspencer,28,26–35,Female,gillvalerie@yahoo.com,1,327.99,Project Management,Beginner,0,1,2025-12-16,2025-12-16,Single-Course (1)
U00161,lawrence17,25,18–25,Female,tstone@outlook.com,11,605.6,Business,Advanced,9,2,2025-01-30,2025-12-28,Power Learner (8+)
U00162,charlesayala,26,26–35,Male,kmyers@gmail.com,1,0.0,Finance,Advanced,1,0,2025-05-01,2025-05-01,Single-Course (1)
U00163,clinejacqueline,32,26–35,Female,johnsonshelly@hotmail.com,1,0.0,Project Management,Intermediate,1,0,2025-07-20,2025-07-20,Single-Course (1)
U00164,james63,32,26–35,Male,jessica46@outlook.com,2,0.0,Machine Learning,Intermediate,2,0,2025-05-15,2025-09-11,Moderate (2-3)
U00165,wcarroll,30,26–35,Male,angela19@hotmail.com,4,419.82000000000005,Artificial Intelligence,Intermediate,1,3,2025-03-23,2025-07-25,Active (4-7)
U00166,campbellkelsey,33,26–35,Male,hinesjoshua@gmail.com,15,248.88,Machine Learning,Intermediate,13,2,2025-01-03,2025-12-11,Power Learner (8+)
U00167,rogersjohn,31,26–35,Female,jonathan94@hotmail.com,1,0.0,Cybersecurity,Beginner,1,0,2025-11-16,2025-11-16,Single-Course (1)
U00168,gillespiekimberly,24,18–25,Female,michael38@outlook.com,1,326.02,Business,Intermediate,0,1,2025-09-20,2025-09-20,Single-Course (1)
U00169,vasquezjohn,24,18–25,Male,youngmaurice@yahoo.com,13,567.16,Design,Advanced,10,3,2025-02-15,2025-12-16,Power Learner (8+)
U00170,millerdavid,34,26–35,Female,mark06@hotmail.com,3,0.0,Programming,Beginner,3,0,2025-02-15,2025-08-09,Moderate (2-3)
U00171,egardner,24,18–25,Male,obrienmolly@outlook.com,2,0.0,Project Management,Beginner,2,0,2025-06-24,2025-09-29,Moderate (2-3)
U00172,nglass,35,26–35,Female,charleshernandez@hotmail.com,1,0.0,Machine Learning,Intermediate,1,0,2025-11-07,2025-11-07,Single-Course (1)
U00173,fernando38,31,26–35,Male,patriciagarcia@gmail.com,14,1094.82,Artificial Intelligence,Beginner,11,3,2025-01-21,2025-12-12,Power Learner (8+)
U00174,michelle60,29,26–35,Male,sgriffith@yahoo.com,1,212.39,Digital Marketing,Advanced,0,1,2025-12-26,2025-12-26,Single-Course (1)
U00175,xlambert,32,26–35,Female,leonardlisa@gmail.com,2,490.9,Artificial Intelligence,Beginner,1,1,2025-01-01,2025-10-07,Moderate (2-3)
U00176,gary81,34,26–35,Male,jameshartman@hotmail.com,1,0.0,Project Management,Beginner,1,0,2025-07-27,2025-07-27,Single-Course (1)
U00177,torreschristine,29,26–35,Female,adriana95@yahoo.com,14,1526.5399999999997,Finance,Beginner,7,7,2025-03-06,2025-12-05,Power Learner (8+)
U00178,gonzaleslisa,20,18–25,Male,robertspencer@outlook.com,14,236.72000000000003,Data Science,Beginner,12,2,2025-02-08,2025-11-14,Power Learner (8+)
U00179,mariaavila,34,26–35,Male,tpineda@outlook.com,2,487.92,Business,Intermediate,1,1,2025-08-27,2025-11-18,Moderate (2-3)
U00180,xglenn,26,26–35,Female,bruce16@hotmail.com,1,0.0,Machine Learning,Intermediate,1,0,2025-09-26,2025-09-26,Single-Course (1)
U00181,stephanie98,32,26–35,Female,angela26@yahoo.com,1,299.57,Data Science,Beginner,0,1,2025-11-06,2025-11-06,Single-Course (1)
U00182,nancyibarra,28,26–35,Female,rmadden@gmail.com,1,0.0,Finance,Intermediate,1,0,2025-01-21,2025-01-21,Single-Course (1)
U00183,christopherhall,33,26–35,Male,virginia17@outlook.com,1,0.0,Machine Learning,Intermediate,1,0,2025-07-02,2025-07-02,Single-Course (1)
U00184,kroth,28,26–35,Male,nrhodes@hotmail.com,1,0.0,Cybersecurity,Advanced,1,0,2025-05-07,2025-05-07,Single-Course (1)
U00185,jwalls,27,26–35,Male,carrillomichael@outlook.com,1,57.32,Web Development,Advanced,0,1,2025-04-19,2025-04-19,Single-Course (1)
U00186,alexbrown,28,26–35,Female,nortonlisa@outlook.com,2,326.02,Business,Intermediate,1,1,2025-09-10,2025-12-21,Moderate (2-3)
U00187,taylor05,18,18–25,Male,staceygiles@hotmail.com,1,472.28,Programming,Beginner,0,1,2025-06-18,2025-06-18,Single-Course (1)
U00188,robertsedward,18,18–25,Male,wschmidt@gmail.com,1,0.0,Design,Advanced,1,0,2025-11-07,2025-11-07,Single-Course (1)
U00189,latoya45,18,18–25,Male,normangabriela@hotmail.com,1,0.0,Finance,Advanced,1,0,2025-08-18,2025-08-18,Single-Course (1)
U00190,hroberts,25,18–25,Female,hcabrera@yahoo.com,1,487.92,Business,Advanced,0,1,2025-03-30,2025-03-30,Single-Course (1)
U00191,foleypaul,34,26–35,Male,jeremycole@gmail.com,12,2258.7,Project Management,Beginner,6,6,2025-01-16,2025-11-22,Power Learner (8+)
U00192,nathanieldorsey,17,<18,Male,briannarichardson@yahoo.com,14,680.0699999999999,Web Development,Beginner,11,3,2025-01-15,2025-11-29,Power Learner (8+)
U00193,stevenjames,33,26–35,Male,carriedrake@yahoo.com,1,0.0,Marketing,Advanced,1,0,2025-06-24,2025-06-24,Single-Course (1)
U00194,carolynpage,35,26–35,Male,jacksonandrew@outlook.com,1,0.0,Data Science,Intermediate,1,0,2025-02-07,2025-02-07,Single-Course (1)
U00195,stewartlisa,15,<18,Male,powens@outlook.com,1,346.71,Project Management,Advanced,0,1,2025-07-10,2025-07-10,Single-Course (1)
U00196,susan34,23,18–25,Female,alexandragreen@outlook.com,1,394.26,Cybersecurity,Intermediate,0,1,2025-07-04,2025-07-04,Single-Course (1)
U00197,parksderek,35,26–35,Female,michaelwallace@hotmail.com,1,0.0,Data Science,Intermediate,1,0,2025-03-04,2025-03-04,Single-Course (1)
U00198,brian71,30,26–35,Female,lewismargaret@hotmail.com,12,1242.34,Finance,Beginner,8,4,2025-02-16,2025-12-05,Power Learner (8+)
U00199,millerstephanie,24,18–25,Female,davisjeremy@gmail.com,1,0.0,Programming,Intermediate,1,0,2025-05-06,2025-05-06,Single-Course (1)
U00200,ronald67,32,26–35,Male,bobbymurphy@outlook.com,4,269.71,Design,Advanced,2,2,2025-01-22,2025-12-18,Active (4-7)
U00201,yalvarado,16,<18,Male,orosales@gmail.com,3,691.88,Artificial Intelligence,Beginner,1,2,2025-01-09,2025-04-26,Moderate (2-3)
U00202,awilson,28,26–35,Female,harrisrichard@yahoo.com,1,0.0,Programming,Beginner,1,0,2025-11-17,2025-11-17,Single-Course (1)
U00203,samantha00,25,18–25,Female,ybyrd@yahoo.com,2,326.02,Business,Beginner,1,1,2025-01-10,2025-07-22,Moderate (2-3)
U00204,loribates,28,26–35,Female,robertmitchell@gmail.com,1,0.0,Finance,Advanced,1,0,2025-10-01,2025-10-01,Single-Course (1)
U00205,christinecampbell,32,26–35,Male,markmahoney@outlook.com,1,342.61,Project Management,Intermediate,0,1,2025-06-12,2025-06-12,Single-Course (1)
U00206,lisa94,19,18–25,Female,morriscindy@outlook.com,1,89.59,Artificial Intelligence,Intermediate,0,1,2025-05-06,2025-05-06,Single-Course (1)
U00207,evelyn98,33,26–35,Male,carsonjamie@yahoo.com,2,177.34,Digital Marketing,Beginner,1,1,2025-07-17,2025-11-11,Moderate (2-3)
U00208,kingrobin,18,18–25,Female,jamesholt@yahoo.com,15,507.61999999999995,Data Science,Beginner,11,4,2025-02-06,2025-12-07,Power Learner (8+)
U00209,parkssarah,26,26–35,Male,padillakathy@hotmail.com,1,0.0,Business,Advanced,1,0,2025-08-14,2025-08-14,Single-Course (1)
U00210,mscott,30,26–35,Male,umitchell@hotmail.com,2,37.89,Machine Learning,Intermediate,1,1,2025-02-20,2025-03-29,Moderate (2-3)
U00211,maryspencer,22,18–25,Male,amandabrown@gmail.com,1,0.0,Project Management,Beginner,1,0,2025-03-25,2025-03-25,Single-Course (1)
U00212,mike97,30,26–35,Female,loriknight@yahoo.com,2,0.0,Programming,Beginner,2,0,2025-04-24,2025-07-04,Moderate (2-3)
U00213,susan03,15,<18,Male,serranotammy@hotmail.com,2,299.57,Data Science,Beginner,1,1,2025-06-12,2025-07-11,Moderate (2-3)
U00214,danielle41,24,18–25,Female,annaparker@gmail.com,1,89.59,Artificial Intelligence,Intermediate,0,1,2025-10-27,2025-10-27,Single-Course (1)
U00215,sandra29,28,26–35,Male,hatfieldmark@hotmail.com,1,326.02,Business,Intermediate,0,1,2025-07-29,2025-07-29,Single-Course (1)
U00216,taylorelizabeth,23,18–25,Male,peckamy@outlook.com,16,1405.8700000000001,Programming,Beginner,12,4,2025-01-16,2025-12-30,Power Learner (8+)
U00217,garychandler,28,26–35,Male,carla25@outlook.com,1,37.89,Web Development,Advanced,0,1,2025-05-02,2025-05-02,Single-Course (1)
U00218,gregory81,15,<18,Female,lisa37@hotmail.com,1,0.0,Marketing,Intermediate,1,0,2025-10-06,2025-10-06,Single-Course (1)
U00219,daniellebishop,23,18–25,Female,josephlawrence@outlook.com,1,0.0,Design,Beginner,1,0,2025-02-02,2025-02-02,Single-Course (1)
U00220,laura88,20,18–25,Male,dlewis@hotmail.com,15,300.34999999999997,Programming,Beginner,13,2,2025-02-02,2025-12-27,Power Learner (8+)
U00221,lgallagher,27,26–35,Male,youngtammy@gmail.com,1,0.0,Design,Advanced,1,0,2025-11-28,2025-11-28,Single-Course (1)
U00222,bentonkatrina,28,26–35,Male,flowe@outlook.com,1,0.78,Machine Learning,Advanced,0,1,2025-09-03,2025-09-03,Single-Course (1)
U00223,patricia65,35,26–35,Female,yolandaglenn@outlook.com,1,0.0,Finance,Intermediate,1,0,2025-05-20,2025-05-20,Single-Course (1)
U00224,denisebailey,15,<18,Female,devin32@gmail.com,1,490.9,Artificial Intelligence,Beginner,0,1,2025-11-21,2025-11-21,Single-Course (1)
U00225,sheila72,18,18–25,Male,fpark@yahoo.com,1,0.0,Finance,Intermediate,1,0,2025-09-21,2025-09-21,Single-Course (1)
U00226,marioperez,34,26–35,Female,jdougherty@hotmail.com,1,346.71,Project Management,Advanced,0,1,2025-11-06,2025-11-06,Single-Course (1)
U00227,victoria90,23,18–25,Male,alyssahoward@gmail.com,2,0.0,Design,Beginner,2,0,2025-03-04,2025-06-04,Moderate (2-3)
U00228,joshuarangel,18,18–25,Male,jaredpeters@yahoo.com,1,117.68,Data Science,Advanced,0,1,2025-11-30,2025-11-30,Single-Course (1)
U00229,charles00,22,18–25,Male,nielsenelizabeth@gmail.com,2,0.0,Data Science,Beginner,2,0,2025-01-18,2025-05-22,Moderate (2-3)
U00230,karen41,17,<18,Female,swansonlisa@hotmail.com,2,119.04,Digital Marketing,Beginner,1,1,2025-11-01,2025-11-28,Moderate (2-3)
U00231,rodgersdaniel,16,<18,Male,richard17@hotmail.com,2,213.17,Digital Marketing,Advanced,0,2,2025-03-30,2025-06-27,Moderate (2-3)
U00232,timothywatkins,26,26–35,Female,lisarodriguez@yahoo.com,1,0.0,Cybersecurity,Advanced,1,0,2025-04-09,2025-04-09,Single-Course (1)
U00233,robinsonmichael,32,26–35,Male,virginiataylor@outlook.com,1,119.04,Finance,Intermediate,0,1,2025-11-06,2025-11-06,Single-Course (1)
U00234,emily05,32,26–35,Male,whuynh@outlook.com,2,326.02,Business,Intermediate,1,1,2025-02-28,2025-09-23,Moderate (2-3)
U00235,williamscharles,34,26–35,Male,joneschristopher@outlook.com,3,472.28,Programming,Beginner,2,1,2025-03-21,2025-08-03,Moderate (2-3)
U00236,colin32,25,18–25,Female,vmora@yahoo.com,1,394.26,Cybersecurity,Intermediate,0,1,2025-12-11,2025-12-11,Single-Course (1)
U00237,anthony70,20,18–25,Male,meghan00@gmail.com,1,0.0,Business,Advanced,1,0,2025-11-27,2025-11-27,Single-Course (1)
U00238,joshuaescobar,24,18–25,Female,isaiahwest@outlook.com,15,1872.9199999999998,Business,Beginner,8,7,2025-01-12,2025-12-14,Power Learner (8+)
U00239,vberg,32,26–35,Female,angelagonzalez@outlook.com,1,0.0,Digital Marketing,Beginner,1,0,2025-05-01,2025-05-01,Single-Course (1)
U00240,ismith,34,26–35,Female,sullivansean@hotmail.com,2,0.0,Business,Intermediate,2,0,2025-01-17,2025-08-10,Moderate (2-3)
U00241,thomascummings,23,18–25,Female,brandyjones@yahoo.com,2,0.0,Cybersecurity,Beginner,2,0,2025-02-18,2025-06-30,Moderate (2-3)
U00242,wernerjesus,27,26–35,Male,joe20@gmail.com,2,266.93,Artificial Intelligence,Intermediate,0,2,2025-01-18,2025-03-27,Moderate (2-3)
U00243,thomastimothy,24,18–25,Female,upennington@gmail.com,1,177.34,Digital Marketing,Advanced,0,1,2025-01-12,2025-01-12,Single-Course (1)
U00244,josemartinez,28,26–35,Male,rebeccalamb@outlook.com,1,276.37,Design,Advanced,0,1,2025-03-02,2025-03-02,Single-Course (1)
U00245,twilson,31,26–35,Female,kimberly44@gmail.com,1,0.0,Finance,Beginner,1,0,2025-07-20,2025-07-20,Single-Course (1)
U00246,william30,31,26–35,Male,jennifer12@gmail.com,1,472.28,Programming,Beginner,0,1,2025-05-09,2025-05-09,Single-Course (1)
U00247,edwardsadam,30,26–35,Female,jessicaadams@gmail.com,1,0.0,Marketing,Advanced,1,0,2025-05-29,2025-05-29,Single-Course (1)
U00248,christopher76,17,<18,Male,kaylafuentes@yahoo.com,1,0.0,Finance,Advanced,1,0,2025-08-28,2025-08-28,Single-Course (1)
U00249,donaldmccoy,35,26–35,Female,zparsons@hotmail.com,1,0.0,Programming,Beginner,1,0,2025-08-10,2025-08-10,Single-Course (1)
U00250,gregorypierce,21,18–25,Male,mark81@hotmail.com,1,342.61,Project Management,Intermediate,0,1,2025-09-22,2025-09-22,Single-Course (1)
U00251,summersjamie,28,26–35,Female,daniel37@outlook.com,13,1310.5700000000002,Finance,Beginner,7,6,2025-01-04,2025-12-26,Power Learner (8+)
U00252,millermary,29,26–35,Female,jasonnelson@hotmail.com,1,0.0,Design,Advanced,1,0,2025-01-21,2025-01-21,Single-Course (1)
U00253,ymcgrath,19,18–25,Male,steven91@gmail.com,1,0.0,Digital Marketing,Intermediate,1,0,2025-02-27,2025-02-27,Single-Course (1)
U00254,yatesadrian,19,18–25,Female,josephgraham@hotmail.com,1,0.0,Cybersecurity,Beginner,1,0,2025-08-02,2025-08-02,Single-Course (1)
U00255,fschmidt,26,26–35,Female,zharper@gmail.com,1,394.26,Cybersecurity,Intermediate,0,1,2025-07-12,2025-07-12,Single-Course (1)
U00256,pearsonannette,35,26–35,Female,humphreyjennifer@gmail.com,1,0.0,Design,Beginner,1,0,2025-03-26,2025-03-26,Single-Course (1)
U00257,danielle50,29,26–35,Male,jennifer70@outlook.com,1,0.0,Project Management,Intermediate,1,0,2025-11-26,2025-11-26,Single-Course (1)
U00258,marilynbailey,19,18–25,Male,paulkeller@gmail.com,1,117.68,Data Science,Advanced,0,1,2025-11-12,2025-11-12,Single-Course (1)
U00259,jennifershaw,35,26–35,Male,christopher75@gmail.com,1,342.61,Project Management,Intermediate,0,1,2025-06-07,2025-06-07,Single-Course (1)
U00260,heather26,35,26–35,Male,denisesmith@yahoo.com,15,2445.2000000000003,Design,Beginner,7,8,2025-01-15,2025-11-23,Power Learner (8+)
U00261,darrell83,28,26–35,Female,walkerjames@gmail.com,1,0.0,Machine Learning,Beginner,1,0,2025-11-07,2025-11-07,Single-Course (1)
U00262,dawnsawyer,24,18–25,Male,robertpotter@gmail.com,1,0.0,Cybersecurity,Intermediate,1,0,2025-12-06,2025-12-06,Single-Course (1)
U00263,chapmanjennifer,15,<18,Male,brucejacqueline@gmail.com,4,0.0,Data Science,Intermediate,4,0,2025-02-01,2025-11-16,Active (4-7)
U00264,mmullen,18,18–25,Female,wrightmargaret@outlook.com,3,0.0,Cybersecurity,Intermediate,3,0,2025-03-12,2025-11-23,Moderate (2-3)
U00265,william96,15,<18,Male,kristenmaxwell@hotmail.com,14,2087.85,Digital Marketing,Intermediate,7,7,2025-01-08,2025-12-20,Power Learner (8+)
U00266,fstephens,25,18–25,Female,omann@hotmail.com,1,212.39,Digital Marketing,Advanced,0,1,2025-06-23,2025-06-23,Single-Course (1)
U00267,amandataylor,34,26–35,Male,colemanjennifer@outlook.com,4,906.53,Business,Advanced,1,3,2025-01-01,2025-09-05,Active (4-7)
U00268,donna26,29,26–35,Female,andrewmorris@gmail.com,1,0.0,Data Science,Intermediate,1,0,2025-05-22,2025-05-22,Single-Course (1)
U00269,brandonharper,22,18–25,Female,laura67@yahoo.com,1,0.0,Cybersecurity,Intermediate,1,0,2025-06-03,2025-06-03,Single-Course (1)
U00270,karenpratt,23,18–25,Male,reyesmorgan@outlook.com,1,0.0,Web Development,Advanced,1,0,2025-02-09,2025-02-09,Single-Course (1)
U00271,ldurham,15,<18,Male,martinezrenee@yahoo.com,1,0.0,Digital Marketing,Beginner,1,0,2025-06-11,2025-06-11,Single-Course (1)
U00272,wvasquez,25,18–25,Male,ashley40@yahoo.com,13,1229.2,Digital Marketing,Advanced,7,6,2025-02-24,2025-12-21,Power Learner (8+)
U00273,wattsphilip,25,18–25,Female,jessicabrown@hotmail.com,1,0.0,Digital Marketing,Beginner,1,0,2025-02-24,2025-02-24,Single-Course (1)
U00274,john92,32,26–35,Female,tcole@outlook.com,2,177.34,Business,Advanced,1,1,2025-04-07,2025-09-02,Moderate (2-3)
U00275,benjaminmendoza,28,26–35,Female,stevenroberts@gmail.com,1,0.0,Marketing,Advanced,1,0,2025-12-15,2025-12-15,Single-Course (1)
U00276,cassandrayoung,22,18–25,Female,hilljames@outlook.com,1,299.57,Data Science,Beginner,0,1,2025-03-20,2025-03-20,Single-Course (1)
U00277,oriddle,21,18–25,Male,jeremy92@hotmail.com,1,0.0,Marketing,Advanced,1,0,2025-06-10,2025-06-10,Single-Course (1)
U00278,erikayoung,27,26–35,Male,cynthia53@hotmail.com,1,0.0,Programming,Beginner,1,0,2025-08-15,2025-08-15,Single-Course (1)
U00279,mackenzie39,24,18–25,Male,hdavis@gmail.com,3,295.02,Data Science,Advanced,1,2,2025-01-10,2025-08-18,Moderate (2-3)
U00280,psnyder,15,<18,Male,josephtammy@hotmail.com,1,299.57,Data Science,Beginner,0,1,2025-04-11,2025-04-11,Single-Course (1)
U00281,bailey28,30,26–35,Female,christopher14@yahoo.com,1,0.0,Marketing,Intermediate,1,0,2025-06-18,2025-06-18,Single-Course (1)
U00282,eandrews,19,18–25,Male,jeremy00@outlook.com,14,1034.17,Business,Advanced,9,5,2025-03-02,2025-12-23,Power Learner (8+)
U00283,mryan,28,26–35,Male,xcordova@hotmail.com,2,0.0,Digital Marketing,Beginner,2,0,2025-07-09,2025-08-15,Moderate (2-3)
U00284,gallaghergregory,30,26–35,Male,emily63@hotmail.com,1,342.61,Project Management,Intermediate,0,1,2025-01-19,2025-01-19,Single-Course (1)
U00285,lunabrandon,29,26–35,Female,andersonjessica@outlook.com,1,57.32,Web Development,Advanced,0,1,2025-01-21,2025-01-21,Single-Course (1)
U00286,angelaclark,24,18–25,Female,ejackson@hotmail.com,3,0.0,Web Development,Advanced,3,0,2025-03-07,2025-11-16,Moderate (2-3)
U00287,rkennedy,21,18–25,Female,syork@hotmail.com,2,0.0,Design,Intermediate,2,0,2025-03-05,2025-11-26,Moderate (2-3)
U00288,michellemartin,35,26–35,Male,brooksjeffrey@outlook.com,1,0.0,Cybersecurity,Intermediate,1,0,2025-01-28,2025-01-28,Single-Course (1)
U00289,christopher37,17,<18,Female,johnsonchad@hotmail.com,1,0.78,Machine Learning,Advanced,0,1,2025-08-17,2025-08-17,Single-Course (1)
U00290,frankalvarado,17,<18,Female,alex83@hotmail.com,3,57.32,Digital Marketing,Beginner,2,1,2025-02-27,2025-07-14,Moderate (2-3)
U00291,nicholas62,16,<18,Female,ygomez@hotmail.com,3,276.37,Artificial Intelligence,Beginner,2,1,2025-04-21,2025-09-18,Moderate (2-3)
U00292,andrewbrown,33,26–35,Male,natalie44@gmail.com,12,965.62,Cybersecurity,Intermediate,8,4,2025-01-23,2025-10-29,Power Learner (8+)
U00293,brian93,25,18–25,Female,reyesangela@gmail.com,13,1426.48,Machine Learning,Intermediate,7,6,2025-01-08,2025-12-10,Power Learner (8+)
U00294,traceybrown,21,18–25,Female,john01@gmail.com,1,0.0,Machine Learning,Intermediate,1,0,2025-07-05,2025-07-05,Single-Course (1)
U00295,jean02,29,26–35,Male,mark44@gmail.com,1,0.0,Machine Learning,Beginner,1,0,2025-06-06,2025-06-06,Single-Course (1)
U00296,marshallolivia,31,26–35,Female,bassjustin@gmail.com,2,177.34,Digital Marketing,Intermediate,1,1,2025-01-08,2025-05-17,Moderate (2-3)
U00297,mgarrett,29,26–35,Male,dclayton@hotmail.com,1,0.0,Digital Marketing,Beginner,1,0,2025-06-26,2025-06-26,Single-Course (1)
U00298,steven02,32,26–35,Male,torresjoseph@outlook.com,14,2020.42,Project Management,Intermediate,7,7,2025-01-06,2025-11-15,Power Learner (8+)
U00299,vincentadam,20,18–25,Female,mgreer@hotmail.com,1,0.0,Business,Advanced,1,0,2025-11-28,2025-11-28,Single-Course (1)
U00300,anthonyhess,26,26–35,Female,meagansalas@gmail.com,2,487.92,Business,Beginner,1,1,2025-12-03,2025-12-20,Moderate (2-3)
U00301,shale,26,26–35,Male,zprice@gmail.com,14,1201.43,Programming,Beginner,10,4,2025-01-12,2025-12-16,Power Learner (8+)
U00302,nelsonsamantha,34,26–35,Female,vjackson@yahoo.com,1,37.89,Web Development,Advanced,0,1,2025-04-16,2025-04-16,Single-Course (1)
U00303,fcollins,35,26–35,Male,benjamin32@yahoo.com,14,1085.94,Machine Learning,Advanced,9,5,2025-01-15,2025-10-27,Power Learner (8+)
U00304,lucaswilliam,35,26–35,Male,michael33@outlook.com,1,327.99,Project Management,Beginner,0,1,2025-07-16,2025-07-16,Single-Course (1)
U00305,ypeters,22,18–25,Male,jacquelinegonzalez@yahoo.com,1,0.0,Cybersecurity,Beginner,1,0,2025-11-12,2025-11-12,Single-Course (1)
U00306,aaronfrazier,28,26–35,Male,jsimmons@yahoo.com,1,0.0,Finance,Beginner,1,0,2025-12-22,2025-12-22,Single-Course (1)
U00307,orichardson,33,26–35,Female,kevinrobinson@hotmail.com,1,0.0,Programming,Intermediate,1,0,2025-08-29,2025-08-29,Single-Course (1)
U00308,carrollwalter,26,26–35,Male,kimberly41@gmail.com,4,790.47,Artificial Intelligence,Beginner,2,2,2025-01-14,2025-11-11,Active (4-7)
U00309,gilbertjoseph,27,26–35,Male,jenny26@gmail.com,1,342.61,Project Management,Intermediate,0,1,2025-04-26,2025-04-26,Single-Course (1)
U00310,davidbarrera,26,26–35,Female,aray@yahoo.com,11,465.16999999999996,Data Science,Advanced,8,3,2025-04-04,2025-12-21,Power Learner (8+)
U00311,mandy48,18,18–25,Female,mcfarlandangela@gmail.com,1,0.0,Business,Advanced,1,0,2025-07-05,2025-07-05,Single-Course (1)
U00312,hallerin,30,26–35,Female,jflores@outlook.com,1,0.0,Project Management,Intermediate,1,0,2025-06-30,2025-06-30,Single-Course (1)
U00313,qsmith,29,26–35,Female,anngrant@gmail.com,1,0.0,Digital Marketing,Intermediate,1,0,2025-09-16,2025-09-16,Single-Course (1)
U00314,tgonzalez,19,18–25,Female,carmen64@gmail.com,3,0.0,Programming,Beginner,3,0,2025-01-12,2025-12-26,Moderate (2-3)
U00315,stephanie14,31,26–35,Female,desireereese@gmail.com,12,972.29,Data Science,Beginner,7,5,2025-02-11,2025-12-26,Power Learner (8+)
U00316,jasonjohnston,19,18–25,Female,umatthews@gmail.com,2,0.0,Data Science,Beginner,2,0,2025-02-28,2025-08-29,Moderate (2-3)
U00317,williamscaroline,19,18–25,Male,dcunningham@hotmail.com,3,57.32,Cybersecurity,Advanced,2,1,2025-07-10,2025-09-27,Moderate (2-3)
U00318,dudleyaimee,20,18–25,Male,brian51@yahoo.com,1,326.02,Business,Intermediate,0,1,2025-11-14,2025-11-14,Single-Course (1)
U00319,ysmith,15,<18,Female,josephclark@hotmail.com,1,346.71,Project Management,Advanced,0,1,2025-05-26,2025-05-26,Single-Course (1)
U00320,hannahromero,29,26–35,Male,rhondataylor@outlook.com,1,285.05,Business,Beginner,0,1,2025-08-29,2025-08-29,Single-Course (1)
U00321,mhammond,28,26–35,Male,tsosa@gmail.com,14,1822.94,Artificial Intelligence,Beginner,7,7,2025-01-04,2025-12-23,Power Learner (8+)
U00322,idillon,23,18–25,Male,wmoore@gmail.com,14,626.3,Web Development,Beginner,10,4,2025-01-03,2025-12-08,Power Learner (8+)
U00323,irichard,21,18–25,Female,robertsrobyn@yahoo.com,15,948.99,Business,Advanced,11,4,2025-02-01,2025-12-12,Power Learner (8+)
U00324,wpowell,16,<18,Male,amy68@outlook.com,1,0.0,Programming,Beginner,1,0,2025-07-15,2025-07-15,Single-Course (1)
U00325,thomas96,26,26–35,Male,carollewis@outlook.com,1,0.0,Business,Advanced,1,0,2025-04-20,2025-04-20,Single-Course (1)
U00326,ashleyjohnson,25,18–25,Female,jacob36@yahoo.com,1,0.0,Web Development,Beginner,1,0,2025-04-23,2025-04-23,Single-Course (1)
U00327,hannahmccoy,31,26–35,Female,christopherdelgado@hotmail.com,4,177.34,Digital Marketing,Intermediate,3,1,2025-01-21,2025-11-27,Active (4-7)
U00328,glennmoore,29,26–35,Female,kathygrimes@yahoo.com,15,1319.89,Finance,Beginner,9,6,2025-01-18,2025-11-26,Power Learner (8+)
U00329,ellisangela,20,18–25,Female,piercefrederick@gmail.com,12,1632.4199999999998,Data Science,Beginner,7,5,2025-01-26,2025-12-05,Power Learner (8+)
U00330,jsherman,15,<18,Female,paulirwin@hotmail.com,14,1268.62,Marketing,Intermediate,8,6,2025-01-21,2025-12-20,Power Learner (8+)
U00331,john39,17,<18,Male,yjohnson@outlook.com,1,276.37,Design,Advanced,0,1,2025-08-10,2025-08-10,Single-Course (1)
U00332,steinjane,25,18–25,Male,rachelsingleton@outlook.com,1,0.0,Machine Learning,Advanced,1,0,2025-09-14,2025-09-14,Single-Course (1)
U00333,carmen47,26,26–35,Female,trose@outlook.com,1,0.0,Finance,Advanced,1,0,2025-04-17,2025-04-17,Single-Course (1)
U00334,dianasanchez,24,18–25,Female,dmccarthy@hotmail.com,13,887.52,Artificial Intelligence,Beginner,8,5,2025-01-21,2025-12-20,Power Learner (8+)
U00335,garneranthony,33,26–35,Female,teresafrank@gmail.com,1,0.0,Cybersecurity,Beginner,1,0,2025-03-21,2025-03-21,Single-Course (1)
U00336,milescaitlin,19,18–25,Male,starkmargaret@yahoo.com,1,0.0,Artificial Intelligence,Beginner,1,0,2025-12-30,2025-12-30,Single-Course (1)
U00337,kimberly57,29,26–35,Female,johnnycarr@outlook.com,1,0.0,Machine Learning,Intermediate,1,0,2025-06-29,2025-06-29,Single-Course (1)
U00338,brianlee,23,18–25,Female,villegasbrandon@yahoo.com,14,832.77,Data Science,Beginner,10,4,2025-01-05,2025-12-22,Power Learner (8+)
U00339,emmaallen,29,26–35,Male,sbeard@gmail.com,16,2087.63,Project Management,Advanced,9,7,2025-01-02,2025-12-24,Power Learner (8+)
U00340,george01,30,26–35,Male,hillamber@yahoo.com,14,1220.42,Business,Beginner,9,5,2025-01-23,2025-11-09,Power Learner (8+)
U00341,ggonzalez,24,18–25,Male,abennett@yahoo.com,1,0.0,Marketing,Advanced,1,0,2025-07-21,2025-07-21,Single-Course (1)
U00342,myersmark,26,26–35,Female,richardcarpenter@hotmail.com,1,0.0,Machine Learning,Intermediate,1,0,2025-01-01,2025-01-01,Single-Course (1)
U00343,adriana50,31,26–35,Male,lhayes@gmail.com,1,0.0,Machine Learning,Beginner,1,0,2025-04-02,2025-04-02,Single-Course (1)
U00344,jennifernorris,17,<18,Male,hornejohn@yahoo.com,1,0.0,Cybersecurity,Intermediate,1,0,2025-01-11,2025-01-11,Single-Course (1)
U00345,whiteheadjessica,16,<18,Male,carolanderson@outlook.com,15,1367.21,Programming,Beginner,11,4,2025-01-02,2025-10-13,Power Learner (8+)
U00346,marymcclain,33,26–35,Female,george34@outlook.com,3,326.02,Business,Intermediate,2,1,2025-04-09,2025-08-14,Moderate (2-3)
U00347,dorothy78,32,26–35,Female,turnermarcus@gmail.com,2,346.71,Marketing,Intermediate,1,1,2025-01-22,2025-10-01,Moderate (2-3)
U00348,wigginsearl,30,26–35,Female,bradyjason@outlook.com,1,299.57,Data Science,Beginner,0,1,2025-04-14,2025-04-14,Single-Course (1)
U00349,fostermichael,28,26–35,Male,fwhite@outlook.com,1,0.0,Machine Learning,Beginner,1,0,2025-09-05,2025-09-05,Single-Course (1)
U00350,fmartin,17,<18,Male,jamiehopkins@outlook.com,2,89.59,Artificial Intelligence,Beginner,1,1,2025-04-22,2025-10-13,Moderate (2-3)
U00351,carlsonjason,18,18–25,Female,juan61@gmail.com,13,777.0999999999999,Cybersecurity,Advanced,9,4,2025-02-07,2025-12-20,Power Learner (8+)
U00352,danderson,28,26–35,Male,michael93@yahoo.com,15,1009.69,Business,Beginner,11,4,2025-01-21,2025-12-13,Power Learner (8+)
U00353,webbcharles,34,26–35,Female,jeffrey93@hotmail.com,14,918.3100000000001,Digital Marketing,Beginner,11,3,2025-05-09,2025-12-22,Power Learner (8+)
U00354,elizabeth42,35,26–35,Male,christopheralexander@outlook.com,2,0.0,Digital Marketing,Beginner,2,0,2025-06-30,2025-09-26,Moderate (2-3)
U00355,johnsonfrederick,15,<18,Female,brenda96@gmail.com,1,0.0,Design,Advanced,1,0,2025-11-12,2025-11-12,Single-Course (1)
U00356,donaldjacobs,21,18–25,Female,lhull@yahoo.com,15,619.16,Artificial Intelligence,Advanced,11,4,2025-01-24,2025-12-22,Power Learner (8+)
U00357,ychavez,15,<18,Female,gjohnson@yahoo.com,15,2191.9799999999996,Artificial Intelligence,Beginner,6,9,2025-01-04,2025-12-16,Power Learner (8+)
U00358,johnmcdonald,19,18–25,Male,tylerpatterson@outlook.com,1,0.0,Project Management,Intermediate,1,0,2025-07-22,2025-07-22,Single-Course (1)
U00359,jeremiahshaw,29,26–35,Female,david28@outlook.com,1,0.0,Programming,Beginner,1,0,2025-07-23,2025-07-23,Single-Course (1)
U00360,qburke,32,26–35,Male,waterskenneth@outlook.com,1,0.0,Data Science,Intermediate,1,0,2025-04-19,2025-04-19,Single-Course (1)
U00361,pmoon,18,18–25,Female,cunninghamandrew@outlook.com,1,0.0,Marketing,Intermediate,1,0,2025-08-14,2025-08-14,Single-Course (1)
U00362,eugene97,16,<18,Male,felicia89@gmail.com,13,1113.03,Programming,Advanced,8,5,2025-01-15,2025-11-26,Power Learner (8+)
U00363,haysbarbara,32,26–35,Female,kennedybryan@hotmail.com,1,0.0,Design,Advanced,1,0,2025-11-12,2025-11-12,Single-Course (1)
U00364,cynthiamiller,34,26–35,Male,brenda08@outlook.com,1,0.0,Project Management,Beginner,1,0,2025-04-20,2025-04-20,Single-Course (1)
U00365,bfox,30,26–35,Female,hchapman@outlook.com,13,500.28,Marketing,Advanced,10,3,2025-03-09,2025-12-30,Power Learner (8+)
U00366,gerald45,28,26–35,Male,lewisanthony@hotmail.com,2,0.0,Artificial Intelligence,Beginner,2,0,2025-02-05,2025-06-26,Moderate (2-3)
U00367,robert90,21,18–25,Male,tiffany36@hotmail.com,1,0.0,Web Development,Advanced,1,0,2025-07-03,2025-07-03,Single-Course (1)
U00368,michael12,26,26–35,Male,burchbrian@outlook.com,1,0.0,Design,Advanced,1,0,2025-03-18,2025-03-18,Single-Course (1)
U00369,beckerterry,19,18–25,Male,yoconnell@yahoo.com,4,0.0,Business,Advanced,4,0,2025-07-20,2025-09-09,Active (4-7)
U00370,bstevens,17,<18,Male,huffmanchristopher@outlook.com,2,606.96,Business,Intermediate,0,2,2025-02-01,2025-11-10,Moderate (2-3)
U00371,grayandrea,17,<18,Female,jay48@hotmail.com,1,0.0,Data Science,Intermediate,1,0,2025-08-22,2025-08-22,Single-Course (1)
U00372,bpatrick,23,18–25,Male,jonathan64@yahoo.com,1,0.78,Machine Learning,Advanced,0,1,2025-07-27,2025-07-27,Single-Course (1)
U00373,daniel56,26,26–35,Female,valerie64@yahoo.com,1,0.0,Business,Advanced,1,0,2025-10-28,2025-10-28,Single-Course (1)
U00374,hmarsh,28,26–35,Female,chelseywarren@outlook.com,1,0.0,Artificial Intelligence,Beginner,1,0,2025-12-05,2025-12-05,Single-Course (1)
U00375,powellmatthew,34,26–35,Female,jjohnson@hotmail.com,1,326.02,Business,Intermediate,0,1,2025-10-25,2025-10-25,Single-Course (1)
U00376,jeffrey59,29,26–35,Male,xbradley@hotmail.com,1,0.0,Design,Beginner,1,0,2025-01-07,2025-01-07,Single-Course (1)
U00377,andersondonald,21,18–25,Female,anthony75@yahoo.com,1,177.34,Digital Marketing,Advanced,0,1,2025-10-12,2025-10-12,Single-Course (1)
U00378,cookjoseph,21,18–25,Female,kathleen96@outlook.com,2,0.0,Business,Intermediate,2,0,2025-07-05,2025-11-01,Moderate (2-3)
U00379,garciajohn,20,18–25,Male,sharonmejia@yahoo.com,14,3054.3700000000003,Marketing,Beginner,6,8,2025-02-06,2025-12-14,Power Learner (8+)
U00380,rebeccabowman,23,18–25,Female,morganstephenson@gmail.com,1,0.78,Machine Learning,Advanced,0,1,2025-01-23,2025-01-23,Single-Course (1)
U00381,richardsondanny,32,26–35,Male,emily94@yahoo.com,1,0.0,Design,Advanced,1,0,2025-05-06,2025-05-06,Single-Course (1)
U00382,martinpayne,25,18–25,Male,christopher66@outlook.com,3,394.26,Cybersecurity,Beginner,2,1,2025-03-23,2025-11-29,Moderate (2-3)
U00383,michael40,29,26–35,Female,kaitlynanderson@hotmail.com,15,1668.3999999999999,Artificial Intelligence,Advanced,8,7,2025-01-26,2025-12-18,Power Learner (8+)
U00384,joshuamiller,32,26–35,Female,michael54@gmail.com,2,299.57,Data Science,Beginner,1,1,2025-05-08,2025-10-26,Moderate (2-3)
U00385,melissa61,20,18–25,Male,bruce80@gmail.com,1,0.0,Machine Learning,Intermediate,1,0,2025-01-07,2025-01-07,Single-Course (1)
U00386,gary74,29,26–35,Female,cassandra26@yahoo.com,2,299.57,Data Science,Beginner,1,1,2025-09-03,2025-10-24,Moderate (2-3)
U00387,elliottjacob,29,26–35,Female,jmiller@yahoo.com,1,0.78,Machine Learning,Advanced,0,1,2025-08-10,2025-08-10,Single-Course (1)
U00388,jbennett,18,18–25,Male,christina14@outlook.com,1,342.61,Project Management,Intermediate,0,1,2025-01-07,2025-01-07,Single-Course (1)
U00389,qhunt,27,26–35,Female,griffithebony@gmail.com,1,0.0,Cybersecurity,Intermediate,1,0,2025-11-14,2025-11-14,Single-Course (1)
U00390,newtonjohnny,18,18–25,Female,cooperthomas@yahoo.com,3,0.0,Web Development,Beginner,3,0,2025-03-02,2025-09-18,Moderate (2-3)
U00391,morrisonronald,19,18–25,Female,karenhicks@gmail.com,1,0.0,Cybersecurity,Intermediate,1,0,2025-08-15,2025-08-15,Single-Course (1)
U00392,coleamanda,19,18–25,Female,lgonzales@hotmail.com,1,327.99,Project Management,Beginner,0,1,2025-09-09,2025-09-09,Single-Course (1)
U00393,ryan80,30,26–35,Male,janice29@gmail.com,1,0.0,Cybersecurity,Beginner,1,0,2025-02-26,2025-02-26,Single-Course (1)
U00394,dianaeverett,30,26–35,Female,ubutler@yahoo.com,11,38.67,Business,Beginner,9,2,2025-01-29,2025-12-05,Power Learner (8+)
U00395,karenholder,22,18–25,Female,david38@hotmail.com,1,0.0,Cybersecurity,Beginner,1,0,2025-12-26,2025-12-26,Single-Course (1)
U00396,soliskaren,30,26–35,Male,carrollandrew@gmail.com,2,0.0,Finance,Intermediate,2,0,2025-11-12,2025-12-25,Moderate (2-3)
U00397,padams,16,<18,Male,whitakerbonnie@yahoo.com,1,37.89,Web Development,Advanced,0,1,2025-02-11,2025-02-11,Single-Course (1)
U00398,brandon42,27,26–35,Female,qsmith@yahoo.com,3,117.68,Cybersecurity,Beginner,2,1,2025-05-24,2025-10-21,Moderate (2-3)
U00399,xgraham,31,26–35,Female,hmiller@yahoo.com,12,1648.36,Artificial Intelligence,Advanced,6,6,2025-02-06,2025-12-06,Power Learner (8+)
U00400,ann81,23,18–25,Male,porterrachel@yahoo.com,2,0.0,Machine Learning,Beginner,2,0,2025-04-09,2025-05-20,Moderate (2-3)
U00401,christina44,21,18–25,Female,beth28@gmail.com,2,0.0,Data Science,Beginner,2,0,2025-02-02,2025-12-08,Moderate (2-3)
U00402,mary54,23,18–25,Male,thompsonclaudia@hotmail.com,2,0.0,Finance,Advanced,2,0,2025-08-20,2025-09-16,Moderate (2-3)
U00403,stevencruz,34,26–35,Female,hamiltonbrenda@outlook.com,1,0.0,Finance,Intermediate,1,0,2025-05-08,2025-05-08,Single-Course (1)
U00404,lucerojonathan,21,18–25,Female,christy17@yahoo.com,14,1617.6399999999996,Finance,Advanced,6,8,2025-02-03,2025-12-29,Power Learner (8+)
U00405,douglasholmes,24,18–25,Male,xyang@hotmail.com,2,689.3199999999999,Project Management,Intermediate,0,2,2025-05-28,2025-12-04,Moderate (2-3)
U00406,miranda71,33,26–35,Male,markguerrero@gmail.com,15,1417.44,Data Science,Beginner,10,5,2025-01-10,2025-12-10,Power Learner (8+)
U00407,zlopez,23,18–25,Male,martinezchristopher@outlook.com,15,1611.9799999999998,Artificial Intelligence,Intermediate,8,7,2025-02-17,2025-12-27,Power Learner (8+)
U00408,jacquelinelee,19,18–25,Female,phillipsdonna@yahoo.com,1,0.0,Business,Advanced,1,0,2025-06-07,2025-06-07,Single-Course (1)
U00409,jenniferolson,35,26–35,Male,manuelcurtis@yahoo.com,2,0.0,Finance,Intermediate,2,0,2025-01-13,2025-02-23,Moderate (2-3)
U00410,bcantu,33,26–35,Male,cheyenne28@gmail.com,1,0.0,Web Development,Advanced,1,0,2025-11-03,2025-11-03,Single-Course (1)
U00411,robert66,17,<18,Female,alexandra14@yahoo.com,12,789.67,Marketing,Advanced,9,3,2025-01-08,2025-11-25,Power Learner (8+)
U00412,qwatkins,24,18–25,Female,wileyjoseph@gmail.com,4,236.72000000000003,Finance,Intermediate,2,2,2025-02-14,2025-11-28,Active (4-7)
U00413,sharon56,23,18–25,Male,michaelcalderon@outlook.com,2,472.28,Cybersecurity,Beginner,1,1,2025-02-07,2025-08-04,Moderate (2-3)
U00414,popesteven,25,18–25,Male,heatherballard@gmail.com,1,0.0,Design,Advanced,1,0,2025-10-16,2025-10-16,Single-Course (1)
U00415,lisaponce,31,26–35,Female,dustin99@yahoo.com,13,804.9899999999999,Finance,Beginner,7,6,2025-01-23,2025-12-25,Power Learner (8+)
U00416,simmonspatricia,17,<18,Female,nicholasgarcia@outlook.com,2,0.0,Data Science,Beginner,2,0,2025-01-11,2025-01-27,Moderate (2-3)
U00417,erica01,32,26–35,Female,hcross@yahoo.com,2,0.0,Artificial Intelligence,Beginner,2,0,2025-04-13,2025-09-26,Moderate (2-3)
U00418,anthonyanderson,23,18–25,Female,rnoble@hotmail.com,3,528.79,Artificial Intelligence,Beginner,1,2,2025-01-16,2025-12-13,Moderate (2-3)
U00419,willismorgan,21,18–25,Female,walkerkevin@gmail.com,1,0.78,Machine Learning,Advanced,0,1,2025-03-01,2025-03-01,Single-Course (1)
U00420,jennifer64,24,18–25,Female,jennifer47@hotmail.com,1,327.99,Project Management,Beginner,0,1,2025-04-28,2025-04-28,Single-Course (1)
U00421,karenlambert,32,26–35,Male,caleb56@gmail.com,1,0.0,Design,Advanced,1,0,2025-10-21,2025-10-21,Single-Course (1)
U00422,sanfordmichael,15,<18,Female,tsantos@yahoo.com,3,285.05,Business,Beginner,2,1,2025-01-21,2025-10-22,Moderate (2-3)
U00423,reginaberg,27,26–35,Female,bradgalloway@hotmail.com,12,1601.22,Artificial Intelligence,Beginner,6,6,2025-02-22,2025-12-01,Power Learner (8+)
U00424,kristi64,35,26–35,Male,fbarnett@yahoo.com,11,1213.7199999999998,Artificial Intelligence,Advanced,6,5,2025-03-18,2025-10-24,Power Learner (8+)
U00425,erik67,19,18–25,Male,michaelhernandez@outlook.com,1,490.9,Artificial Intelligence,Beginner,0,1,2025-08-21,2025-08-21,Single-Course (1)
U00426,xknox,21,18–25,Male,charleswilliams@yahoo.com,4,472.28,Programming,Beginner,3,1,2025-07-07,2025-11-13,Active (4-7)
U00427,bernardsexton,29,26–35,Female,rjenkins@yahoo.com,16,1374.23,Artificial Intelligence,Beginner,11,5,2025-01-13,2025-12-26,Power Learner (8+)
U00428,stewartdiane,23,18–25,Male,kristylee@outlook.com,1,0.0,Marketing,Advanced,1,0,2025-06-26,2025-06-26,Single-Course (1)
U00429,bmckay,23,18–25,Female,anthony19@outlook.com,1,0.0,Finance,Intermediate,1,0,2025-09-04,2025-09-04,Single-Course (1)
U00430,mark51,27,26–35,Male,brianmontgomery@hotmail.com,1,487.92,Business,Advanced,0,1,2025-07-28,2025-07-28,Single-Course (1)
U00431,collinsjason,15,<18,Female,ywalker@hotmail.com,1,487.92,Business,Advanced,0,1,2025-10-10,2025-10-10,Single-Course (1)
U00432,umiller,31,26–35,Male,petersendarren@gmail.com,1,0.0,Marketing,Advanced,1,0,2025-08-30,2025-08-30,Single-Course (1)
U00433,elewis,32,26–35,Female,aaronevans@yahoo.com,1,276.37,Design,Advanced,0,1,2025-01-28,2025-01-28,Single-Course (1)
U00434,knightjake,22,18–25,Male,wfrank@outlook.com,1,177.34,Digital Marketing,Advanced,0,1,2025-02-06,2025-02-06,Single-Course (1)
U00435,lgreene,34,26–35,Female,robertsjohnny@outlook.com,1,119.04,Finance,Intermediate,0,1,2025-06-20,2025-06-20,Single-Course (1)
U00436,hodgeserin,20,18–25,Female,lindsay44@hotmail.com,1,490.9,Artificial Intelligence,Beginner,0,1,2025-04-21,2025-04-21,Single-Course (1)
U00437,pricealexander,28,26–35,Male,andre59@hotmail.com,3,0.0,Data Science,Beginner,3,0,2025-02-05,2025-11-17,Moderate (2-3)
U00438,eric69,21,18–25,Male,angelagreen@gmail.com,14,633.26,Cybersecurity,Advanced,11,3,2025-02-21,2025-11-25,Power Learner (8+)
U00439,idiaz,31,26–35,Female,reedcourtney@yahoo.com,1,0.0,Design,Advanced,1,0,2025-12-05,2025-12-05,Single-Course (1)
U00440,maxwellsmith,20,18–25,Female,leonardsolis@outlook.com,1,0.0,Web Development,Advanced,1,0,2025-12-17,2025-12-17,Single-Course (1)
U00441,taylor92,19,18–25,Male,melanie66@hotmail.com,1,37.89,Web Development,Advanced,0,1,2025-03-16,2025-03-16,Single-Course (1)
U00442,umaldonado,21,18–25,Female,croberts@hotmail.com,1,285.05,Business,Beginner,0,1,2025-11-15,2025-11-15,Single-Course (1)
U00443,desiree20,21,18–25,Female,xshelton@yahoo.com,2,978.8199999999999,Artificial Intelligence,Beginner,0,2,2025-11-10,2025-12-15,Moderate (2-3)
U00444,morrowmichael,15,<18,Female,christopher38@outlook.com,13,1568.1799999999998,Data Science,Advanced,6,7,2025-03-08,2025-12-29,Power Learner (8+)
U00445,vlong,31,26–35,Female,micheal11@gmail.com,1,285.05,Business,Beginner,0,1,2025-06-05,2025-06-05,Single-Course (1)
U00446,smithjack,19,18–25,Female,sandra71@yahoo.com,2,53.86,Finance,Beginner,1,1,2025-06-23,2025-11-01,Moderate (2-3)
U00447,fwebb,23,18–25,Male,ryan98@outlook.com,1,0.0,Data Science,Intermediate,1,0,2025-10-02,2025-10-02,Single-Course (1)
U00448,smithjeffrey,27,26–35,Male,wilsonjeremy@outlook.com,3,0.0,Cybersecurity,Intermediate,3,0,2025-03-01,2025-09-18,Moderate (2-3)
U00449,brownkaren,33,26–35,Female,ambercruz@yahoo.com,14,1328.04,Data Science,Beginner,9,5,2025-02-15,2025-12-19,Power Learner (8+)
U00450,colemanroy,20,18–25,Male,lyonsjohn@outlook.com,12,1262.44,Business,Advanced,7,5,2025-01-30,2025-12-25,Power Learner (8+)
U00451,sabrinafoster,20,18–25,Male,erin09@outlook.com,1,248.1,Artificial Intelligence,Beginner,0,1,2025-03-17,2025-03-17,Single-Course (1)
U00452,williamsamy,23,18–25,Male,anthonyflynn@hotmail.com,3,57.32,Finance,Advanced,2,1,2025-05-17,2025-10-27,Moderate (2-3)
U00453,jasmineowens,20,18–25,Male,brianpowell@gmail.com,1,490.9,Artificial Intelligence,Beginner,0,1,2025-01-14,2025-01-14,Single-Course (1)
U00454,lauralewis,28,26–35,Female,corey28@outlook.com,4,758.12,Project Management,Beginner,2,2,2025-02-25,2025-12-15,Active (4-7)
U00455,angelica53,19,18–25,Male,sbutler@outlook.com,3,0.0,Artificial Intelligence,Beginner,3,0,2025-05-24,2025-12-02,Moderate (2-3)
U00456,bobbyfaulkner,24,18–25,Female,jpatel@gmail.com,2,0.0,Data Science,Beginner,2,0,2025-08-17,2025-12-24,Moderate (2-3)
U00457,amytaylor,34,26–35,Female,vmason@outlook.com,2,37.89,Marketing,Advanced,1,1,2025-01-21,2025-12-12,Moderate (2-3)
U00458,zle,31,26–35,Female,gordonlawrence@gmail.com,4,207.27,Artificial Intelligence,Intermediate,2,2,2025-03-04,2025-06-16,Active (4-7)
U00459,andrewthomas,22,18–25,Male,efletcher@gmail.com,1,0.0,Project Management,Intermediate,1,0,2025-10-14,2025-10-14,Single-Course (1)
U00460,youngmike,24,18–25,Female,vingram@hotmail.com,2,415.51,Artificial Intelligence,Beginner,1,1,2025-02-26,2025-12-16,Moderate (2-3)
U00461,kramerlogan,21,18–25,Female,wmills@hotmail.com,2,490.9,Artificial Intelligence,Beginner,1,1,2025-06-15,2025-07-23,Moderate (2-3)
U00462,lmason,30,26–35,Male,coryhernandez@hotmail.com,2,326.02,Business,Intermediate,1,1,2025-01-02,2025-11-15,Moderate (2-3)
U00463,smithryan,18,18–25,Female,johnstonbrandon@yahoo.com,1,0.0,Project Management,Intermediate,1,0,2025-06-27,2025-06-27,Single-Course (1)
U00464,blakejoseph,25,18–25,Male,rogersdakota@hotmail.com,12,1024.06,Design,Beginner,8,4,2025-01-03,2025-12-11,Power Learner (8+)
U00465,garrettjenny,26,26–35,Male,leoncarolyn@outlook.com,1,0.78,Machine Learning,Advanced,0,1,2025-01-10,2025-01-10,Single-Course (1)
U00466,armstrongluis,32,26–35,Female,mackenzie76@hotmail.com,2,212.39,Digital Marketing,Intermediate,1,1,2025-08-25,2025-12-09,Moderate (2-3)
U00467,awalker,34,26–35,Male,kpineda@yahoo.com,1,0.0,Cybersecurity,Advanced,1,0,2025-07-30,2025-07-30,Single-Course (1)
U00468,greeneaaron,19,18–25,Female,qgarcia@gmail.com,1,0.0,Cybersecurity,Beginner,1,0,2025-01-27,2025-01-27,Single-Course (1)
U00469,scott82,20,18–25,Female,justin81@gmail.com,2,0.0,Machine Learning,Beginner,2,0,2025-08-24,2025-10-27,Moderate (2-3)
U00470,antoniohanson,18,18–25,Female,williamschristopher@outlook.com,1,89.59,Artificial Intelligence,Intermediate,0,1,2025-11-22,2025-11-22,Single-Course (1)
U00471,clopez,31,26–35,Female,yrodriguez@gmail.com,1,0.0,Digital Marketing,Beginner,1,0,2025-02-26,2025-02-26,Single-Course (1)
U00472,nhicks,22,18–25,Female,nmccoy@gmail.com,1,0.0,Project Management,Beginner,1,0,2025-10-02,2025-10-02,Single-Course (1)
U00473,smithamanda,32,26–35,Female,zachary67@yahoo.com,3,342.61,Machine Learning,Beginner,2,1,2025-01-03,2025-09-23,Moderate (2-3)
U00474,renee73,31,26–35,Male,vegarachael@outlook.com,1,57.32,Web Development,Advanced,0,1,2025-10-07,2025-10-07,Single-Course (1)
U00475,stevenwilliams,24,18–25,Male,adamsjames@hotmail.com,3,604.36,Data Science,Beginner,1,2,2025-05-23,2025-11-16,Moderate (2-3)
U00476,devin94,29,26–35,Female,jlutz@outlook.com,2,276.37,Design,Advanced,1,1,2025-04-21,2025-10-25,Moderate (2-3)
U00477,jason69,19,18–25,Male,david15@outlook.com,1,37.89,Web Development,Advanced,0,1,2025-01-08,2025-01-08,Single-Course (1)
U00478,john69,30,26–35,Male,jessicajones@yahoo.com,2,57.32,Machine Learning,Intermediate,1,1,2025-06-18,2025-08-14,Moderate (2-3)
U00479,cunninghamaaron,33,26–35,Male,suzanne77@gmail.com,2,0.0,Cybersecurity,Beginner,2,0,2025-04-13,2025-10-05,Moderate (2-3)
U00480,rnash,20,18–25,Female,leerachel@outlook.com,1,0.0,Digital Marketing,Intermediate,1,0,2025-10-14,2025-10-14,Single-Course (1)
U00481,bakeranna,32,26–35,Female,brandy09@yahoo.com,1,326.02,Business,Intermediate,0,1,2025-12-07,2025-12-07,Single-Course (1)
U00482,leewhite,33,26–35,Female,parksdan@gmail.com,1,0.0,Digital Marketing,Intermediate,1,0,2025-07-26,2025-07-26,Single-Course (1)
U00483,weberhelen,22,18–25,Male,kyle52@gmail.com,1,487.92,Business,Advanced,0,1,2025-06-23,2025-06-23,Single-Course (1)
U00484,wesleyfreeman,16,<18,Male,ghicks@outlook.com,2,0.0,Data Science,Intermediate,2,0,2025-04-28,2025-06-21,Moderate (2-3)
U00485,garrettevans,29,26–35,Female,whitetimothy@gmail.com,1,0.0,Project Management,Beginner,1,0,2025-10-05,2025-10-05,Single-Course (1)
U00486,coryalvarado,21,18–25,Female,diazjamie@yahoo.com,2,0.0,Machine Learning,Intermediate,2,0,2025-02-13,2025-09-14,Moderate (2-3)
U00487,kayla77,15,<18,Female,alvaradoronald@hotmail.com,2,0.0,Data Science,Beginner,2,0,2025-05-01,2025-05-13,Moderate (2-3)
U00488,barbara10,20,18–25,Male,dominic07@hotmail.com,2,119.04,Design,Intermediate,1,1,2025-06-01,2025-11-16,Moderate (2-3)
U00489,aguirrejessica,18,18–25,Male,lindsey98@hotmail.com,3,448.12,Cybersecurity,Beginner,1,2,2025-02-27,2025-10-29,Moderate (2-3)
U00490,smithjody,33,26–35,Male,andrewmiller@gmail.com,1,0.0,Business,Advanced,1,0,2025-08-17,2025-08-17,Single-Course (1)
U00491,brianna74,20,18–25,Male,vjackson@gmail.com,1,394.26,Cybersecurity,Intermediate,0,1,2025-08-09,2025-08-09,Single-Course (1)
U00492,billy39,20,18–25,Female,smithchristine@gmail.com,1,177.34,Digital Marketing,Advanced,0,1,2025-02-17,2025-02-17,Single-Course (1)
U00493,rioschristina,30,26–35,Male,patricia26@outlook.com,1,0.0,Project Management,Intermediate,1,0,2025-01-17,2025-01-17,Single-Course (1)
U00494,joel15,26,26–35,Male,iwalker@yahoo.com,13,1007.0,Artificial Intelligence,Advanced,9,4,2025-01-02,2025-12-25,Power Learner (8+)
U00495,johnsonchristina,35,26–35,Female,tara89@yahoo.com,2,285.05,Business,Beginner,1,1,2025-04-19,2025-12-25,Moderate (2-3)
U00496,clarktonya,29,26–35,Female,kristine00@hotmail.com,1,0.0,Cybersecurity,Advanced,1,0,2025-12-18,2025-12-18,Single-Course (1)
U00497,cmclean,21,18–25,Female,christyevans@outlook.com,3,0.0,Web Development,Beginner,3,0,2025-06-06,2025-12-11,Moderate (2-3)
U00498,sheri69,20,18–25,Female,omassey@hotmail.com,3,0.0,Digital Marketing,Intermediate,3,0,2025-03-21,2025-09-19,Moderate (2-3)
U00499,keith86,21,18–25,Male,moseschristopher@gmail.com,1,415.51,Artificial Intelligence,Intermediate,0,1,2025-04-01,2025-04-01,Single-Course (1)
U00500,frederick07,16,<18,Female,robert76@outlook.com,2,590.71,Artificial Intelligence,Beginner,0,2,2025-06-30,2025-12-20,Moderate (2-3)
U00501,andersonkathy,26,26–35,Female,jacobglenn@gmail.com,1,0.0,Cybersecurity,Intermediate,1,0,2025-06-03,2025-06-03,Single-Course (1)
U00502,reynoldserin,22,18–25,Female,tiffany72@hotmail.com,2,0.78,Machine Learning,Beginner,1,1,2025-04-02,2025-04-23,Moderate (2-3)
U00503,robinsonmargaret,15,<18,Male,annette75@gmail.com,2,0.0,Design,Beginner,2,0,2025-11-21,2025-12-13,Moderate (2-3)
U00504,cantrellscott,16,<18,Male,eric29@yahoo.com,2,0.0,Cybersecurity,Beginner,2,0,2025-03-04,2025-07-24,Moderate (2-3)
U00505,mcleanchris,17,<18,Male,jacqueline78@yahoo.com,1,0.0,Finance,Intermediate,1,0,2025-09-11,2025-09-11,Single-Course (1)
U00506,aliciagiles,33,26–35,Female,gomezcarla@outlook.com,1,0.0,Data Science,Intermediate,1,0,2025-02-25,2025-02-25,Single-Course (1)
U00507,nichole08,15,<18,Male,lukelove@yahoo.com,2,177.34,Data Science,Intermediate,1,1,2025-04-28,2025-07-06,Moderate (2-3)
U00508,dalesmith,28,26–35,Female,thomaskenneth@outlook.com,1,0.0,Digital Marketing,Beginner,1,0,2025-03-26,2025-03-26,Single-Course (1)
U00509,alexandereaton,20,18–25,Female,qmurphy@outlook.com,1,0.0,Finance,Beginner,1,0,2025-05-10,2025-05-10,Single-Course (1)
U00510,noblechristy,15,<18,Male,rgarza@outlook.com,1,0.0,Business,Advanced,1,0,2025-04-23,2025-04-23,Single-Course (1)
U00511,becky57,28,26–35,Male,jacobcollins@gmail.com,1,0.0,Marketing,Advanced,1,0,2025-05-08,2025-05-08,Single-Course (1)
U00512,joshua36,22,18–25,Male,elizabeththomas@gmail.com,2,326.02,Business,Intermediate,1,1,2025-07-15,2025-10-03,Moderate (2-3)
U00513,kcoleman,25,18–25,Male,jacksoncynthia@gmail.com,1,0.0,Digital Marketing,Beginner,1,0,2025-06-01,2025-06-01,Single-Course (1)
U00514,tammysmall,30,26–35,Female,mariaryan@outlook.com,3,589.96,Programming,Beginner,1,2,2025-04-10,2025-11-15,Moderate (2-3)
U00515,martinbrian,19,18–25,Female,jconway@gmail.com,2,0.0,Business,Intermediate,2,0,2025-08-09,2025-11-23,Moderate (2-3)
U00516,charles14,33,26–35,Female,kristenrobinson@outlook.com,1,177.34,Digital Marketing,Advanced,0,1,2025-05-23,2025-05-23,Single-Course (1)
U00517,rachelsmith,22,18–25,Female,cody45@hotmail.com,1,0.0,Data Science,Intermediate,1,0,2025-04-17,2025-04-17,Single-Course (1)
U00518,jasonlara,20,18–25,Female,kirkmichelle@outlook.com,1,415.51,Artificial Intelligence,Intermediate,0,1,2025-11-21,2025-11-21,Single-Course (1)
U00519,phaynes,27,26–35,Female,hernandezshawn@gmail.com,1,0.0,Data Science,Intermediate,1,0,2025-08-20,2025-08-20,Single-Course (1)
U00520,tammy29,29,26–35,Male,cpineda@yahoo.com,1,0.0,Data Science,Intermediate,1,0,2025-11-11,2025-11-11,Single-Course (1)
U00521,amanda69,26,26–35,Female,mramirez@yahoo.com,1,0.0,Machine Learning,Advanced,1,0,2025-05-01,2025-05-01,Single-Course (1)
U00522,qbrooks,21,18–25,Male,brandon68@yahoo.com,1,0.0,Project Management,Beginner,1,0,2025-01-23,2025-01-23,Single-Course (1)
U00523,crystal86,31,26–35,Male,toddwilson@outlook.com,1,342.61,Project Management,Intermediate,0,1,2025-09-16,2025-09-16,Single-Course (1)
U00524,knighthector,24,18–25,Male,williamsjames@yahoo.com,2,119.04,Finance,Beginner,1,1,2025-06-25,2025-12-03,Moderate (2-3)
U00525,victor26,31,26–35,Male,corybrady@outlook.com,1,0.0,Digital Marketing,Intermediate,1,0,2025-08-07,2025-08-07,Single-Course (1)
U00526,dunndeborah,24,18–25,Male,dudleyaaron@outlook.com,1,0.0,Artificial Intelligence,Beginner,1,0,2025-10-02,2025-10-02,Single-Course (1)
U00527,moralesmatthew,18,18–25,Male,kevinhayden@gmail.com,2,0.0,Digital Marketing,Intermediate,2,0,2025-06-24,2025-12-04,Moderate (2-3)
U00528,wwebb,26,26–35,Female,mmatthews@hotmail.com,1,0.0,Programming,Beginner,1,0,2025-07-24,2025-07-24,Single-Course (1)
U00529,tharper,25,18–25,Male,dustinsmith@yahoo.com,2,0.0,Marketing,Beginner,2,0,2025-09-01,2025-12-22,Moderate (2-3)
U00530,wilsonjeanne,35,26–35,Female,lisajuarez@yahoo.com,1,53.86,Finance,Beginner,0,1,2025-07-14,2025-07-14,Single-Course (1)
U00531,hannahking,24,18–25,Male,william89@outlook.com,2,394.26,Cybersecurity,Beginner,1,1,2025-04-04,2025-10-08,Moderate (2-3)
U00532,spencerjennifer,15,<18,Female,walkerheather@gmail.com,1,472.28,Programming,Beginner,0,1,2025-02-11,2025-02-11,Single-Course (1)
U00533,brandonfuller,29,26–35,Male,roberttaylor@outlook.com,2,0.0,Design,Intermediate,2,0,2025-06-26,2025-10-25,Moderate (2-3)
U00534,michellestone,27,26–35,Female,llopez@outlook.com,4,177.34,Digital Marketing,Beginner,3,1,2025-02-08,2025-12-11,Active (4-7)
U00535,rodriguezryan,23,18–25,Male,ffoster@yahoo.com,2,415.51,Artificial Intelligence,Intermediate,1,1,2025-06-18,2025-07-06,Moderate (2-3)
U00536,lukewilliams,35,26–35,Female,wardallison@yahoo.com,1,0.0,Project Management,Intermediate,1,0,2025-01-02,2025-01-02,Single-Course (1)
U00537,opatterson,25,18–25,Female,gmartin@outlook.com,2,346.71,Marketing,Advanced,1,1,2025-05-21,2025-11-29,Moderate (2-3)
U00538,salinasthomas,20,18–25,Male,angelawarren@outlook.com,1,0.0,Business,Advanced,1,0,2025-04-08,2025-04-08,Single-Course (1)
U00539,jennifer10,25,18–25,Male,george03@yahoo.com,1,299.57,Data Science,Beginner,0,1,2025-04-20,2025-04-20,Single-Course (1)
U00540,james88,15,<18,Male,mjohnson@outlook.com,1,53.86,Finance,Beginner,0,1,2025-11-22,2025-11-22,Single-Course (1)
U00541,dhill,19,18–25,Male,michaela09@hotmail.com,3,330.07,Data Science,Advanced,1,2,2025-04-12,2025-09-07,Moderate (2-3)
U00542,ericjones,32,26–35,Male,staceysullivan@outlook.com,1,0.0,Business,Advanced,1,0,2025-09-24,2025-09-24,Single-Course (1)
U00543,broberts,18,18–25,Female,leryan@hotmail.com,13,1371.2199999999998,Artificial Intelligence,Intermediate,8,5,2025-01-27,2025-12-07,Power Learner (8+)
U00544,williamskaren,30,26–35,Male,gonzalesjoseph@outlook.com,1,0.0,Programming,Beginner,1,0,2025-10-09,2025-10-09,Single-Course (1)
U00545,bryandavis,18,18–25,Female,sandra89@gmail.com,1,0.0,Artificial Intelligence,Beginner,1,0,2025-08-17,2025-08-17,Single-Course (1)
U00546,nathanstevenson,25,18–25,Male,pfields@outlook.com,1,0.0,Finance,Intermediate,1,0,2025-07-03,2025-07-03,Single-Course (1)
U00547,loganthomas,19,18–25,Female,irowe@gmail.com,1,177.34,Digital Marketing,Advanced,0,1,2025-08-23,2025-08-23,Single-Course (1)
U00548,vanessa32,32,26–35,Female,tinamiller@yahoo.com,14,1922.05,Business,Advanced,8,6,2025-02-27,2025-12-04,Power Learner (8+)
U00549,andrea24,17,<18,Female,tatebrian@outlook.com,1,53.86,Finance,Beginner,0,1,2025-05-13,2025-05-13,Single-Course (1)
U00550,gwyatt,17,<18,Male,jonathan11@yahoo.com,2,0.0,Design,Advanced,2,0,2025-03-05,2025-04-08,Moderate (2-3)
U00551,harveybenjamin,35,26–35,Male,elaine58@gmail.com,4,234.66,Data Science,Beginner,2,2,2025-08-16,2025-10-19,Active (4-7)
U00552,nicholastorres,30,26–35,Female,shortbeverly@yahoo.com,2,0.0,Machine Learning,Beginner,2,0,2025-04-13,2025-12-10,Moderate (2-3)
U00553,whiteheadhoward,15,<18,Male,sarah35@hotmail.com,2,0.0,Business,Advanced,2,0,2025-09-10,2025-10-14,Moderate (2-3)
U00554,tlopez,18,18–25,Male,williamball@gmail.com,1,285.05,Business,Beginner,0,1,2025-07-16,2025-07-16,Single-Course (1)
U00555,rodriguezaudrey,17,<18,Female,scottbarr@yahoo.com,1,415.51,Artificial Intelligence,Intermediate,0,1,2025-12-30,2025-12-30,Single-Course (1)
U00556,martinezkenneth,25,18–25,Female,michael48@hotmail.com,14,1315.7199999999998,Design,Beginner,9,5,2025-01-01,2025-12-23,Power Learner (8+)
U00557,kross,31,26–35,Male,carolyn55@gmail.com,2,0.78,Machine Learning,Advanced,1,1,2025-02-22,2025-04-20,Moderate (2-3)
U00558,kimberlymoore,32,26–35,Male,sharonsmith@outlook.com,1,0.0,Finance,Beginner,1,0,2025-09-24,2025-09-24,Single-Course (1)
U00559,jonathanmendoza,20,18–25,Male,mark39@gmail.com,11,719.21,Artificial Intelligence,Beginner,7,4,2025-03-07,2025-12-17,Power Learner (8+)
U00560,danielle56,32,26–35,Male,baileymoran@outlook.com,2,790.47,Artificial Intelligence,Beginner,0,2,2025-01-29,2025-02-06,Moderate (2-3)
U00561,perryterry,33,26–35,Male,benjamin16@outlook.com,1,0.0,Project Management,Beginner,1,0,2025-11-13,2025-11-13,Single-Course (1)
U00562,douglasbright,23,18–25,Female,michelle98@gmail.com,15,1598.45,Finance,Advanced,7,8,2025-02-18,2025-12-29,Power Learner (8+)
U00563,jacksonchristopher,31,26–35,Female,willie43@outlook.com,2,0.0,Business,Beginner,2,0,2025-05-04,2025-08-10,Moderate (2-3)
U00564,nkeller,15,<18,Male,amahoney@gmail.com,1,53.86,Finance,Beginner,0,1,2025-10-18,2025-10-18,Single-Course (1)
U00565,teresabell,28,26–35,Male,kempsharon@outlook.com,2,248.1,Artificial Intelligence,Beginner,1,1,2025-01-18,2025-08-07,Moderate (2-3)
U00566,zrowland,31,26–35,Male,crystal11@gmail.com,2,0.78,Digital Marketing,Intermediate,1,1,2025-05-28,2025-12-16,Moderate (2-3)
U00567,edeleon,20,18–25,Male,mendezjonathan@hotmail.com,1,285.05,Business,Beginner,0,1,2025-03-20,2025-03-20,Single-Course (1)
U00568,lmorris,16,<18,Female,michelleshepherd@outlook.com,1,0.0,Business,Advanced,1,0,2025-09-13,2025-09-13,Single-Course (1)
U00569,danieljimenez,15,<18,Female,ghunter@gmail.com,14,1063.4499999999998,Project Management,Advanced,9,5,2025-02-05,2025-12-19,Power Learner (8+)
U00570,dunncharles,27,26–35,Male,spearsanna@yahoo.com,14,777.67,Artificial Intelligence,Beginner,10,4,2025-01-11,2025-12-27,Power Learner (8+)
U00571,tracey67,22,18–25,Female,wardkatherine@yahoo.com,2,0.0,Design,Beginner,2,0,2025-01-29,2025-02-24,Moderate (2-3)
U00572,jesse11,32,26–35,Male,richardsonjonathan@outlook.com,13,567.28,Cybersecurity,Advanced,9,4,2025-01-17,2025-12-26,Power Learner (8+)
U00573,florestyler,30,26–35,Male,acrawford@gmail.com,11,1047.29,Cybersecurity,Intermediate,6,5,2025-01-01,2025-11-01,Power Learner (8+)
U00574,thomas63,33,26–35,Female,rebecca64@yahoo.com,14,779.6099999999999,Artificial Intelligence,Advanced,9,5,2025-01-10,2025-12-01,Power Learner (8+)
U00575,swilliams,35,26–35,Male,hwise@yahoo.com,1,0.0,Finance,Intermediate,1,0,2025-08-21,2025-08-21,Single-Course (1)
U00576,harrispenny,16,<18,Male,jessica68@outlook.com,13,1001.74,Digital Marketing,Advanced,8,5,2025-02-10,2025-12-18,Power Learner (8+)
U00577,raymond98,17,<18,Female,charles65@outlook.com,1,342.61,Project Management,Intermediate,0,1,2025-04-03,2025-04-03,Single-Course (1)
U00578,palmerkristy,26,26–35,Male,kochsusan@gmail.com,1,0.0,Digital Marketing,Intermediate,1,0,2025-01-11,2025-01-11,Single-Course (1)
U00579,walkertracie,34,26–35,Male,fbennett@yahoo.com,1,0.0,Programming,Beginner,1,0,2025-10-10,2025-10-10,Single-Course (1)
U00580,whitepatrick,24,18–25,Female,donnaolsen@yahoo.com,3,0.0,Cybersecurity,Beginner,3,0,2025-02-18,2025-10-01,Moderate (2-3)
U00581,rodriguezsamantha,32,26–35,Female,john72@hotmail.com,2,89.59,Artificial Intelligence,Intermediate,1,1,2025-06-30,2025-11-14,Moderate (2-3)
U00582,wagnervalerie,26,26–35,Male,fwilson@outlook.com,1,0.0,Programming,Beginner,1,0,2025-09-27,2025-09-27,Single-Course (1)
U00583,qmarsh,21,18–25,Female,carolynbarker@gmail.com,1,0.0,Cybersecurity,Advanced,1,0,2025-03-01,2025-03-01,Single-Course (1)
U00584,christine43,31,26–35,Female,brittanysantiago@yahoo.com,14,2559.85,Finance,Intermediate,5,9,2025-01-16,2025-12-26,Power Learner (8+)
U00585,jennifer48,19,18–25,Female,frances95@gmail.com,2,0.0,Machine Learning,Beginner,2,0,2025-08-07,2025-12-01,Moderate (2-3)
U00586,ericamorris,21,18–25,Male,albert93@outlook.com,1,299.57,Data Science,Beginner,0,1,2025-09-20,2025-09-20,Single-Course (1)
U00587,melissahancock,22,18–25,Female,michael35@outlook.com,2,346.71,Programming,Beginner,1,1,2025-01-28,2025-09-17,Moderate (2-3)
U00588,shelia09,24,18–25,Male,kristen55@yahoo.com,1,57.32,Web Development,Advanced,0,1,2025-05-12,2025-05-12,Single-Course (1)
U00589,matthew86,19,18–25,Female,juliediaz@outlook.com,1,0.0,Design,Advanced,1,0,2025-04-11,2025-04-11,Single-Course (1)
U00590,browndonna,19,18–25,Male,jonathan07@gmail.com,1,0.0,Business,Advanced,1,0,2025-11-30,2025-11-30,Single-Course (1)
U00591,kendramcdonald,35,26–35,Male,hwright@yahoo.com,2,0.0,Data Science,Beginner,2,0,2025-02-11,2025-08-07,Moderate (2-3)
U00592,barbara94,18,18–25,Female,david98@yahoo.com,14,963.18,Artificial Intelligence,Beginner,12,2,2025-01-20,2025-11-07,Power Learner (8+)
U00593,fmaxwell,23,18–25,Male,erictorres@gmail.com,2,89.59,Artificial Intelligence,Intermediate,1,1,2025-03-19,2025-07-25,Moderate (2-3)
U00594,gsims,20,18–25,Male,williamsjeremy@outlook.com,1,0.0,Programming,Beginner,1,0,2025-10-29,2025-10-29,Single-Course (1)
U00595,hrichardson,29,26–35,Male,aaronfigueroa@gmail.com,14,1075.46,Design,Beginner,10,4,2025-01-05,2025-12-15,Power Learner (8+)
U00596,hshaw,26,26–35,Male,harmonkaren@outlook.com,2,177.34,Digital Marketing,Beginner,1,1,2025-06-11,2025-06-19,Moderate (2-3)
U00597,suzanne13,28,26–35,Female,julielivingston@gmail.com,1,248.1,Artificial Intelligence,Beginner,0,1,2025-09-18,2025-09-18,Single-Course (1)
U00598,acraig,28,26–35,Male,simpsonmichael@gmail.com,1,415.51,Artificial Intelligence,Intermediate,0,1,2025-10-08,2025-10-08,Single-Course (1)
U00599,kristinharrison,33,26–35,Male,joseph09@yahoo.com,1,0.0,Machine Learning,Intermediate,1,0,2025-09-05,2025-09-05,Single-Course (1)
U00600,philip29,21,18–25,Male,rebekah00@gmail.com,1,0.0,Digital Marketing,Beginner,1,0,2025-11-11,2025-11-11,Single-Course (1)
U00601,ginawilkins,24,18–25,Male,annjenkins@outlook.com,1,0.0,Web Development,Advanced,1,0,2025-11-04,2025-11-04,Single-Course (1)
U00602,chowell,25,18–25,Female,jessefisher@gmail.com,3,0.0,Digital Marketing,Beginner,3,0,2025-05-12,2025-12-21,Moderate (2-3)
U00603,xbryant,35,26–35,Male,cruzkatherine@gmail.com,2,0.78,Finance,Intermediate,1,1,2025-02-24,2025-09-24,Moderate (2-3)
U00604,mercedes21,30,26–35,Female,jonathanmorales@hotmail.com,14,662.44,Machine Learning,Beginner,11,3,2025-03-16,2025-11-25,Power Learner (8+)
U00605,graypatricia,30,26–35,Female,rebecca06@gmail.com,3,117.68,Artificial Intelligence,Beginner,2,1,2025-06-20,2025-11-11,Moderate (2-3)
U00606,tiffanywilliams,33,26–35,Female,fhawkins@yahoo.com,2,0.0,Business,Beginner,2,0,2025-07-24,2025-07-28,Moderate (2-3)
U00607,bobby98,30,26–35,Male,crios@outlook.com,2,285.99,Artificial Intelligence,Beginner,0,2,2025-06-03,2025-11-07,Moderate (2-3)
U00608,adrianconley,31,26–35,Male,autumnlee@gmail.com,1,0.0,Programming,Intermediate,1,0,2025-07-09,2025-07-09,Single-Course (1)
U00609,marissa45,33,26–35,Female,colin68@hotmail.com,4,327.99,Business,Beginner,3,1,2025-03-11,2025-11-20,Active (4-7)
U00610,ericcraig,19,18–25,Male,martineztimothy@gmail.com,1,0.0,Marketing,Advanced,1,0,2025-03-25,2025-03-25,Single-Course (1)
U00611,christophercontreras,30,26–35,Male,jamescampbell@yahoo.com,2,415.51,Artificial Intelligence,Intermediate,1,1,2025-08-29,2025-09-03,Moderate (2-3)
U00612,kellytaylor,23,18–25,Male,shawbrenda@hotmail.com,1,57.32,Web Development,Advanced,0,1,2025-05-02,2025-05-02,Single-Course (1)
U00613,jessica15,24,18–25,Male,osmith@outlook.com,2,490.9,Artificial Intelligence,Beginner,1,1,2025-02-27,2025-09-25,Moderate (2-3)
U00614,samuelmiles,23,18–25,Female,carlos12@outlook.com,1,0.0,Digital Marketing,Beginner,1,0,2025-08-03,2025-08-03,Single-Course (1)
U00615,mrobinson,20,18–25,Male,linda21@hotmail.com,1,0.0,Business,Advanced,1,0,2025-10-07,2025-10-07,Single-Course (1)
U00616,joshua33,19,18–25,Female,mariacontreras@yahoo.com,2,0.0,Cybersecurity,Beginner,2,0,2025-08-12,2025-11-03,Moderate (2-3)
U00617,bradyolivia,18,18–25,Female,glennhill@outlook.com,1,0.0,Data Science,Intermediate,1,0,2025-09-20,2025-09-20,Single-Course (1)
U00618,rlee,22,18–25,Male,palmerdawn@outlook.com,1,0.0,Digital Marketing,Beginner,1,0,2025-06-29,2025-06-29,Single-Course (1)
U00619,brittanymclean,32,26–35,Female,vwilliams@yahoo.com,12,636.6500000000001,Cybersecurity,Intermediate,8,4,2025-01-07,2025-12-18,Power Learner (8+)
U00620,antonio11,30,26–35,Male,newmanrichard@gmail.com,1,0.0,Finance,Advanced,1,0,2025-04-29,2025-04-29,Single-Course (1)
U00621,smithjill,20,18–25,Male,justinmendez@yahoo.com,2,0.0,Programming,Beginner,2,0,2025-12-15,2025-12-19,Moderate (2-3)
U00622,xhernandez,28,26–35,Female,hoodmelinda@yahoo.com,13,524.05,Data Science,Advanced,11,2,2025-01-01,2025-12-23,Power Learner (8+)
U00623,omar61,23,18–25,Female,diana26@yahoo.com,2,119.04,Digital Marketing,Intermediate,1,1,2025-04-07,2025-08-28,Moderate (2-3)
U00624,reneeanderson,34,26–35,Female,jasonsmith@outlook.com,2,0.0,Design,Beginner,2,0,2025-02-25,2025-05-08,Moderate (2-3)
U00625,kimberly36,28,26–35,Male,jeffreyhernandez@gmail.com,4,394.26,Cybersecurity,Intermediate,3,1,2025-02-12,2025-12-18,Active (4-7)
U00626,emily75,19,18–25,Male,morganheather@hotmail.com,1,177.34,Digital Marketing,Advanced,0,1,2025-05-16,2025-05-16,Single-Course (1)
U00627,robertsdavid,34,26–35,Female,theresa32@outlook.com,4,487.92,Machine Learning,Beginner,3,1,2025-01-27,2025-08-22,Active (4-7)
U00628,david75,32,26–35,Female,brittany51@outlook.com,2,472.28,Programming,Beginner,1,1,2025-09-19,2025-11-19,Moderate (2-3)
U00629,toni46,20,18–25,Female,rickybruce@outlook.com,1,0.0,Design,Advanced,1,0,2025-05-17,2025-05-17,Single-Course (1)
U00630,trevorwhite,17,<18,Male,ksmith@outlook.com,3,296.38,Finance,Beginner,1,2,2025-03-22,2025-12-21,Moderate (2-3)
U00631,heathdonna,20,18–25,Male,aliciathomas@yahoo.com,2,0.0,Cybersecurity,Intermediate,2,0,2025-01-04,2025-01-23,Moderate (2-3)
U00632,zknox,26,26–35,Female,mcneildaniel@hotmail.com,1,0.0,Machine Learning,Advanced,1,0,2025-09-09,2025-09-09,Single-Course (1)
U00633,reidlisa,35,26–35,Female,alexanderblack@gmail.com,14,1177.45,Business,Advanced,8,6,2025-01-11,2025-12-22,Power Learner (8+)
U00634,bradley56,15,<18,Female,prestonemily@gmail.com,3,276.37,Design,Advanced,2,1,2025-04-14,2025-09-02,Moderate (2-3)
U00635,dmahoney,26,26–35,Female,rolsen@yahoo.com,1,0.0,Machine Learning,Intermediate,1,0,2025-03-27,2025-03-27,Single-Course (1)
U00636,parkermaria,21,18–25,Female,fgarza@yahoo.com,13,1701.73,Business,Beginner,9,4,2025-01-13,2025-12-25,Power Learner (8+)
U00637,kbrandt,22,18–25,Female,rruiz@outlook.com,2,529.6,Programming,Beginner,0,2,2025-01-22,2025-12-18,Moderate (2-3)
U00638,austin36,19,18–25,Female,moyerbrian@outlook.com,2,57.32,Web Development,Advanced,1,1,2025-02-18,2025-03-12,Moderate (2-3)
U00639,wscott,33,26–35,Female,joshuaharrell@hotmail.com,14,1010.86,Cybersecurity,Advanced,9,5,2025-01-05,2025-12-16,Power Learner (8+)
U00640,jon73,31,26–35,Male,yjackson@gmail.com,1,490.9,Artificial Intelligence,Beginner,0,1,2025-03-02,2025-03-02,Single-Course (1)
U00641,nancy60,32,26–35,Male,kayleewashington@gmail.com,1,342.61,Project Management,Intermediate,0,1,2025-11-18,2025-11-18,Single-Course (1)
U00642,rmeza,17,<18,Male,christopherfarrell@yahoo.com,2,0.0,Business,Beginner,2,0,2025-04-27,2025-08-18,Moderate (2-3)
U00643,cynthia57,20,18–25,Female,nthomas@gmail.com,1,327.99,Project Management,Beginner,0,1,2025-12-01,2025-12-01,Single-Course (1)
U00644,montgomerykathleen,20,18–25,Female,ymata@hotmail.com,1,0.0,Programming,Beginner,1,0,2025-05-14,2025-05-14,Single-Course (1)
U00645,dennis23,23,18–25,Female,johnsonkimberly@yahoo.com,1,299.57,Data Science,Beginner,0,1,2025-08-01,2025-08-01,Single-Course (1)
U00646,smurphy,29,26–35,Female,jamie76@hotmail.com,1,0.0,Programming,Beginner,1,0,2025-07-06,2025-07-06,Single-Course (1)
U00647,richard50,26,26–35,Female,jwatkins@outlook.com,1,487.92,Business,Advanced,0,1,2025-01-16,2025-01-16,Single-Course (1)
U00648,madeline85,19,18–25,Male,mcclainderrick@yahoo.com,2,472.28,Digital Marketing,Beginner,1,1,2025-01-30,2025-02-22,Moderate (2-3)
U00649,thomaslawson,32,26–35,Male,thomas06@outlook.com,1,415.51,Artificial Intelligence,Intermediate,0,1,2025-11-24,2025-11-24,Single-Course (1)
U00650,xknapp,26,26–35,Female,samuelolson@hotmail.com,1,0.0,Marketing,Intermediate,1,0,2025-02-25,2025-02-25,Single-Course (1)
U00651,mmeadows,29,26–35,Male,johnwright@hotmail.com,4,296.38,Programming,Beginner,2,2,2025-03-11,2025-10-30,Active (4-7)
U00652,cwebb,16,<18,Female,cassidyanderson@gmail.com,2,394.26,Cybersecurity,Beginner,1,1,2025-01-24,2025-04-01,Moderate (2-3)
U00653,terrigreen,15,<18,Male,michelle26@yahoo.com,1,346.71,Project Management,Advanced,0,1,2025-06-30,2025-06-30,Single-Course (1)
U00654,ehall,24,18–25,Male,brandon30@gmail.com,2,53.86,Finance,Beginner,1,1,2025-02-09,2025-10-13,Moderate (2-3)
U00655,jbailey,33,26–35,Female,bmason@gmail.com,1,53.86,Finance,Beginner,0,1,2025-03-02,2025-03-02,Single-Course (1)
U00656,vanessapearson,31,26–35,Male,johnbarnett@hotmail.com,1,0.0,Finance,Beginner,1,0,2025-04-25,2025-04-25,Single-Course (1)
U00657,bensonandrew,23,18–25,Male,swilson@hotmail.com,1,89.59,Artificial Intelligence,Intermediate,0,1,2025-08-07,2025-08-07,Single-Course (1)
U00658,djohnston,23,18–25,Female,timothyfarmer@yahoo.com,1,0.0,Digital Marketing,Intermediate,1,0,2025-12-29,2025-12-29,Single-Course (1)
U00659,dbennett,33,26–35,Male,rebekahjacobson@hotmail.com,2,0.0,Finance,Beginner,2,0,2025-08-19,2025-09-06,Moderate (2-3)
U00660,gardnerjohn,22,18–25,Male,harrisdavid@outlook.com,2,577.51,Artificial Intelligence,Intermediate,0,2,2025-05-10,2025-06-19,Moderate (2-3)
U00661,robert38,23,18–25,Female,curtispaul@gmail.com,4,212.39,Programming,Intermediate,3,1,2025-02-12,2025-11-04,Active (4-7)
U00662,greggcarter,30,26–35,Female,debra93@gmail.com,1,285.05,Business,Beginner,0,1,2025-12-04,2025-12-04,Single-Course (1)
U00663,brittneysanders,35,26–35,Male,elowe@yahoo.com,1,285.05,Business,Beginner,0,1,2025-08-09,2025-08-09,Single-Course (1)
U00664,lopezashley,17,<18,Male,jeremy21@outlook.com,1,117.68,Data Science,Advanced,0,1,2025-02-18,2025-02-18,Single-Course (1)
U00665,laura09,35,26–35,Male,millersonya@yahoo.com,1,37.89,Web Development,Advanced,0,1,2025-06-10,2025-06-10,Single-Course (1)
U00666,idavis,30,26–35,Female,lucasderek@hotmail.com,12,969.72,Project Management,Advanced,8,4,2025-01-04,2025-11-28,Power Learner (8+)
U00667,oconnorjennifer,18,18–25,Female,emily56@gmail.com,2,212.39,Digital Marketing,Advanced,1,1,2025-06-12,2025-08-09,Moderate (2-3)
U00668,jeffreybishop,34,26–35,Female,hernandezthomas@yahoo.com,2,0.0,Marketing,Beginner,2,0,2025-01-02,2025-02-04,Moderate (2-3)
U00669,yvette06,20,18–25,Female,joseph22@hotmail.com,1,248.1,Artificial Intelligence,Beginner,0,1,2025-01-13,2025-01-13,Single-Course (1)
U00670,david51,17,<18,Male,nathan64@gmail.com,2,0.0,Cybersecurity,Beginner,2,0,2025-04-15,2025-09-07,Moderate (2-3)
U00671,brandonsteele,18,18–25,Female,louis72@gmail.com,1,0.0,Business,Advanced,1,0,2025-04-01,2025-04-01,Single-Course (1)
U00672,andersonanita,15,<18,Male,derrick43@gmail.com,1,0.0,Marketing,Intermediate,1,0,2025-10-09,2025-10-09,Single-Course (1)
U00673,michaeldavid,24,18–25,Female,harveytaylor@gmail.com,2,380.5,Project Management,Intermediate,0,2,2025-06-16,2025-07-07,Moderate (2-3)
U00674,stephen71,21,18–25,Male,zoliver@hotmail.com,1,0.0,Business,Advanced,1,0,2025-01-04,2025-01-04,Single-Course (1)
U00675,hollandashley,20,18–25,Female,courtneybryant@yahoo.com,1,0.0,Marketing,Advanced,1,0,2025-03-03,2025-03-03,Single-Course (1)
U00676,qwilliams,32,26–35,Male,scott24@yahoo.com,2,0.0,Design,Advanced,2,0,2025-09-02,2025-09-20,Moderate (2-3)
U00677,jodynolan,35,26–35,Female,lhill@outlook.com,1,415.51,Artificial Intelligence,Intermediate,0,1,2025-05-25,2025-05-25,Single-Course (1)
U00678,brooksheather,33,26–35,Female,danielmelendez@outlook.com,1,0.0,Finance,Beginner,1,0,2025-01-11,2025-01-11,Single-Course (1)
U00679,morganscott,28,26–35,Male,michellelang@yahoo.com,1,276.37,Design,Advanced,0,1,2025-08-22,2025-08-22,Single-Course (1)
U00680,patricia23,35,26–35,Female,martinburch@yahoo.com,1,487.92,Business,Advanced,0,1,2025-11-06,2025-11-06,Single-Course (1)
U00681,mary67,32,26–35,Male,henglish@gmail.com,2,0.0,Business,Intermediate,2,0,2025-02-17,2025-02-22,Moderate (2-3)
U00682,moneill,33,26–35,Male,imiles@yahoo.com,1,0.0,Digital Marketing,Beginner,1,0,2025-12-02,2025-12-02,Single-Course (1)
U00683,fernandeznathan,20,18–25,Female,paulsanchez@yahoo.com,1,0.0,Design,Advanced,1,0,2025-04-02,2025-04-02,Single-Course (1)
U00684,kennethjohnston,28,26–35,Female,bradfordwayne@gmail.com,3,0.0,Design,Advanced,3,0,2025-04-27,2025-06-10,Moderate (2-3)
U00685,nwashington,29,26–35,Female,tracey29@gmail.com,1,487.92,Business,Advanced,0,1,2025-02-05,2025-02-05,Single-Course (1)
U00686,kjohnson,35,26–35,Female,ojames@hotmail.com,1,0.0,Web Development,Beginner,1,0,2025-11-20,2025-11-20,Single-Course (1)
U00687,richard03,29,26–35,Female,smithadam@yahoo.com,15,1775.49,Web Development,Beginner,7,8,2025-01-03,2025-12-01,Power Learner (8+)
U00688,cassandra27,30,26–35,Female,allen54@gmail.com,2,0.78,Machine Learning,Advanced,1,1,2025-04-01,2025-10-29,Moderate (2-3)
U00689,mary45,19,18–25,Female,jennifersmith@outlook.com,2,0.0,Design,Intermediate,2,0,2025-02-05,2025-02-28,Moderate (2-3)
U00690,chad34,29,26–35,Female,laurie35@outlook.com,1,0.0,Digital Marketing,Intermediate,1,0,2025-03-02,2025-03-02,Single-Course (1)
U00691,bthompson,16,<18,Female,ehebert@outlook.com,1,0.0,Design,Advanced,1,0,2025-11-06,2025-11-06,Single-Course (1)
U00692,ramirezcarol,27,26–35,Male,turnerkathleen@hotmail.com,1,0.0,Project Management,Intermediate,1,0,2025-12-21,2025-12-21,Single-Course (1)
U00693,sawyerjustin,35,26–35,Female,tracyhernandez@hotmail.com,1,57.32,Web Development,Advanced,0,1,2025-01-21,2025-01-21,Single-Course (1)
U00694,gthompson,33,26–35,Female,brownrachel@gmail.com,1,0.0,Data Science,Intermediate,1,0,2025-10-27,2025-10-27,Single-Course (1)
U00695,escobardaniel,31,26–35,Female,michaelwilliams@yahoo.com,1,0.0,Design,Advanced,1,0,2025-06-03,2025-06-03,Single-Course (1)
U00696,edwardbryant,25,18–25,Male,rpratt@outlook.com,1,0.0,Project Management,Intermediate,1,0,2025-05-25,2025-05-25,Single-Course (1)
U00697,rebekah50,32,26–35,Female,sean35@hotmail.com,1,0.0,Programming,Beginner,1,0,2025-02-20,2025-02-20,Single-Course (1)
U00698,petersonkaren,32,26–35,Female,sanchezlawrence@outlook.com,2,37.89,Marketing,Advanced,1,1,2025-06-02,2025-07-20,Moderate (2-3)
U00699,noah18,20,18–25,Male,armstrongdanielle@yahoo.com,2,0.0,Machine Learning,Intermediate,2,0,2025-01-11,2025-08-27,Moderate (2-3)
U00700,amyarnold,25,18–25,Male,rkelly@yahoo.com,1,117.68,Data Science,Advanced,0,1,2025-04-17,2025-04-17,Single-Course (1)
U00701,alexis83,32,26–35,Male,wcowan@yahoo.com,14,1435.67,Business,Intermediate,9,5,2025-01-14,2025-12-21,Power Learner (8+)
U00702,robertwashington,22,18–25,Female,jason32@outlook.com,3,0.0,Design,Advanced,3,0,2025-09-18,2025-12-26,Moderate (2-3)
U00703,traviswilson,32,26–35,Female,holmesjustin@yahoo.com,3,469.37,Artificial Intelligence,Beginner,1,2,2025-02-05,2025-06-29,Moderate (2-3)
U00704,veronica98,30,26–35,Male,john82@outlook.com,13,1528.24,Project Management,Beginner,7,6,2025-02-09,2025-11-09,Power Learner (8+)
U00705,lynnburke,15,<18,Male,navarrosteven@gmail.com,1,0.0,Marketing,Advanced,1,0,2025-04-24,2025-04-24,Single-Course (1)
U00706,jonesmary,21,18–25,Male,jonespatricia@outlook.com,2,787.49,Business,Beginner,0,2,2025-05-16,2025-11-05,Moderate (2-3)
U00707,eric25,29,26–35,Male,nathanthomas@hotmail.com,1,0.0,Design,Beginner,1,0,2025-05-19,2025-05-19,Single-Course (1)
U00708,rodney07,29,26–35,Female,stephaniedavis@outlook.com,1,0.0,Marketing,Intermediate,1,0,2025-02-06,2025-02-06,Single-Course (1)
U00709,ygregory,23,18–25,Female,nsmith@yahoo.com,14,1042.92,Digital Marketing,Beginner,11,3,2025-01-15,2025-12-30,Power Learner (8+)
U00710,virginia47,19,18–25,Male,mullinsdavid@outlook.com,1,248.1,Artificial Intelligence,Beginner,0,1,2025-05-07,2025-05-07,Single-Course (1)
U00711,ataylor,27,26–35,Male,allenerica@outlook.com,2,327.99,Project Management,Beginner,1,1,2025-01-08,2025-03-12,Moderate (2-3)
U00712,wendybrown,27,26–35,Female,jarvischelsea@outlook.com,2,0.0,Business,Intermediate,2,0,2025-01-01,2025-07-28,Moderate (2-3)
U00713,joseph60,17,<18,Female,nancy15@outlook.com,1,472.28,Programming,Beginner,0,1,2025-01-05,2025-01-05,Single-Course (1)
U00714,curtissmith,25,18–25,Male,rgreene@gmail.com,3,0.0,Data Science,Beginner,3,0,2025-02-16,2025-10-28,Moderate (2-3)
U00715,teresalynn,25,18–25,Female,christopher01@gmail.com,1,0.0,Business,Advanced,1,0,2025-02-22,2025-02-22,Single-Course (1)
U00716,victoriawalter,29,26–35,Male,cjones@gmail.com,4,295.02,Data Science,Advanced,2,2,2025-05-10,2025-10-14,Active (4-7)
U00717,michaeljohnson,34,26–35,Female,webernicholas@yahoo.com,1,0.0,Cybersecurity,Intermediate,1,0,2025-07-13,2025-07-13,Single-Course (1)
U00718,christopher99,27,26–35,Female,mia13@yahoo.com,2,285.05,Business,Beginner,1,1,2025-01-30,2025-10-18,Moderate (2-3)
U00719,diazlinda,25,18–25,Female,nmiller@yahoo.com,1,117.68,Data Science,Advanced,0,1,2025-09-27,2025-09-27,Single-Course (1)
U00720,coleashley,17,<18,Female,briggsgrant@hotmail.com,1,415.51,Artificial Intelligence,Intermediate,0,1,2025-12-21,2025-12-21,Single-Course (1)
U00721,adavenport,20,18–25,Female,cgriffin@outlook.com,1,0.0,Design,Advanced,1,0,2025-04-03,2025-04-03,Single-Course (1)
U00722,smontgomery,16,<18,Female,michaelhunter@gmail.com,3,276.37,Business,Advanced,2,1,2025-06-05,2025-09-04,Moderate (2-3)
U00723,tcolon,35,26–35,Male,benjamin17@hotmail.com,14,1213.6599999999999,Project Management,Beginner,8,6,2025-01-27,2025-11-20,Power Learner (8+)
U00724,elizabeth68,16,<18,Female,patrick77@hotmail.com,15,1375.81,Business,Intermediate,11,4,2025-01-18,2025-11-15,Power Learner (8+)
U00725,martinbarbara,28,26–35,Female,christine02@gmail.com,1,0.0,Web Development,Beginner,1,0,2025-05-10,2025-05-10,Single-Course (1)
U00726,ssanchez,26,26–35,Female,erikamccann@outlook.com,1,472.28,Programming,Beginner,0,1,2025-03-16,2025-03-16,Single-Course (1)
U00727,jeffreystewart,33,26–35,Female,tsexton@gmail.com,4,389.73,Digital Marketing,Advanced,2,2,2025-04-03,2025-11-01,Active (4-7)
U00728,teresa67,17,<18,Male,christopher71@hotmail.com,1,0.0,Marketing,Intermediate,1,0,2025-10-04,2025-10-04,Single-Course (1)
U00729,vsmith,30,26–35,Male,william39@yahoo.com,2,0.0,Marketing,Beginner,2,0,2025-01-08,2025-06-20,Moderate (2-3)
U00730,nbuckley,30,26–35,Male,ianderson@hotmail.com,2,487.92,Business,Advanced,1,1,2025-06-21,2025-08-13,Moderate (2-3)
U00731,duane21,16,<18,Male,spearsmitchell@outlook.com,2,285.05,Business,Beginner,1,1,2025-05-06,2025-09-17,Moderate (2-3)
U00732,andrew96,22,18–25,Male,darryllucas@hotmail.com,1,394.26,Cybersecurity,Intermediate,0,1,2025-06-29,2025-06-29,Single-Course (1)
U00733,evansjill,28,26–35,Female,randyberry@yahoo.com,1,0.0,Design,Advanced,1,0,2025-04-27,2025-04-27,Single-Course (1)
U00734,georgemartin,20,18–25,Male,christophercox@outlook.com,4,299.57,Data Science,Advanced,3,1,2025-04-13,2025-12-03,Active (4-7)
U00735,brian79,17,<18,Male,mejiaveronica@gmail.com,2,212.39,Business,Advanced,1,1,2025-01-08,2025-05-05,Moderate (2-3)
U00736,yarmstrong,19,18–25,Female,miranda26@yahoo.com,1,0.0,Machine Learning,Intermediate,1,0,2025-07-22,2025-07-22,Single-Course (1)
U00737,david99,18,18–25,Male,ddaniel@outlook.com,2,207.27,Artificial Intelligence,Intermediate,0,2,2025-01-29,2025-05-15,Moderate (2-3)
U00738,kevin65,29,26–35,Female,christopherharris@gmail.com,3,250.27999999999997,Cybersecurity,Advanced,1,2,2025-03-26,2025-09-26,Moderate (2-3)
U00739,robinsonaaron,25,18–25,Female,katie36@gmail.com,1,0.0,Finance,Intermediate,1,0,2025-01-16,2025-01-16,Single-Course (1)
U00740,lrodgers,34,26–35,Female,pamerickson@hotmail.com,1,327.99,Project Management,Beginner,0,1,2025-09-25,2025-09-25,Single-Course (1)
U00741,joseph57,33,26–35,Female,robertbennett@hotmail.com,4,461.65000000000003,Finance,Intermediate,2,2,2025-03-11,2025-12-10,Active (4-7)
U00742,sthomas,29,26–35,Male,christina80@gmail.com,1,327.99,Project Management,Beginner,0,1,2025-03-14,2025-03-14,Single-Course (1)
U00743,kchandler,19,18–25,Male,moralesmicheal@gmail.com,4,37.89,Programming,Beginner,3,1,2025-05-04,2025-10-26,Active (4-7)
U00744,susan70,15,<18,Male,shannonbell@yahoo.com,1,0.0,Marketing,Advanced,1,0,2025-12-17,2025-12-17,Single-Course (1)
U00745,colemanshannon,29,26–35,Female,laura10@hotmail.com,2,0.0,Business,Advanced,2,0,2025-06-28,2025-11-22,Moderate (2-3)
U00746,brianwright,28,26–35,Male,middletonmiranda@gmail.com,2,276.37,Business,Advanced,1,1,2025-03-26,2025-11-11,Moderate (2-3)
U00747,scruz,28,26–35,Female,fmiller@gmail.com,1,0.0,Web Development,Beginner,1,0,2025-10-24,2025-10-24,Single-Course (1)
U00748,gyang,30,26–35,Female,pwhite@gmail.com,2,0.0,Business,Advanced,2,0,2025-01-15,2025-11-01,Moderate (2-3)
U00749,suarezjason,18,18–25,Male,shelly11@outlook.com,1,0.0,Marketing,Intermediate,1,0,2025-11-25,2025-11-25,Single-Course (1)
U00750,brittany20,23,18–25,Female,brittany01@outlook.com,1,487.92,Business,Advanced,0,1,2025-04-17,2025-04-17,Single-Course (1)
U00751,alex00,19,18–25,Male,tkane@hotmail.com,1,0.0,Programming,Beginner,1,0,2025-02-22,2025-02-22,Single-Course (1)
U00752,gregoryramirez,30,26–35,Male,johnnyhenderson@outlook.com,13,1666.65,Design,Beginner,8,5,2025-01-10,2025-10-14,Power Learner (8+)
U00753,fallen,28,26–35,Male,piercejustin@hotmail.com,2,0.0,Marketing,Beginner,2,0,2025-02-25,2025-09-06,Moderate (2-3)
U00754,wchapman,33,26–35,Male,daniel53@hotmail.com,1,490.9,Artificial Intelligence,Beginner,0,1,2025-12-18,2025-12-18,Single-Course (1)
U00755,fnelson,31,26–35,Male,schmidtrussell@outlook.com,1,0.0,Cybersecurity,Intermediate,1,0,2025-07-25,2025-07-25,Single-Course (1)
U00756,gloverronald,33,26–35,Female,tara80@hotmail.com,1,0.0,Finance,Intermediate,1,0,2025-05-07,2025-05-07,Single-Course (1)
U00757,greghiggins,22,18–25,Female,chris37@yahoo.com,1,53.86,Finance,Beginner,0,1,2025-08-28,2025-08-28,Single-Course (1)
U00758,jacobcherry,16,<18,Male,wongana@yahoo.com,1,0.0,Business,Advanced,1,0,2025-02-15,2025-02-15,Single-Course (1)
U00759,jerryfuentes,22,18–25,Male,alec74@hotmail.com,1,0.78,Machine Learning,Advanced,0,1,2025-04-06,2025-04-06,Single-Course (1)
U00760,donnahudson,21,18–25,Female,steven45@gmail.com,13,1583.69,Programming,Beginner,8,5,2025-01-07,2025-12-29,Power Learner (8+)
U00761,vthomas,31,26–35,Male,bellbrian@gmail.com,1,0.0,Digital Marketing,Beginner,1,0,2025-11-26,2025-11-26,Single-Course (1)
U00762,marieboyd,22,18–25,Female,lbryant@gmail.com,1,346.71,Project Management,Advanced,0,1,2025-09-19,2025-09-19,Single-Course (1)
U00763,ccook,16,<18,Male,nenglish@hotmail.com,1,0.0,Data Science,Intermediate,1,0,2025-04-22,2025-04-22,Single-Course (1)
U00764,millerjay,18,18–25,Male,smithvictoria@yahoo.com,2,0.0,Marketing,Advanced,2,0,2025-04-03,2025-04-24,Moderate (2-3)
U00765,carrillonathaniel,31,26–35,Female,brittany31@yahoo.com,11,1188.0,Data Science,Intermediate,7,4,2025-02-22,2025-12-14,Power Learner (8+)
U00766,rebecca41,31,26–35,Female,brockvirginia@outlook.com,3,0.0,Marketing,Intermediate,3,0,2025-06-02,2025-08-25,Moderate (2-3)
U00767,iestes,16,<18,Female,idavis@yahoo.com,14,1529.52,Programming,Intermediate,9,5,2025-01-09,2025-11-15,Power Learner (8+)
U00768,castilloallen,19,18–25,Male,devon29@yahoo.com,2,0.0,Design,Beginner,2,0,2025-01-15,2025-12-18,Moderate (2-3)
U00769,nicholaswatkins,16,<18,Female,campbellsharon@gmail.com,1,0.0,Design,Advanced,1,0,2025-10-16,2025-10-16,Single-Course (1)
U00770,pnorris,29,26–35,Male,laurennavarro@gmail.com,1,0.0,Machine Learning,Intermediate,1,0,2025-02-11,2025-02-11,Single-Course (1)
U00771,ashley15,18,18–25,Male,lewisjamie@outlook.com,1,285.05,Business,Beginner,0,1,2025-01-19,2025-01-19,Single-Course (1)
U00772,lindseylawson,24,18–25,Female,brandon45@yahoo.com,13,342.61,Cybersecurity,Intermediate,12,1,2025-01-19,2025-12-11,Power Learner (8+)
U00773,tlewis,25,18–25,Female,jonesrachel@gmail.com,1,119.04,Finance,Intermediate,0,1,2025-05-07,2025-05-07,Single-Course (1)
U00774,qarmstrong,27,26–35,Male,jodyolson@outlook.com,1,0.0,Cybersecurity,Advanced,1,0,2025-03-02,2025-03-02,Single-Course (1)
U00775,timothy66,29,26–35,Female,gregoryalison@hotmail.com,14,1391.3999999999999,Programming,Beginner,8,6,2025-01-22,2025-12-28,Power Learner (8+)
U00776,smithgloria,26,26–35,Female,rbrown@yahoo.com,1,490.9,Artificial Intelligence,Beginner,0,1,2025-04-02,2025-04-02,Single-Course (1)
U00777,donaldcastillo,29,26–35,Male,lewisrachael@outlook.com,4,999.8799999999999,Business,Beginner,1,3,2025-01-04,2025-12-06,Active (4-7)
U00778,darrencarey,33,26–35,Male,kristina95@gmail.com,2,0.0,Machine Learning,Intermediate,2,0,2025-02-04,2025-03-16,Moderate (2-3)
U00779,vargasemily,24,18–25,Female,westvictor@gmail.com,1,0.0,Cybersecurity,Advanced,1,0,2025-09-30,2025-09-30,Single-Course (1)
U00780,christopherduran,32,26–35,Female,haleygould@yahoo.com,1,0.0,Programming,Intermediate,1,0,2025-11-01,2025-11-01,Single-Course (1)
U00781,lucasnorman,18,18–25,Female,martindeborah@gmail.com,1,0.0,Data Science,Intermediate,1,0,2025-01-07,2025-01-07,Single-Course (1)
U00782,hholt,25,18–25,Male,grodgers@hotmail.com,1,0.0,Design,Advanced,1,0,2025-06-24,2025-06-24,Single-Course (1)
U00783,joliver,35,26–35,Female,courtneyanthony@gmail.com,2,57.32,Data Science,Intermediate,1,1,2025-03-24,2025-06-18,Moderate (2-3)
U00784,obrienjessica,22,18–25,Female,stephaniereed@yahoo.com,2,299.57,Data Science,Beginner,1,1,2025-06-28,2025-09-16,Moderate (2-3)
U00785,fisherkathryn,17,<18,Female,menglish@yahoo.com,1,0.0,Digital Marketing,Intermediate,1,0,2025-02-28,2025-02-28,Single-Course (1)
U00786,johnobrien,32,26–35,Female,tduncan@gmail.com,13,1193.7,Finance,Advanced,8,5,2025-02-12,2025-12-20,Power Learner (8+)
U00787,alexisjones,29,26–35,Female,nwatts@outlook.com,9,510.16999999999996,Programming,Beginner,7,2,2025-02-20,2025-11-01,Power Learner (8+)
U00788,dalton45,24,18–25,Male,jessica89@yahoo.com,2,0.0,Digital Marketing,Beginner,2,0,2025-02-12,2025-06-10,Moderate (2-3)
U00789,edwardbishop,17,<18,Female,hgeorge@gmail.com,2,37.89,Data Science,Beginner,1,1,2025-02-17,2025-08-15,Moderate (2-3)
U00790,weekssamuel,16,<18,Female,hensonkevin@yahoo.com,2,347.48999999999995,Machine Learning,Advanced,0,2,2025-04-02,2025-09-02,Moderate (2-3)
U00791,ggibbs,34,26–35,Female,megan67@yahoo.com,2,89.59,Artificial Intelligence,Intermediate,1,1,2025-09-16,2025-12-16,Moderate (2-3)
U00792,ralphrobertson,20,18–25,Male,piercestacy@hotmail.com,1,346.71,Project Management,Advanced,0,1,2025-01-25,2025-01-25,Single-Course (1)
U00793,jasonchapman,19,18–25,Male,amberrice@gmail.com,4,212.39,Digital Marketing,Advanced,3,1,2025-03-25,2025-08-29,Active (4-7)
U00794,zperkins,23,18–25,Female,deanna03@yahoo.com,2,0.0,Artificial Intelligence,Beginner,2,0,2025-09-07,2025-12-03,Moderate (2-3)
U00795,pkent,34,26–35,Female,kellymoore@gmail.com,3,285.05,Business,Beginner,2,1,2025-05-11,2025-11-21,Moderate (2-3)
U00796,belljacob,22,18–25,Female,rachellewis@outlook.com,2,212.39,Digital Marketing,Beginner,1,1,2025-07-07,2025-07-14,Moderate (2-3)
U00797,djohnson,20,18–25,Male,brenda73@outlook.com,3,0.0,Design,Intermediate,3,0,2025-01-16,2025-07-12,Moderate (2-3)
U00798,phillipgarza,19,18–25,Female,ashleyjohnson@outlook.com,1,0.0,Design,Advanced,1,0,2025-06-11,2025-06-11,Single-Course (1)
U00799,danielle30,26,26–35,Female,april48@outlook.com,2,0.0,Data Science,Beginner,2,0,2025-03-02,2025-08-02,Moderate (2-3)
U00800,denniskara,29,26–35,Female,petersonamber@yahoo.com,2,415.51,Artificial Intelligence,Intermediate,1,1,2025-03-13,2025-08-02,Moderate (2-3)
U00801,pmorse,32,26–35,Female,kellieandrade@hotmail.com,2,415.51,Artificial Intelligence,Intermediate,1,1,2025-01-02,2025-09-19,Moderate (2-3)
U00802,garciabradley,31,26–35,Male,susan84@outlook.com,2,119.04,Business,Intermediate,1,1,2025-05-24,2025-09-02,Moderate (2-3)
U00803,vyoung,26,26–35,Male,murphyelijah@hotmail.com,3,276.37,Business,Advanced,2,1,2025-07-22,2025-10-05,Moderate (2-3)
U00804,alexander76,24,18–25,Female,volson@hotmail.com,2,89.59,Artificial Intelligence,Beginner,1,1,2025-03-01,2025-04-22,Moderate (2-3)
U00805,shelly99,18,18–25,Female,fosterabigail@gmail.com,1,0.0,Marketing,Intermediate,1,0,2025-11-16,2025-11-16,Single-Course (1)
U00806,hollowaybrian,27,26–35,Male,hardyann@hotmail.com,1,0.0,Data Science,Beginner,1,0,2025-08-03,2025-08-03,Single-Course (1)
U00807,mark87,35,26–35,Female,theresa07@outlook.com,1,342.61,Project Management,Intermediate,0,1,2025-03-13,2025-03-13,Single-Course (1)
U00808,randalljensen,27,26–35,Female,sandrashaw@outlook.com,1,0.0,Artificial Intelligence,Beginner,1,0,2025-07-04,2025-07-04,Single-Course (1)
U00809,terrismith,24,18–25,Male,phansen@gmail.com,1,490.9,Artificial Intelligence,Beginner,0,1,2025-04-14,2025-04-14,Single-Course (1)
U00810,nshort,28,26–35,Male,kelsey23@hotmail.com,1,276.37,Design,Advanced,0,1,2025-11-01,2025-11-01,Single-Course (1)
U00811,rachel13,25,18–25,Female,kimberly43@gmail.com,3,487.92,Web Development,Beginner,2,1,2025-04-30,2025-12-28,Moderate (2-3)
U00812,greenbradley,24,18–25,Female,jenniferpalmer@yahoo.com,3,285.05,Design,Beginner,2,1,2025-03-06,2025-12-02,Moderate (2-3)
U00813,oberg,33,26–35,Male,andersonanthony@hotmail.com,4,0.0,Business,Intermediate,4,0,2025-09-18,2025-11-15,Active (4-7)
U00814,dana01,21,18–25,Female,hhoover@yahoo.com,1,0.0,Marketing,Advanced,1,0,2025-05-04,2025-05-04,Single-Course (1)
U00815,blevinskenneth,17,<18,Male,pcardenas@outlook.com,2,415.51,Artificial Intelligence,Intermediate,1,1,2025-02-05,2025-08-19,Moderate (2-3)
U00816,nortonjennifer,34,26–35,Male,christopher24@hotmail.com,3,89.59,Artificial Intelligence,Intermediate,2,1,2025-04-26,2025-12-10,Moderate (2-3)
U00817,xwilkins,35,26–35,Female,adaugherty@gmail.com,1,0.0,Web Development,Beginner,1,0,2025-03-08,2025-03-08,Single-Course (1)
U00818,josephthornton,20,18–25,Female,cynthia81@gmail.com,1,0.0,Marketing,Advanced,1,0,2025-02-28,2025-02-28,Single-Course (1)
U00819,macdonaldbarry,28,26–35,Female,greenangela@yahoo.com,14,1143.4099999999999,Cybersecurity,Beginner,9,5,2025-01-23,2025-12-04,Power Learner (8+)
U00820,rhunt,31,26–35,Female,georgeamanda@hotmail.com,3,487.92,Business,Beginner,2,1,2025-04-30,2025-09-28,Moderate (2-3)
U00821,sarawashington,23,18–25,Male,ashley12@yahoo.com,13,1597.3,Artificial Intelligence,Beginner,6,7,2025-01-11,2025-12-27,Power Learner (8+)
U00822,iweber,35,26–35,Female,allenjason@gmail.com,1,0.0,Programming,Intermediate,1,0,2025-02-25,2025-02-25,Single-Course (1)
U00823,burgessashley,22,18–25,Male,jsalinas@outlook.com,1,212.39,Digital Marketing,Advanced,0,1,2025-03-03,2025-03-03,Single-Course (1)
U00824,mary48,27,26–35,Male,josesmith@yahoo.com,1,0.0,Finance,Intermediate,1,0,2025-12-22,2025-12-22,Single-Course (1)
U00825,odavis,26,26–35,Male,richard58@gmail.com,3,487.92,Business,Advanced,2,1,2025-06-24,2025-11-08,Moderate (2-3)
U00826,jamespatel,16,<18,Male,maddoxashley@outlook.com,1,53.86,Finance,Beginner,0,1,2025-06-10,2025-06-10,Single-Course (1)
U00827,joshua59,26,26–35,Female,morrisonbrian@yahoo.com,2,0.0,Finance,Intermediate,2,0,2025-02-25,2025-04-09,Moderate (2-3)
U00828,tanya22,25,18–25,Male,brian39@hotmail.com,3,592.85,Artificial Intelligence,Intermediate,1,2,2025-01-18,2025-11-10,Moderate (2-3)
U00829,hthomas,22,18–25,Male,householly@hotmail.com,16,1338.31,Cybersecurity,Beginner,12,4,2025-01-17,2025-11-23,Power Learner (8+)
U00830,cookreginald,26,26–35,Female,qhiggins@outlook.com,1,326.02,Business,Intermediate,0,1,2025-05-15,2025-05-15,Single-Course (1)
U00831,stephanie39,18,18–25,Male,henryanderson@yahoo.com,2,0.0,Design,Beginner,2,0,2025-07-21,2025-08-01,Moderate (2-3)
U00832,chumphrey,20,18–25,Female,fingram@yahoo.com,1,0.0,Programming,Beginner,1,0,2025-06-08,2025-06-08,Single-Course (1)
U00833,anna24,32,26–35,Female,yangryan@hotmail.com,3,0.0,Machine Learning,Advanced,3,0,2025-03-13,2025-12-05,Moderate (2-3)
U00834,connor47,30,26–35,Male,foxrachel@gmail.com,1,0.0,Web Development,Beginner,1,0,2025-09-25,2025-09-25,Single-Course (1)
U00835,jonesnatalie,33,26–35,Female,johnstonheather@hotmail.com,1,0.0,Data Science,Intermediate,1,0,2025-07-23,2025-07-23,Single-Course (1)
U00836,vlee,29,26–35,Female,mgonzalez@gmail.com,15,931.6999999999999,Digital Marketing,Beginner,10,5,2025-02-13,2025-11-27,Power Learner (8+)
U00837,summersbenjamin,28,26–35,Male,tina58@outlook.com,4,285.05,Programming,Beginner,3,1,2025-04-02,2025-09-06,Active (4-7)
U00838,johnmclean,25,18–25,Female,ibailey@hotmail.com,12,1027.19,Data Science,Advanced,8,4,2025-01-20,2025-12-24,Power Learner (8+)
U00839,richardgonzales,33,26–35,Male,anne86@outlook.com,1,0.0,Cybersecurity,Beginner,1,0,2025-08-13,2025-08-13,Single-Course (1)
U00840,kristen96,18,18–25,Male,evanschad@gmail.com,3,394.26,Cybersecurity,Intermediate,2,1,2025-08-05,2025-12-21,Moderate (2-3)
U00841,potterchristine,29,26–35,Female,zjones@hotmail.com,1,0.0,Cybersecurity,Intermediate,1,0,2025-07-29,2025-07-29,Single-Course (1)
U00842,johnsonmichael,21,18–25,Female,slucas@hotmail.com,2,89.59,Artificial Intelligence,Beginner,1,1,2025-01-26,2025-12-20,Moderate (2-3)
U00843,danielrivera,21,18–25,Male,shieldsjustin@outlook.com,1,276.37,Design,Advanced,0,1,2025-01-15,2025-01-15,Single-Course (1)
U00844,bellnicholas,26,26–35,Male,rachelharris@gmail.com,1,0.0,Marketing,Intermediate,1,0,2025-02-05,2025-02-05,Single-Course (1)
U00845,larry84,25,18–25,Female,selena53@hotmail.com,1,53.86,Finance,Beginner,0,1,2025-08-18,2025-08-18,Single-Course (1)
U00846,geraldbrown,16,<18,Male,amanda42@hotmail.com,1,57.32,Web Development,Advanced,0,1,2025-05-27,2025-05-27,Single-Course (1)
U00847,cscott,23,18–25,Male,adamsjessica@gmail.com,1,0.0,Digital Marketing,Intermediate,1,0,2025-10-20,2025-10-20,Single-Course (1)
U00848,wlindsey,28,26–35,Male,alan56@hotmail.com,4,415.51,Artificial Intelligence,Intermediate,3,1,2025-02-06,2025-11-27,Active (4-7)
U00849,patrick51,20,18–25,Male,thompsonjack@gmail.com,2,248.1,Artificial Intelligence,Beginner,1,1,2025-03-20,2025-05-14,Moderate (2-3)
U00850,christopheradams,26,26–35,Male,brandon52@hotmail.com,15,897.9499999999999,Project Management,Advanced,11,4,2025-01-04,2025-12-04,Power Learner (8+)
U00851,jamesandersen,21,18–25,Male,gregorycastillo@outlook.com,1,0.0,Machine Learning,Intermediate,1,0,2025-06-10,2025-06-10,Single-Course (1)
U00852,scottgoodman,23,18–25,Male,mthomas@gmail.com,13,1579.1399999999999,Artificial Intelligence,Intermediate,9,4,2025-01-14,2025-12-17,Power Learner (8+)
U00853,qhancock,24,18–25,Male,jessicatate@yahoo.com,2,0.0,Machine Learning,Intermediate,2,0,2025-03-01,2025-06-01,Moderate (2-3)
U00854,jeffery46,28,26–35,Male,jenniferking@gmail.com,2,299.57,Data Science,Beginner,1,1,2025-12-12,2025-12-26,Moderate (2-3)
U00855,cmoody,15,<18,Female,jonathan95@yahoo.com,1,0.0,Programming,Beginner,1,0,2025-09-01,2025-09-01,Single-Course (1)
U00856,jeffreyosborne,21,18–25,Female,abrown@yahoo.com,1,0.0,Digital Marketing,Beginner,1,0,2025-08-13,2025-08-13,Single-Course (1)
U00857,rjohnson,15,<18,Male,fshaw@outlook.com,1,0.0,Web Development,Beginner,1,0,2025-06-20,2025-06-20,Single-Course (1)
U00858,hperez,20,18–25,Male,josephramirez@gmail.com,15,396.47,Machine Learning,Beginner,13,2,2025-01-09,2025-11-27,Power Learner (8+)
U00859,connie76,22,18–25,Male,fjones@outlook.com,1,0.0,Data Science,Intermediate,1,0,2025-08-07,2025-08-07,Single-Course (1)
U00860,charlesromero,23,18–25,Female,sabrinagarcia@yahoo.com,1,490.9,Artificial Intelligence,Beginner,0,1,2025-05-10,2025-05-10,Single-Course (1)
U00861,cjones,22,18–25,Female,williamporter@hotmail.com,1,0.0,Machine Learning,Intermediate,1,0,2025-10-10,2025-10-10,Single-Course (1)
U00862,ucampbell,18,18–25,Female,ycruz@outlook.com,1,487.92,Business,Advanced,0,1,2025-06-30,2025-06-30,Single-Course (1)
U00863,carlachambers,23,18–25,Female,catherine34@gmail.com,1,0.0,Programming,Beginner,1,0,2025-05-30,2025-05-30,Single-Course (1)
U00864,taralucas,22,18–25,Female,wesleygomez@hotmail.com,1,0.0,Business,Advanced,1,0,2025-08-25,2025-08-25,Single-Course (1)
U00865,ynguyen,27,26–35,Male,katievasquez@hotmail.com,1,285.05,Business,Beginner,0,1,2025-09-08,2025-09-08,Single-Course (1)
U00866,kevinbryant,30,26–35,Male,kaneamber@yahoo.com,1,0.0,Machine Learning,Intermediate,1,0,2025-06-02,2025-06-02,Single-Course (1)
U00867,kadams,30,26–35,Male,smiththomas@yahoo.com,1,0.0,Design,Advanced,1,0,2025-11-24,2025-11-24,Single-Course (1)
U00868,brookelester,16,<18,Female,jeannejones@yahoo.com,1,0.0,Digital Marketing,Beginner,1,0,2025-06-13,2025-06-13,Single-Course (1)
U00869,kathy66,19,18–25,Male,hernandezcrystal@gmail.com,1,0.0,Marketing,Advanced,1,0,2025-01-12,2025-01-12,Single-Course (1)
U00870,sarah55,22,18–25,Male,kennethbrown@outlook.com,15,966.1399999999999,Marketing,Advanced,10,5,2025-01-02,2025-12-30,Power Learner (8+)
U00871,harrisangel,26,26–35,Male,rebecca41@gmail.com,2,0.0,Cybersecurity,Intermediate,2,0,2025-03-21,2025-09-30,Moderate (2-3)
U00872,leonard49,27,26–35,Male,uwhite@outlook.com,1,0.0,Web Development,Beginner,1,0,2025-11-15,2025-11-15,Single-Course (1)
U00873,nicholas43,28,26–35,Male,deanbrandon@hotmail.com,1,0.0,Design,Advanced,1,0,2025-08-30,2025-08-30,Single-Course (1)
U00874,daniel14,25,18–25,Male,webbalexander@yahoo.com,12,2175.74,Business,Beginner,5,7,2025-01-05,2025-12-04,Power Learner (8+)
U00875,lauren47,23,18–25,Male,cnorman@hotmail.com,1,57.32,Web Development,Advanced,0,1,2025-09-07,2025-09-07,Single-Course (1)
U00876,steven86,27,26–35,Male,ghart@outlook.com,14,2352.5,Artificial Intelligence,Intermediate,6,8,2025-01-02,2025-12-28,Power Learner (8+)
U00877,brian68,35,26–35,Male,albert18@yahoo.com,1,490.9,Artificial Intelligence,Beginner,0,1,2025-08-12,2025-08-12,Single-Course (1)
U00878,gregory34,31,26–35,Male,christian06@hotmail.com,1,177.34,Digital Marketing,Advanced,0,1,2025-05-24,2025-05-24,Single-Course (1)
U00879,andrea15,18,18–25,Female,ygarcia@gmail.com,3,389.15999999999997,Artificial Intelligence,Intermediate,1,2,2025-01-03,2025-06-07,Moderate (2-3)
U00880,burnettjennifer,15,<18,Male,jodi61@outlook.com,1,177.34,Digital Marketing,Advanced,0,1,2025-08-05,2025-08-05,Single-Course (1)
U00881,jayala,34,26–35,Female,austinamy@outlook.com,16,2703.36,Artificial Intelligence,Intermediate,7,9,2025-01-27,2025-12-03,Power Learner (8+)
U00882,tyrone43,34,26–35,Female,adamjensen@gmail.com,1,0.0,Digital Marketing,Beginner,1,0,2025-03-14,2025-03-14,Single-Course (1)
U00883,brittany87,27,26–35,Female,anthony51@hotmail.com,3,472.28,Design,Beginner,2,1,2025-06-14,2025-10-25,Moderate (2-3)
U00884,davenportjerome,19,18–25,Male,fosteredward@hotmail.com,1,487.92,Business,Advanced,0,1,2025-08-15,2025-08-15,Single-Course (1)
U00885,moralessherri,28,26–35,Female,robinsonmichelle@gmail.com,1,117.68,Data Science,Advanced,0,1,2025-07-04,2025-07-04,Single-Course (1)
U00886,brenda56,22,18–25,Female,joshuacarrillo@hotmail.com,2,0.0,Machine Learning,Beginner,2,0,2025-01-10,2025-09-14,Moderate (2-3)
U00887,joseph48,17,<18,Male,fordmichelle@hotmail.com,1,0.0,Digital Marketing,Beginner,1,0,2025-12-30,2025-12-30,Single-Course (1)
U00888,ywright,15,<18,Male,rubenvargas@outlook.com,4,491.67999999999995,Machine Learning,Beginner,2,2,2025-05-15,2025-11-25,Active (4-7)
U00889,robbinscatherine,31,26–35,Female,glopez@gmail.com,1,0.0,Data Science,Intermediate,1,0,2025-04-24,2025-04-24,Single-Course (1)
U00890,jacobscharles,31,26–35,Female,jonesbrian@hotmail.com,2,299.57,Data Science,Beginner,1,1,2025-04-09,2025-12-22,Moderate (2-3)
U00891,christopher59,28,26–35,Female,andrew63@gmail.com,2,0.0,Data Science,Intermediate,2,0,2025-07-03,2025-12-04,Moderate (2-3)
U00892,joneskayla,35,26–35,Male,jmack@hotmail.com,4,0.0,Cybersecurity,Intermediate,4,0,2025-05-29,2025-09-14,Active (4-7)
U00893,dwillis,15,<18,Male,johnjensen@gmail.com,12,1271.25,Business,Advanced,7,5,2025-01-09,2025-12-10,Power Learner (8+)
U00894,edwardsjared,28,26–35,Female,donna27@gmail.com,3,511.94,Cybersecurity,Intermediate,1,2,2025-05-11,2025-09-09,Moderate (2-3)
U00895,seanlambert,15,<18,Male,garnerjohn@hotmail.com,4,548.22,Marketing,Advanced,2,2,2025-03-16,2025-09-10,Active (4-7)
U00896,calvindavis,29,26–35,Female,matanancy@hotmail.com,4,118.46000000000001,Cybersecurity,Advanced,2,2,2025-03-09,2025-12-17,Active (4-7)
U00897,zmarshall,20,18–25,Male,rjohnson@outlook.com,1,177.34,Digital Marketing,Advanced,0,1,2025-11-22,2025-11-22,Single-Course (1)
U00898,michelleramos,24,18–25,Female,fschwartz@gmail.com,12,663.22,Machine Learning,Beginner,8,4,2025-02-10,2025-11-25,Power Learner (8+)
U00899,hallbrian,19,18–25,Male,ydavis@hotmail.com,1,0.0,Marketing,Advanced,1,0,2025-10-08,2025-10-08,Single-Course (1)
U00900,kochshannon,26,26–35,Female,yclark@gmail.com,2,119.04,Cybersecurity,Intermediate,1,1,2025-02-05,2025-02-22,Moderate (2-3)
U00901,adam68,23,18–25,Female,john91@outlook.com,1,0.0,Cybersecurity,Intermediate,1,0,2025-03-19,2025-03-19,Single-Course (1)
U00902,jacobscameron,29,26–35,Male,christinapeterson@yahoo.com,2,248.1,Artificial Intelligence,Beginner,1,1,2025-06-26,2025-08-09,Moderate (2-3)
U00903,rojasjames,29,26–35,Female,omoon@gmail.com,13,1238.72,Business,Advanced,9,4,2025-01-15,2025-12-02,Power Learner (8+)
U00904,kristen47,16,<18,Female,vmclean@yahoo.com,1,0.0,Digital Marketing,Beginner,1,0,2025-06-26,2025-06-26,Single-Course (1)
U00905,llawrence,15,<18,Male,daniel77@outlook.com,1,0.0,Design,Advanced,1,0,2025-03-27,2025-03-27,Single-Course (1)
U00906,nicholsonkaren,34,26–35,Female,michaelsmith@outlook.com,1,299.57,Data Science,Beginner,0,1,2025-01-29,2025-01-29,Single-Course (1)
U00907,pachecomary,23,18–25,Female,adam92@outlook.com,12,2048.1800000000003,Business,Beginner,6,6,2025-01-18,2025-09-02,Power Learner (8+)
U00908,tommywilkinson,16,<18,Female,sarah20@gmail.com,1,0.0,Cybersecurity,Intermediate,1,0,2025-09-20,2025-09-20,Single-Course (1)
U00909,kristinevance,35,26–35,Female,whiteeric@hotmail.com,1,0.0,Programming,Beginner,1,0,2025-01-18,2025-01-18,Single-Course (1)
U00910,ramirezaaron,20,18–25,Female,costatraci@hotmail.com,3,367.14,Artificial Intelligence,Beginner,1,2,2025-04-10,2025-12-03,Moderate (2-3)
U00911,qallen,15,<18,Female,jennifercollins@yahoo.com,10,996.65,Business,Beginner,7,3,2025-01-26,2025-12-23,Power Learner (8+)
U00912,anthony80,28,26–35,Male,stephaniezimmerman@yahoo.com,1,0.0,Cybersecurity,Intermediate,1,0,2025-12-22,2025-12-22,Single-Course (1)
U00913,boyerjoseph,35,26–35,Female,michaeladams@hotmail.com,1,57.32,Web Development,Advanced,0,1,2025-10-19,2025-10-19,Single-Course (1)
U00914,goodwinmichelle,22,18–25,Male,danielmcclure@hotmail.com,1,0.0,Marketing,Intermediate,1,0,2025-08-29,2025-08-29,Single-Course (1)
U00915,phillipssean,24,18–25,Female,carolynrivera@outlook.com,13,1343.6100000000001,Artificial Intelligence,Beginner,8,5,2025-01-11,2025-09-20,Power Learner (8+)
U00916,donnacarlson,20,18–25,Male,cooperzachary@yahoo.com,1,0.0,Data Science,Intermediate,1,0,2025-01-30,2025-01-30,Single-Course (1)
U00917,tylersheppard,28,26–35,Female,webbheather@hotmail.com,15,1319.9099999999999,Business,Advanced,10,5,2025-01-02,2025-12-30,Power Learner (8+)
U00918,maddoxmichael,35,26–35,Male,joshuadelgado@outlook.com,1,299.57,Data Science,Beginner,0,1,2025-05-05,2025-05-05,Single-Course (1)
U00919,kwheeler,28,26–35,Male,wbarrera@gmail.com,14,1415.33,Business,Beginner,10,4,2025-01-21,2025-12-25,Power Learner (8+)
U00920,robertortiz,18,18–25,Female,randy02@gmail.com,1,0.0,Finance,Intermediate,1,0,2025-05-20,2025-05-20,Single-Course (1)
U00921,nharris,26,26–35,Male,joshuaduran@gmail.com,1,487.92,Business,Advanced,0,1,2025-07-12,2025-07-12,Single-Course (1)
U00922,rwilliams,31,26–35,Female,hball@outlook.com,2,0.0,Design,Beginner,2,0,2025-02-12,2025-03-11,Moderate (2-3)
U00923,scott83,29,26–35,Female,nataliejackson@gmail.com,3,511.94,Cybersecurity,Beginner,1,2,2025-04-27,2025-10-03,Moderate (2-3)
U00924,grahammary,34,26–35,Male,traceyortiz@gmail.com,1,0.0,Cybersecurity,Advanced,1,0,2025-04-08,2025-04-08,Single-Course (1)
U00925,tjackson,31,26–35,Male,mmendoza@yahoo.com,2,490.9,Artificial Intelligence,Beginner,1,1,2025-03-06,2025-11-28,Moderate (2-3)
U00926,debbie38,32,26–35,Male,michelewolf@gmail.com,2,342.61,Finance,Beginner,1,1,2025-01-25,2025-12-05,Moderate (2-3)
U00927,kbowman,26,26–35,Male,lguerrero@yahoo.com,2,0.0,Business,Advanced,2,0,2025-02-16,2025-08-18,Moderate (2-3)
U00928,uleon,33,26–35,Female,butlermichael@outlook.com,12,1050.48,Data Science,Beginner,8,4,2025-01-19,2025-12-17,Power Learner (8+)
U00929,taylortiffany,25,18–25,Female,jennifergilbert@yahoo.com,4,444.47999999999996,Data Science,Intermediate,1,3,2025-05-02,2025-12-03,Active (4-7)
U00930,joe26,34,26–35,Male,jeffreyramirez@hotmail.com,3,534.55,Artificial Intelligence,Intermediate,1,2,2025-06-27,2025-12-23,Moderate (2-3)
U00931,pgrant,31,26–35,Male,jeffreyvaughn@outlook.com,1,117.68,Data Science,Advanced,0,1,2025-05-04,2025-05-04,Single-Course (1)
U00932,yolandamckinney,21,18–25,Male,qjimenez@yahoo.com,1,57.32,Web Development,Advanced,0,1,2025-06-23,2025-06-23,Single-Course (1)
U00933,rebeccagrant,27,26–35,Female,millerjessica@hotmail.com,1,0.0,Programming,Beginner,1,0,2025-08-25,2025-08-25,Single-Course (1)
U00934,clarkamanda,15,<18,Female,jimmycampbell@outlook.com,1,0.0,Project Management,Beginner,1,0,2025-08-11,2025-08-11,Single-Course (1)
U00935,andrew43,16,<18,Female,hoconnell@outlook.com,1,0.0,Data Science,Beginner,1,0,2025-02-24,2025-02-24,Single-Course (1)
U00936,markmcbride,30,26–35,Female,hrobinson@hotmail.com,1,0.0,Digital Marketing,Beginner,1,0,2025-11-22,2025-11-22,Single-Course (1)
U00937,kimberly76,35,26–35,Male,billyhamilton@hotmail.com,1,0.0,Machine Learning,Advanced,1,0,2025-12-28,2025-12-28,Single-Course (1)
U00938,kellylevy,30,26–35,Male,uball@hotmail.com,1,0.0,Design,Beginner,1,0,2025-05-27,2025-05-27,Single-Course (1)
U00939,regina72,18,18–25,Male,autumn95@yahoo.com,1,0.0,Data Science,Intermediate,1,0,2025-01-07,2025-01-07,Single-Course (1)
U00940,bhughes,15,<18,Female,patrickdavis@hotmail.com,1,0.0,Cybersecurity,Intermediate,1,0,2025-07-10,2025-07-10,Single-Course (1)
U00941,riceemily,20,18–25,Female,michael80@gmail.com,2,285.05,Business,Beginner,1,1,2025-05-19,2025-07-30,Moderate (2-3)
U00942,greeves,21,18–25,Male,jonathanmullins@hotmail.com,1,0.0,Finance,Beginner,1,0,2025-06-23,2025-06-23,Single-Course (1)
U00943,patrickevans,21,18–25,Female,christopheraguilar@hotmail.com,2,0.0,Cybersecurity,Advanced,2,0,2025-06-07,2025-08-13,Moderate (2-3)
U00944,mcdowellrichard,28,26–35,Female,mwoods@yahoo.com,1,117.68,Data Science,Advanced,0,1,2025-06-18,2025-06-18,Single-Course (1)
U00945,meganaguilar,27,26–35,Female,jenna45@gmail.com,1,0.0,Project Management,Beginner,1,0,2025-04-30,2025-04-30,Single-Course (1)
U00946,cobbrebecca,20,18–25,Female,esmith@hotmail.com,1,0.0,Marketing,Intermediate,1,0,2025-09-05,2025-09-05,Single-Course (1)
U00947,phillipsthomas,31,26–35,Female,robert99@yahoo.com,1,0.0,Digital Marketing,Beginner,1,0,2025-04-03,2025-04-03,Single-Course (1)
U00948,jenna85,34,26–35,Male,harringtonjason@hotmail.com,3,0.0,Finance,Intermediate,3,0,2025-02-13,2025-10-27,Moderate (2-3)
U00949,andersondaniel,16,<18,Male,dustinsimmons@hotmail.com,4,0.0,Machine Learning,Beginner,4,0,2025-05-18,2025-12-03,Active (4-7)
U00950,loricruz,33,26–35,Female,amartinez@yahoo.com,1,0.0,Digital Marketing,Intermediate,1,0,2025-11-16,2025-11-16,Single-Course (1)
U00951,perkinsian,15,<18,Male,benjamintaylor@gmail.com,2,342.61,Digital Marketing,Intermediate,1,1,2025-01-12,2025-09-11,Moderate (2-3)
U00952,fullerlaura,22,18–25,Female,dreeves@gmail.com,2,0.0,Business,Beginner,2,0,2025-04-07,2025-05-04,Moderate (2-3)
U00953,lindsay67,31,26–35,Male,randall43@hotmail.com,3,89.59,Artificial Intelligence,Intermediate,2,1,2025-07-08,2025-07-21,Moderate (2-3)
U00954,emily45,21,18–25,Female,judywilliams@yahoo.com,2,0.0,Business,Intermediate,2,0,2025-08-10,2025-08-19,Moderate (2-3)
U00955,howardfranco,35,26–35,Female,christopher22@hotmail.com,3,0.0,Finance,Advanced,3,0,2025-03-29,2025-12-04,Moderate (2-3)
U00956,sarahwilliams,21,18–25,Female,kellygregory@hotmail.com,1,327.99,Project Management,Beginner,0,1,2025-05-20,2025-05-20,Single-Course (1)
U00957,courtneyspence,22,18–25,Male,xmartin@gmail.com,3,212.39,Web Development,Advanced,2,1,2025-02-04,2025-08-04,Moderate (2-3)
U00958,vanessa84,28,26–35,Female,douglas85@gmail.com,2,0.0,Digital Marketing,Beginner,2,0,2025-01-10,2025-03-03,Moderate (2-3)
U00959,jillianbenitez,22,18–25,Male,brownmonica@outlook.com,13,1444.05,Machine Learning,Advanced,7,6,2025-01-10,2025-12-01,Power Learner (8+)
U00960,zdominguez,17,<18,Male,jenniferzavala@gmail.com,1,0.0,Design,Advanced,1,0,2025-11-23,2025-11-23,Single-Course (1)
U00961,yodervalerie,31,26–35,Male,elizabeth16@outlook.com,14,1242.9299999999998,Artificial Intelligence,Beginner,8,6,2025-01-13,2025-12-05,Power Learner (8+)
U00962,mullenraven,20,18–25,Male,jamesgreen@hotmail.com,1,0.0,Business,Advanced,1,0,2025-03-25,2025-03-25,Single-Course (1)
U00963,xespinoza,20,18–25,Female,arivera@yahoo.com,2,0.0,Cybersecurity,Intermediate,2,0,2025-05-23,2025-08-13,Moderate (2-3)
U00964,melissa75,16,<18,Female,chavezbryce@outlook.com,1,0.0,Marketing,Advanced,1,0,2025-12-20,2025-12-20,Single-Course (1)
U00965,alexanderhart,34,26–35,Female,abigailstevens@hotmail.com,1,0.0,Digital Marketing,Beginner,1,0,2025-01-01,2025-01-01,Single-Course (1)
U00966,don65,23,18–25,Female,autumn61@outlook.com,1,0.0,Programming,Intermediate,1,0,2025-05-22,2025-05-22,Single-Course (1)
U00967,haledalton,15,<18,Male,tevans@outlook.com,14,816.75,Project Management,Beginner,11,3,2025-01-12,2025-12-04,Power Learner (8+)
U00968,wmartin,21,18–25,Male,bryan25@outlook.com,2,0.0,Machine Learning,Beginner,2,0,2025-04-24,2025-06-15,Moderate (2-3)
U00969,kevin31,29,26–35,Male,karina05@gmail.com,1,248.1,Artificial Intelligence,Beginner,0,1,2025-03-02,2025-03-02,Single-Course (1)
U00970,lcollins,18,18–25,Male,kelly21@yahoo.com,1,285.05,Business,Beginner,0,1,2025-05-04,2025-05-04,Single-Course (1)
U00971,xhicks,19,18–25,Female,ybaldwin@gmail.com,3,490.9,Artificial Intelligence,Beginner,2,1,2025-03-19,2025-09-07,Moderate (2-3)
U00972,dross,27,26–35,Female,juanthomas@gmail.com,4,591.3199999999999,Artificial Intelligence,Beginner,2,2,2025-03-13,2025-08-13,Active (4-7)
U00973,robertsnicolas,22,18–25,Male,mark15@yahoo.com,1,57.32,Web Development,Advanced,0,1,2025-11-16,2025-11-16,Single-Course (1)
U00974,qcraig,31,26–35,Male,stephensonelizabeth@yahoo.com,1,0.0,Digital Marketing,Intermediate,1,0,2025-06-03,2025-06-03,Single-Course (1)
U00975,kroman,35,26–35,Female,jrobinson@hotmail.com,1,0.0,Web Development,Beginner,1,0,2025-09-15,2025-09-15,Single-Course (1)
U00976,johnsonchristopher,30,26–35,Male,lynchnorma@gmail.com,12,1462.63,Business,Advanced,7,5,2025-02-07,2025-12-10,Power Learner (8+)
U00977,mrubio,33,26–35,Female,birdjeanette@yahoo.com,1,0.0,Marketing,Advanced,1,0,2025-09-14,2025-09-14,Single-Course (1)
U00978,hgonzalez,18,18–25,Male,sherrypalmer@gmail.com,1,0.0,Design,Beginner,1,0,2025-06-05,2025-06-05,Single-Course (1)
U00979,berryjohn,16,<18,Female,richard23@hotmail.com,3,0.0,Cybersecurity,Beginner,3,0,2025-01-23,2025-12-27,Moderate (2-3)
U00980,oliverwayne,17,<18,Male,fdavis@yahoo.com,1,0.0,Finance,Advanced,1,0,2025-04-24,2025-04-24,Single-Course (1)
U00981,vbryant,34,26–35,Male,zachary79@yahoo.com,13,1437.2099999999998,Artificial Intelligence,Advanced,7,6,2025-01-10,2025-12-26,Power Learner (8+)
U00982,austinandrea,27,26–35,Female,gmontoya@outlook.com,1,346.71,Project Management,Advanced,0,1,2025-08-09,2025-08-09,Single-Course (1)
U00983,richardrhodes,26,26–35,Female,thomasperry@yahoo.com,1,0.0,Business,Advanced,1,0,2025-07-16,2025-07-16,Single-Course (1)
U00984,ilambert,27,26–35,Male,hhall@outlook.com,1,415.51,Artificial Intelligence,Intermediate,0,1,2025-02-01,2025-02-01,Single-Course (1)
U00985,sara25,21,18–25,Male,sara90@hotmail.com,1,0.0,Machine Learning,Advanced,1,0,2025-08-19,2025-08-19,Single-Course (1)
U00986,crystalharris,25,18–25,Male,davidmartin@outlook.com,2,0.0,Cybersecurity,Beginner,2,0,2025-02-26,2025-12-06,Moderate (2-3)
U00987,jonathanhanson,27,26–35,Female,melissa05@gmail.com,1,0.0,Digital Marketing,Beginner,1,0,2025-11-03,2025-11-03,Single-Course (1)
U00988,haley70,21,18–25,Female,adouglas@yahoo.com,1,0.0,Cybersecurity,Advanced,1,0,2025-07-11,2025-07-11,Single-Course (1)
U00989,dillonmatthew,26,26–35,Male,dbrewer@yahoo.com,12,993.62,Business,Advanced,8,4,2025-01-06,2025-12-11,Power Learner (8+)
U00990,nunezsandra,20,18–25,Male,hallcarl@outlook.com,1,0.0,Finance,Intermediate,1,0,2025-07-19,2025-07-19,Single-Course (1)
U00991,fernandezkristen,30,26–35,Male,stephanieyork@gmail.com,1,89.59,Artificial Intelligence,Intermediate,0,1,2025-05-15,2025-05-15,Single-Course (1)
U00992,achase,22,18–25,Female,pdean@outlook.com,4,952.31,Business,Advanced,1,3,2025-01-24,2025-09-03,Active (4-7)
U00993,jamesarnold,17,<18,Male,crystalblankenship@outlook.com,1,326.02,Business,Intermediate,0,1,2025-11-26,2025-11-26,Single-Course (1)
U00994,chaneyjeremy,29,26–35,Female,hannah24@gmail.com,1,0.0,Machine Learning,Intermediate,1,0,2025-03-14,2025-03-14,Single-Course (1)
U00995,yholloway,27,26–35,Female,victoriawelch@hotmail.com,2,0.0,Cybersecurity,Beginner,2,0,2025-08-24,2025-12-27,Moderate (2-3)
U00996,jon28,24,18–25,Male,myersanna@gmail.com,1,0.0,Digital Marketing,Intermediate,1,0,2025-05-14,2025-05-14,Single-Course (1)
U00997,vmyers,34,26–35,Female,edwardbarrera@outlook.com,15,460.49,Design,Advanced,13,2,2025-01-16,2025-11-11,Power Learner (8+)
U00998,brendarogers,18,18–25,Male,mckayandrea@gmail.com,2,327.99,Data Science,Beginner,1,1,2025-07-25,2025-08-26,Moderate (2-3)
U00999,tshaffer,33,26–35,Female,reedjeffrey@outlook.com,1,0.0,Design,Beginner,1,0,2025-06-08,2025-06-08,Single-Course (1)
U01000,tara10,16,<18,Female,matthewserrano@gmail.com,12,1151.4199999999998,Machine Learning,Intermediate,6,6,2025-01-12,2025-11-21,Power Learner (8+)
U01001,matthewrobertson,18,18–25,Male,briannaalvarado@yahoo.com,1,0.0,Project Management,Intermediate,1,0,2025-09-22,2025-09-22,Single-Course (1)
U01002,paul47,19,18–25,Male,sara84@yahoo.com,1,0.0,Business,Advanced,1,0,2025-06-03,2025-06-03,Single-Course (1)
U01003,james19,35,26–35,Male,cameron98@hotmail.com,1,0.0,Business,Advanced,1,0,2025-09-17,2025-09-17,Single-Course (1)
U01004,albertbell,16,<18,Female,rachel22@yahoo.com,1,415.51,Artificial Intelligence,Intermediate,0,1,2025-06-03,2025-06-03,Single-Course (1)
U01005,zshelton,19,18–25,Male,eric88@hotmail.com,1,119.04,Finance,Intermediate,0,1,2025-12-11,2025-12-11,Single-Course (1)
U01006,youngcolleen,19,18–25,Male,shannonmiller@yahoo.com,2,37.89,Programming,Intermediate,1,1,2025-04-29,2025-11-12,Moderate (2-3)
U01007,thompsonalicia,30,26–35,Male,maldonadopaul@gmail.com,1,0.0,Finance,Intermediate,1,0,2025-07-28,2025-07-28,Single-Course (1)
U01008,julie04,18,18–25,Male,enewton@outlook.com,2,0.0,Data Science,Beginner,2,0,2025-02-21,2025-07-10,Moderate (2-3)
U01009,jessicamorrow,15,<18,Female,narnold@hotmail.com,1,0.78,Machine Learning,Advanced,0,1,2025-02-02,2025-02-02,Single-Course (1)
U01010,staceybrown,35,26–35,Female,matthewlawrence@gmail.com,1,0.0,Design,Advanced,1,0,2025-06-22,2025-06-22,Single-Course (1)
U01011,uarnold,18,18–25,Male,ginabenitez@gmail.com,1,248.1,Artificial Intelligence,Beginner,0,1,2025-09-07,2025-09-07,Single-Course (1)
U01012,aolson,35,26–35,Female,kimberlylong@gmail.com,1,327.99,Project Management,Beginner,0,1,2025-04-21,2025-04-21,Single-Course (1)
U01013,pcook,22,18–25,Male,kimberly96@yahoo.com,3,299.57,Business,Advanced,2,1,2025-03-22,2025-07-21,Moderate (2-3)
U01014,jessicalong,17,<18,Male,stevenperez@yahoo.com,3,0.0,Artificial Intelligence,Advanced,3,0,2025-02-15,2025-12-09,Moderate (2-3)
U01015,coledennis,29,26–35,Male,browndavid@outlook.com,15,1192.84,Data Science,Intermediate,8,7,2025-01-14,2025-12-25,Power Learner (8+)
U01016,nwright,27,26–35,Female,sandovalnorma@yahoo.com,2,57.32,Finance,Advanced,1,1,2025-01-03,2025-03-02,Moderate (2-3)
U01017,dhernandez,21,18–25,Female,tylermartin@gmail.com,2,611.0699999999999,Business,Beginner,0,2,2025-01-12,2025-02-24,Moderate (2-3)
U01018,shannonrobertson,23,18–25,Female,sarasparks@yahoo.com,1,0.0,Finance,Beginner,1,0,2025-12-02,2025-12-02,Single-Course (1)
U01019,monique55,27,26–35,Male,rossashley@gmail.com,1,0.0,Finance,Beginner,1,0,2025-12-19,2025-12-19,Single-Course (1)
U01020,vwhitehead,28,26–35,Male,shannonsparks@gmail.com,12,1169.1499999999999,Artificial Intelligence,Intermediate,6,6,2025-02-07,2025-11-30,Power Learner (8+)
U01021,richardmendez,29,26–35,Female,wernerleon@yahoo.com,2,0.0,Design,Beginner,2,0,2025-04-11,2025-08-23,Moderate (2-3)
U01022,butlerjessica,17,<18,Male,lisa97@gmail.com,13,869.3000000000001,Web Development,Intermediate,9,4,2025-01-11,2025-12-20,Power Learner (8+)
U01023,eford,18,18–25,Male,david19@outlook.com,2,0.0,Cybersecurity,Beginner,2,0,2025-02-16,2025-04-14,Moderate (2-3)
U01024,yandersen,17,<18,Female,fmeyer@hotmail.com,3,487.92,Digital Marketing,Beginner,2,1,2025-04-06,2025-10-09,Moderate (2-3)
U01025,tyronepham,34,26–35,Male,loriyoung@outlook.com,1,490.9,Artificial Intelligence,Beginner,0,1,2025-07-22,2025-07-22,Single-Course (1)
U01026,montescrystal,33,26–35,Female,ayalaariana@outlook.com,1,0.0,Finance,Beginner,1,0,2025-12-23,2025-12-23,Single-Course (1)
U01027,candice51,32,26–35,Male,tinastevens@gmail.com,2,0.0,Programming,Beginner,2,0,2025-02-04,2025-05-11,Moderate (2-3)
U01028,gchapman,23,18–25,Female,tammy34@hotmail.com,2,327.99,Programming,Beginner,1,1,2025-01-25,2025-08-05,Moderate (2-3)
U01029,mooneyjoseph,15,<18,Male,samantha60@outlook.com,1,119.04,Finance,Intermediate,0,1,2025-08-07,2025-08-07,Single-Course (1)
U01030,jkennedy,23,18–25,Female,jonesalexandra@outlook.com,1,0.0,Marketing,Intermediate,1,0,2025-08-24,2025-08-24,Single-Course (1)
U01031,vasquezsarah,15,<18,Male,ocurry@hotmail.com,13,1539.38,Design,Advanced,8,5,2025-01-06,2025-11-12,Power Learner (8+)
U01032,brownvanessa,16,<18,Male,kathleenjones@yahoo.com,14,1389.57,Marketing,Advanced,9,5,2025-02-10,2025-12-19,Power Learner (8+)
U01033,dsampson,30,26–35,Male,xsingleton@outlook.com,13,1830.5,Business,Beginner,6,7,2025-01-04,2025-12-17,Power Learner (8+)
U01034,thomas88,18,18–25,Female,michael37@gmail.com,12,149.07,Finance,Beginner,9,3,2025-01-29,2025-11-19,Power Learner (8+)
U01035,robert02,33,26–35,Male,vmueller@hotmail.com,3,772.97,Business,Advanced,1,2,2025-01-08,2025-08-18,Moderate (2-3)
U01036,johnwatson,35,26–35,Male,cheryl57@hotmail.com,1,0.0,Finance,Advanced,1,0,2025-03-19,2025-03-19,Single-Course (1)
U01037,jeremy46,32,26–35,Female,wyatt99@gmail.com,1,415.51,Artificial Intelligence,Intermediate,0,1,2025-05-24,2025-05-24,Single-Course (1)
U01038,tanya50,33,26–35,Male,lunajuan@hotmail.com,1,342.61,Project Management,Intermediate,0,1,2025-05-12,2025-05-12,Single-Course (1)
U01039,zellis,21,18–25,Female,misty82@gmail.com,1,0.0,Cybersecurity,Beginner,1,0,2025-11-17,2025-11-17,Single-Course (1)
U01040,ecook,21,18–25,Female,gamblejames@gmail.com,1,285.05,Business,Beginner,0,1,2025-11-26,2025-11-26,Single-Course (1)
U01041,nortontiffany,23,18–25,Female,karen17@yahoo.com,1,0.0,Web Development,Advanced,1,0,2025-06-18,2025-06-18,Single-Course (1)
U01042,xjohnson,26,26–35,Male,ashleymcbride@outlook.com,1,0.0,Project Management,Intermediate,1,0,2025-04-30,2025-04-30,Single-Course (1)
U01043,howardtammie,19,18–25,Female,devinanderson@outlook.com,4,57.32,Web Development,Advanced,3,1,2025-06-01,2025-12-21,Active (4-7)
U01044,kwhite,31,26–35,Female,jeffreybell@hotmail.com,1,0.0,Web Development,Advanced,1,0,2025-05-03,2025-05-03,Single-Course (1)
U01045,brandonperkins,32,26–35,Female,jamescastro@yahoo.com,2,0.0,Data Science,Beginner,2,0,2025-03-29,2025-09-24,Moderate (2-3)
U01046,ijordan,28,26–35,Female,zgray@hotmail.com,1,53.86,Finance,Beginner,0,1,2025-04-11,2025-04-11,Single-Course (1)
U01047,sarah46,29,26–35,Female,vlawson@hotmail.com,1,0.0,Design,Beginner,1,0,2025-12-24,2025-12-24,Single-Course (1)
U01048,hwilliams,16,<18,Female,vazquezsusan@outlook.com,1,0.0,Machine Learning,Advanced,1,0,2025-03-03,2025-03-03,Single-Course (1)
U01049,sramirez,34,26–35,Male,danielle21@outlook.com,2,0.0,Data Science,Beginner,2,0,2025-04-13,2025-08-10,Moderate (2-3)
U01050,charlotte36,25,18–25,Female,cameron97@outlook.com,1,0.0,Cybersecurity,Intermediate,1,0,2025-12-17,2025-12-17,Single-Course (1)
U01051,fmanning,18,18–25,Female,whitneysarah@gmail.com,2,0.0,Design,Advanced,2,0,2025-08-20,2025-09-24,Moderate (2-3)
U01052,villakenneth,22,18–25,Female,franklinmichelle@outlook.com,2,0.0,Design,Beginner,2,0,2025-03-22,2025-09-24,Moderate (2-3)
U01053,gonzalesmatthew,26,26–35,Female,thomaslivingston@outlook.com,1,0.0,Data Science,Intermediate,1,0,2025-09-18,2025-09-18,Single-Course (1)
U01054,jason85,20,18–25,Female,jacqueline31@yahoo.com,2,0.0,Design,Advanced,2,0,2025-02-13,2025-09-07,Moderate (2-3)
U01055,gloria53,22,18–25,Female,xcasey@outlook.com,1,0.0,Machine Learning,Intermediate,1,0,2025-01-26,2025-01-26,Single-Course (1)
U01056,heather91,15,<18,Male,pruittmichael@hotmail.com,2,0.78,Cybersecurity,Intermediate,1,1,2025-04-14,2025-11-18,Moderate (2-3)
U01057,mcdowellaudrey,33,26–35,Male,richardsonangela@gmail.com,1,0.0,Finance,Intermediate,1,0,2025-07-25,2025-07-25,Single-Course (1)
U01058,jon17,34,26–35,Female,alandavis@gmail.com,2,606.65,Cybersecurity,Intermediate,0,2,2025-04-01,2025-08-16,Moderate (2-3)
U01059,john53,30,26–35,Male,sandraswanson@hotmail.com,1,0.0,Marketing,Intermediate,1,0,2025-11-27,2025-11-27,Single-Course (1)
U01060,edwin85,34,26–35,Female,caitlyn34@outlook.com,1,119.04,Finance,Intermediate,0,1,2025-08-16,2025-08-16,Single-Course (1)
U01061,akemp,22,18–25,Female,shelby47@outlook.com,2,342.61,Project Management,Beginner,1,1,2025-03-05,2025-06-15,Moderate (2-3)
U01062,kellerkaren,22,18–25,Female,rebeccawilliams@gmail.com,1,0.0,Design,Advanced,1,0,2025-02-22,2025-02-22,Single-Course (1)
U01063,djones,31,26–35,Female,qhernandez@gmail.com,1,0.0,Web Development,Advanced,1,0,2025-01-26,2025-01-26,Single-Course (1)
U01064,nfields,26,26–35,Female,mstokes@gmail.com,2,487.92,Business,Beginner,1,1,2025-05-17,2025-10-30,Moderate (2-3)
U01065,stewartdavid,15,<18,Male,bcallahan@gmail.com,4,327.99,Business,Beginner,3,1,2025-02-01,2025-11-25,Active (4-7)
U01066,jennifer14,19,18–25,Female,kgonzalez@hotmail.com,12,970.1700000000001,Data Science,Beginner,9,3,2025-01-18,2025-12-30,Power Learner (8+)
U01067,kcurry,17,<18,Male,davidwhite@hotmail.com,1,0.0,Cybersecurity,Intermediate,1,0,2025-06-19,2025-06-19,Single-Course (1)
U01068,amercer,32,26–35,Female,annetteshaffer@gmail.com,2,0.0,Cybersecurity,Beginner,2,0,2025-05-25,2025-10-04,Moderate (2-3)
U01069,jonyoung,35,26–35,Male,travis38@yahoo.com,1,0.0,Cybersecurity,Beginner,1,0,2025-08-06,2025-08-06,Single-Course (1)
U01070,mark45,32,26–35,Male,hannahpaul@yahoo.com,1,0.0,Finance,Beginner,1,0,2025-09-28,2025-09-28,Single-Course (1)
U01071,stonecheryl,19,18–25,Female,lauramcneil@hotmail.com,2,497.44,Business,Beginner,0,2,2025-01-23,2025-11-29,Moderate (2-3)
U01072,monica52,32,26–35,Male,cshields@yahoo.com,1,327.99,Project Management,Beginner,0,1,2025-05-03,2025-05-03,Single-Course (1)
U01073,kristinrivera,23,18–25,Male,eingram@gmail.com,2,748.65,Design,Beginner,0,2,2025-07-19,2025-10-20,Moderate (2-3)
U01074,dfoster,26,26–35,Female,robinsondouglas@gmail.com,1,0.0,Finance,Advanced,1,0,2025-07-28,2025-07-28,Single-Course (1)
U01075,rachel61,17,<18,Male,alvaradochristopher@gmail.com,2,490.9,Artificial Intelligence,Beginner,1,1,2025-03-16,2025-11-12,Moderate (2-3)
U01076,michaelcarr,20,18–25,Male,christina08@yahoo.com,1,0.0,Design,Advanced,1,0,2025-05-18,2025-05-18,Single-Course (1)
U01077,morenosarah,24,18–25,Female,markrose@outlook.com,2,490.9,Artificial Intelligence,Beginner,1,1,2025-02-07,2025-05-02,Moderate (2-3)
U01078,daniel49,27,26–35,Male,herreralinda@hotmail.com,2,0.0,Design,Advanced,2,0,2025-03-24,2025-07-09,Moderate (2-3)
U01079,jeffreyallen,21,18–25,Male,buckkevin@gmail.com,13,37.89,Machine Learning,Beginner,12,1,2025-01-16,2025-11-30,Power Learner (8+)
U01080,ashley40,30,26–35,Female,tanya13@gmail.com,1,117.68,Data Science,Advanced,0,1,2025-09-29,2025-09-29,Single-Course (1)
U01081,unewman,26,26–35,Female,brianbush@gmail.com,1,326.02,Business,Intermediate,0,1,2025-02-02,2025-02-02,Single-Course (1)
U01082,harristimothy,25,18–25,Male,efranklin@yahoo.com,1,0.0,Finance,Intermediate,1,0,2025-08-21,2025-08-21,Single-Course (1)
U01083,markmoore,29,26–35,Male,morgan59@gmail.com,15,1779.54,Data Science,Intermediate,8,7,2025-01-09,2025-12-21,Power Learner (8+)
U01084,pwright,24,18–25,Male,lwilson@yahoo.com,13,2165.78,Artificial Intelligence,Beginner,6,7,2025-01-25,2025-11-15,Power Learner (8+)
U01085,bmosley,26,26–35,Female,mistygould@gmail.com,2,119.04,Finance,Intermediate,1,1,2025-04-16,2025-12-13,Moderate (2-3)
U01086,zhensley,29,26–35,Female,cford@hotmail.com,1,117.68,Data Science,Advanced,0,1,2025-06-14,2025-06-14,Single-Course (1)
U01087,colerobert,19,18–25,Male,khughes@outlook.com,1,299.57,Data Science,Beginner,0,1,2025-12-10,2025-12-10,Single-Course (1)
U01088,paigeryan,21,18–25,Male,shaffersabrina@hotmail.com,2,451.58,Cybersecurity,Intermediate,0,2,2025-03-21,2025-11-29,Moderate (2-3)
U01089,stewartdrew,17,<18,Female,blackmark@outlook.com,1,0.0,Digital Marketing,Beginner,1,0,2025-05-06,2025-05-06,Single-Course (1)
U01090,lhubbard,25,18–25,Female,kimhayes@hotmail.com,2,0.0,Digital Marketing,Intermediate,2,0,2025-06-12,2025-08-11,Moderate (2-3)
U01091,lisa81,29,26–35,Female,michelle24@outlook.com,2,0.0,Machine Learning,Intermediate,2,0,2025-09-23,2025-10-28,Moderate (2-3)
U01092,ureese,34,26–35,Female,mikeroberts@gmail.com,15,2119.66,Artificial Intelligence,Beginner,10,5,2025-01-16,2025-12-08,Power Learner (8+)
U01093,vharris,23,18–25,Female,bshields@outlook.com,1,0.0,Programming,Beginner,1,0,2025-05-28,2025-05-28,Single-Course (1)
U01094,davidmolina,30,26–35,Male,mark40@hotmail.com,2,285.05,Business,Beginner,1,1,2025-03-29,2025-12-13,Moderate (2-3)
U01095,kathleenrios,21,18–25,Female,floydmelanie@gmail.com,1,0.0,Design,Beginner,1,0,2025-03-02,2025-03-02,Single-Course (1)
U01096,karen44,18,18–25,Male,ellisteresa@hotmail.com,16,769.72,Finance,Advanced,12,4,2025-01-07,2025-12-21,Power Learner (8+)
U01097,aaronhinton,29,26–35,Female,debra95@yahoo.com,1,0.0,Web Development,Advanced,1,0,2025-05-06,2025-05-06,Single-Course (1)
U01098,robert85,17,<18,Female,xbarker@yahoo.com,4,1181.75,Business,Advanced,1,3,2025-01-25,2025-10-11,Active (4-7)
U01099,joyweaver,35,26–35,Female,escott@gmail.com,1,0.0,Marketing,Advanced,1,0,2025-12-19,2025-12-19,Single-Course (1)
U01100,zparrish,24,18–25,Female,sanchezamber@gmail.com,3,0.0,Cybersecurity,Advanced,3,0,2025-06-01,2025-10-01,Moderate (2-3)
U01101,nicole06,33,26–35,Male,aprilwoodard@gmail.com,1,0.0,Marketing,Advanced,1,0,2025-08-06,2025-08-06,Single-Course (1)
U01102,brian27,23,18–25,Female,meghangreen@outlook.com,2,276.37,Cybersecurity,Beginner,1,1,2025-07-27,2025-11-02,Moderate (2-3)
U01103,ywheeler,22,18–25,Male,michellewhitney@yahoo.com,4,394.26,Business,Advanced,3,1,2025-05-28,2025-09-16,Active (4-7)
U01104,russellbryant,29,26–35,Male,marshjohn@hotmail.com,1,0.78,Machine Learning,Advanced,0,1,2025-04-16,2025-04-16,Single-Course (1)
U01105,brownsusan,27,26–35,Male,wbailey@hotmail.com,1,0.0,Cybersecurity,Advanced,1,0,2025-03-17,2025-03-17,Single-Course (1)
U01106,johnsjulie,31,26–35,Male,christopherbrown@outlook.com,1,327.99,Project Management,Beginner,0,1,2025-02-07,2025-02-07,Single-Course (1)
U01107,chris50,30,26–35,Female,robynsmith@gmail.com,1,0.0,Artificial Intelligence,Beginner,1,0,2025-12-15,2025-12-15,Single-Course (1)
U01108,stoneandrew,16,<18,Male,smithchristopher@hotmail.com,4,276.37,Artificial Intelligence,Beginner,3,1,2025-05-22,2025-12-22,Active (4-7)
U01109,christopher92,24,18–25,Female,hallcrystal@outlook.com,1,0.0,Business,Advanced,1,0,2025-12-15,2025-12-15,Single-Course (1)
U01110,garrettbrandi,23,18–25,Female,kenneth82@outlook.com,2,37.89,Web Development,Advanced,1,1,2025-04-24,2025-10-23,Moderate (2-3)
U01111,fitzgeraldmarie,31,26–35,Male,ericmoore@outlook.com,1,0.0,Machine Learning,Beginner,1,0,2025-09-28,2025-09-28,Single-Course (1)
U01112,brownbrian,24,18–25,Female,christopherpreston@hotmail.com,1,212.39,Digital Marketing,Advanced,0,1,2025-11-12,2025-11-12,Single-Course (1)
U01113,gdavis,22,18–25,Female,angiemccann@gmail.com,1,487.92,Business,Advanced,0,1,2025-03-27,2025-03-27,Single-Course (1)
U01114,ericksonedward,32,26–35,Male,qchang@gmail.com,1,0.0,Data Science,Intermediate,1,0,2025-01-09,2025-01-09,Single-Course (1)
U01115,nmartinez,18,18–25,Male,badams@yahoo.com,1,327.99,Project Management,Beginner,0,1,2025-07-19,2025-07-19,Single-Course (1)
U01116,wgomez,21,18–25,Female,chad64@yahoo.com,1,0.0,Finance,Advanced,1,0,2025-10-13,2025-10-13,Single-Course (1)
U01117,brian45,23,18–25,Female,ajones@hotmail.com,1,0.0,Programming,Intermediate,1,0,2025-08-23,2025-08-23,Single-Course (1)
U01118,elliottjoseph,31,26–35,Male,davidtaylor@outlook.com,1,119.04,Finance,Intermediate,0,1,2025-12-28,2025-12-28,Single-Course (1)
U01119,bswanson,17,<18,Female,erica19@hotmail.com,1,0.0,Programming,Intermediate,1,0,2025-05-09,2025-05-09,Single-Course (1)
U01120,ashleymarshall,35,26–35,Female,paul48@yahoo.com,1,117.68,Data Science,Advanced,0,1,2025-09-24,2025-09-24,Single-Course (1)
U01121,qmcintyre,20,18–25,Male,fbrown@yahoo.com,1,117.68,Data Science,Advanced,0,1,2025-03-28,2025-03-28,Single-Course (1)
U01122,kathrynsutton,29,26–35,Female,medwards@yahoo.com,2,212.39,Digital Marketing,Beginner,1,1,2025-09-16,2025-11-01,Moderate (2-3)
U01123,garzamichael,29,26–35,Female,kimberly19@outlook.com,15,1720.2599999999998,Design,Beginner,8,7,2025-02-05,2025-12-21,Power Learner (8+)
U01124,vgill,30,26–35,Female,richardpaul@hotmail.com,3,342.61,Design,Advanced,2,1,2025-03-02,2025-06-04,Moderate (2-3)
U01125,sandracruz,32,26–35,Female,judyowen@hotmail.com,2,0.0,Business,Intermediate,2,0,2025-05-27,2025-07-21,Moderate (2-3)
U01126,xdaniels,15,<18,Male,gregoryhess@outlook.com,2,0.0,Marketing,Beginner,2,0,2025-10-18,2025-12-11,Moderate (2-3)
U01127,amanda40,28,26–35,Female,rebecca93@hotmail.com,3,119.04,Design,Intermediate,2,1,2025-01-26,2025-03-23,Moderate (2-3)
U01128,vthompson,31,26–35,Female,castillojohn@gmail.com,2,0.0,Finance,Beginner,2,0,2025-01-09,2025-01-09,Moderate (2-3)
U01129,robertvillegas,28,26–35,Female,briana87@gmail.com,1,326.02,Business,Intermediate,0,1,2025-06-17,2025-06-17,Single-Course (1)
U01130,calebmclaughlin,28,26–35,Male,gabriel37@hotmail.com,1,53.86,Finance,Beginner,0,1,2025-07-25,2025-07-25,Single-Course (1)
U01131,jmartinez,25,18–25,Male,kimberly80@gmail.com,3,0.78,Design,Advanced,2,1,2025-01-29,2025-08-15,Moderate (2-3)
U01132,sandrabrown,27,26–35,Female,bruceevans@yahoo.com,4,425.44,Artificial Intelligence,Beginner,2,2,2025-02-19,2025-09-05,Active (4-7)
U01133,mlee,35,26–35,Female,robertsalexander@outlook.com,1,0.0,Design,Beginner,1,0,2025-12-19,2025-12-19,Single-Course (1)
U01134,cameron67,19,18–25,Female,martinezronald@gmail.com,3,0.0,Cybersecurity,Beginner,3,0,2025-02-08,2025-05-17,Moderate (2-3)
U01135,joseph79,22,18–25,Male,ytaylor@yahoo.com,1,0.0,Design,Advanced,1,0,2025-07-18,2025-07-18,Single-Course (1)
U01136,carlmcclain,35,26–35,Male,lisabrown@hotmail.com,1,212.39,Digital Marketing,Advanced,0,1,2025-06-01,2025-06-01,Single-Course (1)
U01137,jacobkerr,28,26–35,Female,johngray@gmail.com,2,487.92,Business,Beginner,1,1,2025-10-23,2025-11-27,Moderate (2-3)
U01138,xrowland,22,18–25,Female,flemingchelsea@hotmail.com,1,89.59,Artificial Intelligence,Intermediate,0,1,2025-08-18,2025-08-18,Single-Course (1)
U01139,corey88,22,18–25,Female,wjohnson@hotmail.com,1,0.0,Programming,Beginner,1,0,2025-01-26,2025-01-26,Single-Course (1)
U01140,matthew95,29,26–35,Female,hunter59@outlook.com,1,119.04,Finance,Intermediate,0,1,2025-09-17,2025-09-17,Single-Course (1)
U01141,montoyabenjamin,17,<18,Female,bellkaren@yahoo.com,1,276.37,Design,Advanced,0,1,2025-06-08,2025-06-08,Single-Course (1)
U01142,monicastevenson,27,26–35,Male,donaldcollier@gmail.com,2,0.0,Machine Learning,Beginner,2,0,2025-09-25,2025-10-10,Moderate (2-3)
U01143,michealwhite,31,26–35,Male,reneehenderson@yahoo.com,14,1018.19,Artificial Intelligence,Intermediate,9,5,2025-03-07,2025-12-30,Power Learner (8+)
U01144,fsanders,29,26–35,Female,wevans@yahoo.com,2,346.71,Data Science,Intermediate,1,1,2025-01-01,2025-03-02,Moderate (2-3)
U01145,hfields,15,<18,Female,colewright@yahoo.com,1,472.28,Programming,Beginner,0,1,2025-07-08,2025-07-08,Single-Course (1)
U01146,ibrown,15,<18,Male,adamsteresa@gmail.com,13,178.12,Machine Learning,Advanced,11,2,2025-01-07,2025-11-24,Power Learner (8+)
U01147,wendy58,15,<18,Male,dwhite@outlook.com,1,0.0,Programming,Intermediate,1,0,2025-07-08,2025-07-08,Single-Course (1)
U01148,michaela68,28,26–35,Male,katie01@hotmail.com,2,0.0,Cybersecurity,Intermediate,2,0,2025-06-10,2025-08-04,Moderate (2-3)
U01149,jbrown,26,26–35,Female,meganhuffman@outlook.com,4,1263.8700000000001,Business,Beginner,1,3,2025-06-15,2025-12-18,Active (4-7)
U01150,nicholeellis,20,18–25,Male,kayla32@yahoo.com,1,53.86,Finance,Beginner,0,1,2025-03-18,2025-03-18,Single-Course (1)
U01151,jjimenez,28,26–35,Female,craig42@yahoo.com,14,1085.16,Business,Beginner,10,4,2025-01-09,2025-12-29,Power Learner (8+)
U01152,penalisa,34,26–35,Male,mark00@hotmail.com,1,346.71,Project Management,Advanced,0,1,2025-10-26,2025-10-26,Single-Course (1)
U01153,stevenbarron,15,<18,Female,amy11@hotmail.com,1,342.61,Project Management,Intermediate,0,1,2025-02-24,2025-02-24,Single-Course (1)
U01154,joanna92,24,18–25,Male,jonesjasmine@hotmail.com,2,0.0,Digital Marketing,Beginner,2,0,2025-01-16,2025-03-14,Moderate (2-3)
U01155,juan00,32,26–35,Female,derrickscott@outlook.com,4,212.39,Cybersecurity,Intermediate,3,1,2025-01-12,2025-06-13,Active (4-7)
U01156,roblesjeremy,30,26–35,Male,lauriedavies@hotmail.com,2,0.0,Business,Beginner,2,0,2025-05-18,2025-05-25,Moderate (2-3)
U01157,elizabeth72,31,26–35,Female,pruittshannon@gmail.com,4,487.92,Business,Intermediate,3,1,2025-03-09,2025-10-24,Active (4-7)
U01158,zachary52,35,26–35,Male,mathiskevin@hotmail.com,12,1213.9299999999998,Cybersecurity,Beginner,8,4,2025-01-13,2025-12-11,Power Learner (8+)
U01159,marissaherrera,26,26–35,Female,cyu@hotmail.com,1,0.0,Marketing,Intermediate,1,0,2025-04-27,2025-04-27,Single-Course (1)
U01160,jbrewer,15,<18,Female,steven39@gmail.com,4,266.25,Digital Marketing,Beginner,2,2,2025-02-09,2025-06-20,Active (4-7)
U01161,owensteresa,33,26–35,Male,melissa33@outlook.com,1,0.0,Finance,Intermediate,1,0,2025-07-04,2025-07-04,Single-Course (1)
U01162,jacksonspencer,19,18–25,Female,suedavila@yahoo.com,1,0.0,Machine Learning,Advanced,1,0,2025-02-18,2025-02-18,Single-Course (1)
U01163,melissabrown,24,18–25,Male,johnross@yahoo.com,13,1719.94,Design,Advanced,8,5,2025-02-24,2025-12-16,Power Learner (8+)
U01164,estone,25,18–25,Female,rhondawallace@hotmail.com,1,0.0,Web Development,Advanced,1,0,2025-02-01,2025-02-01,Single-Course (1)
U01165,janice83,24,18–25,Male,annette68@hotmail.com,2,346.71,Data Science,Intermediate,1,1,2025-09-20,2025-10-01,Moderate (2-3)
U01166,gcantu,21,18–25,Male,freemandaniel@hotmail.com,2,285.05,Business,Beginner,1,1,2025-06-08,2025-06-19,Moderate (2-3)
U01167,manuelmcdowell,16,<18,Female,maria23@yahoo.com,11,645.69,Web Development,Advanced,7,4,2025-02-18,2025-10-20,Power Learner (8+)
U01168,dawn22,27,26–35,Female,jimenezlori@gmail.com,1,37.89,Web Development,Advanced,0,1,2025-03-13,2025-03-13,Single-Course (1)
U01169,monicasantos,31,26–35,Female,gonzalesashlee@yahoo.com,1,0.0,Machine Learning,Intermediate,1,0,2025-11-25,2025-11-25,Single-Course (1)
U01170,dwashington,27,26–35,Female,ycoffey@yahoo.com,14,2739.04,Artificial Intelligence,Beginner,4,10,2025-01-09,2025-12-07,Power Learner (8+)
U01171,smayo,19,18–25,Male,fkemp@outlook.com,1,327.99,Project Management,Beginner,0,1,2025-10-09,2025-10-09,Single-Course (1)
U01172,todd75,30,26–35,Male,jerryhall@hotmail.com,3,301.98,Artificial Intelligence,Intermediate,1,2,2025-01-03,2025-04-04,Moderate (2-3)
U01173,cwheeler,26,26–35,Female,oward@yahoo.com,3,346.71,Business,Advanced,2,1,2025-01-07,2025-07-19,Moderate (2-3)
U01174,denise08,15,<18,Female,karen98@outlook.com,1,89.59,Artificial Intelligence,Intermediate,0,1,2025-02-04,2025-02-04,Single-Course (1)
U01175,melissa04,20,18–25,Female,april94@yahoo.com,1,0.0,Design,Advanced,1,0,2025-04-17,2025-04-17,Single-Course (1)
U01176,hooverrobert,20,18–25,Male,johngross@yahoo.com,3,0.0,Artificial Intelligence,Beginner,3,0,2025-04-06,2025-10-30,Moderate (2-3)
U01177,keith32,16,<18,Male,katienelson@outlook.com,13,538.86,Finance,Beginner,9,4,2025-01-02,2025-12-16,Power Learner (8+)
U01178,michaelholden,21,18–25,Female,patriciaallen@yahoo.com,2,0.0,Cybersecurity,Beginner,2,0,2025-08-18,2025-11-15,Moderate (2-3)
U01179,alan43,31,26–35,Female,qprice@gmail.com,2,594.81,Artificial Intelligence,Beginner,0,2,2025-03-29,2025-11-13,Moderate (2-3)
U01180,crawfordcarol,18,18–25,Male,brandon16@yahoo.com,13,1707.59,Data Science,Advanced,6,7,2025-02-08,2025-12-19,Power Learner (8+)
U01181,zgonzalez,27,26–35,Female,dawn03@gmail.com,1,0.0,Programming,Beginner,1,0,2025-05-22,2025-05-22,Single-Course (1)
U01182,masoncynthia,25,18–25,Female,charlesmurray@outlook.com,3,383.34,Business,Beginner,1,2,2025-04-23,2025-06-16,Moderate (2-3)
U01183,rogeradams,21,18–25,Female,iking@outlook.com,2,0.0,Finance,Beginner,2,0,2025-04-02,2025-09-28,Moderate (2-3)
U01184,lopezmackenzie,31,26–35,Male,mcculloughtaylor@gmail.com,1,53.86,Finance,Beginner,0,1,2025-09-08,2025-09-08,Single-Course (1)
U01185,kdavis,28,26–35,Male,cherrykristen@gmail.com,2,670.63,Cybersecurity,Intermediate,0,2,2025-02-12,2025-03-15,Moderate (2-3)
U01186,ronaldjohnson,34,26–35,Male,amandaerickson@hotmail.com,1,0.0,Artificial Intelligence,Beginner,1,0,2025-04-01,2025-04-01,Single-Course (1)
U01187,zvasquez,35,26–35,Female,timothy34@gmail.com,1,0.0,Cybersecurity,Advanced,1,0,2025-09-25,2025-09-25,Single-Course (1)
U01188,hudsonmelinda,24,18–25,Male,schmittleslie@hotmail.com,1,0.0,Machine Learning,Intermediate,1,0,2025-04-18,2025-04-18,Single-Course (1)
U01189,keaton,28,26–35,Male,donna01@gmail.com,1,0.0,Marketing,Intermediate,1,0,2025-01-10,2025-01-10,Single-Course (1)
U01190,paulperez,31,26–35,Male,williamscrystal@gmail.com,1,0.0,Cybersecurity,Beginner,1,0,2025-07-17,2025-07-17,Single-Course (1)
U01191,ygray,28,26–35,Female,sandersdavid@hotmail.com,1,472.28,Programming,Beginner,0,1,2025-12-17,2025-12-17,Single-Course (1)
U01192,sarahhampton,20,18–25,Female,rburke@gmail.com,1,0.0,Marketing,Intermediate,1,0,2025-10-26,2025-10-26,Single-Course (1)
U01193,tanya85,20,18–25,Female,kristinegreen@yahoo.com,2,487.92,Business,Advanced,1,1,2025-02-04,2025-12-20,Moderate (2-3)
U01194,timothy82,32,26–35,Female,carriedawson@hotmail.com,1,0.0,Web Development,Beginner,1,0,2025-01-22,2025-01-22,Single-Course (1)
U01195,cmurray,23,18–25,Male,ehayes@outlook.com,1,487.92,Business,Advanced,0,1,2025-07-09,2025-07-09,Single-Course (1)
U01196,mosleychelsea,21,18–25,Female,bradleyholland@hotmail.com,2,277.15,Design,Advanced,0,2,2025-12-08,2025-12-17,Moderate (2-3)
U01197,sharon57,28,26–35,Male,ronaldbell@hotmail.com,14,632.95,Cybersecurity,Intermediate,9,5,2025-01-01,2025-11-28,Power Learner (8+)
U01198,jeffrey72,33,26–35,Female,nbaker@hotmail.com,1,0.0,Design,Advanced,1,0,2025-02-06,2025-02-06,Single-Course (1)
U01199,theresa94,17,<18,Female,chelseasmith@outlook.com,1,0.0,Web Development,Advanced,1,0,2025-07-11,2025-07-11,Single-Course (1)
U01200,phamilton,15,<18,Female,jpaul@yahoo.com,1,0.0,Web Development,Beginner,1,0,2025-02-28,2025-02-28,Single-Course (1)
U01201,burtonbryan,28,26–35,Male,martinjames@gmail.com,1,177.34,Digital Marketing,Advanced,0,1,2025-07-25,2025-07-25,Single-Course (1)
U01202,heidicampos,29,26–35,Female,julie05@outlook.com,1,0.0,Design,Advanced,1,0,2025-09-16,2025-09-16,Single-Course (1)
U01203,jared15,15,<18,Male,meyerdavid@hotmail.com,16,1827.6100000000001,Business,Advanced,8,8,2025-01-02,2025-12-27,Power Learner (8+)
U01204,johnny06,17,<18,Female,whiteautumn@gmail.com,3,0.0,Machine Learning,Advanced,3,0,2025-02-15,2025-09-24,Moderate (2-3)
U01205,vanessagray,27,26–35,Male,erica64@hotmail.com,2,330.07,Data Science,Advanced,0,2,2025-01-08,2025-01-10,Moderate (2-3)
U01206,seancastaneda,15,<18,Female,andrewtaylor@outlook.com,1,37.89,Web Development,Advanced,0,1,2025-02-21,2025-02-21,Single-Course (1)
U01207,rachel72,30,26–35,Female,qsmith@hotmail.com,1,0.0,Machine Learning,Intermediate,1,0,2025-02-23,2025-02-23,Single-Course (1)
U01208,kimwilliam,27,26–35,Female,nielsenbrianna@outlook.com,1,0.0,Marketing,Intermediate,1,0,2025-05-30,2025-05-30,Single-Course (1)
U01209,maria58,20,18–25,Male,anthonymcmillan@outlook.com,2,0.0,Design,Beginner,2,0,2025-03-01,2025-04-17,Moderate (2-3)
U01210,lwheeler,22,18–25,Female,fsanchez@hotmail.com,1,0.0,Design,Advanced,1,0,2025-04-05,2025-04-05,Single-Course (1)
U01211,xsaunders,32,26–35,Female,danielthomas@hotmail.com,1,490.9,Artificial Intelligence,Beginner,0,1,2025-02-09,2025-02-09,Single-Course (1)
U01212,choimichelle,18,18–25,Female,brenda71@outlook.com,1,0.0,Design,Advanced,1,0,2025-12-27,2025-12-27,Single-Course (1)
U01213,vmathews,20,18–25,Female,rcross@outlook.com,1,177.34,Digital Marketing,Advanced,0,1,2025-01-20,2025-01-20,Single-Course (1)
U01214,twilliams,31,26–35,Female,qjackson@hotmail.com,1,0.0,Machine Learning,Advanced,1,0,2025-10-05,2025-10-05,Single-Course (1)
U01215,jessicaboyer,15,<18,Female,wpatel@outlook.com,1,490.9,Artificial Intelligence,Beginner,0,1,2025-04-15,2025-04-15,Single-Course (1)
U01216,robertserin,15,<18,Male,gsimmons@yahoo.com,1,37.89,Web Development,Advanced,0,1,2025-06-10,2025-06-10,Single-Course (1)
U01217,lowerysuzanne,25,18–25,Female,bowmanerika@outlook.com,1,0.0,Marketing,Intermediate,1,0,2025-06-15,2025-06-15,Single-Course (1)
U01218,wagnerhenry,34,26–35,Male,megan61@outlook.com,1,487.92,Business,Advanced,0,1,2025-08-19,2025-08-19,Single-Course (1)
U01219,christina30,16,<18,Male,glassmegan@yahoo.com,1,117.68,Data Science,Advanced,0,1,2025-11-11,2025-11-11,Single-Course (1)
U01220,jessicamiranda,29,26–35,Female,prodriguez@gmail.com,1,285.05,Business,Beginner,0,1,2025-12-01,2025-12-01,Single-Course (1)
U01221,leonardholmes,32,26–35,Male,glendalee@hotmail.com,13,1246.52,Artificial Intelligence,Beginner,7,6,2025-01-03,2025-12-09,Power Learner (8+)
U01222,banksdebra,19,18–25,Female,brownchristina@hotmail.com,3,415.51,Cybersecurity,Beginner,2,1,2025-01-14,2025-10-01,Moderate (2-3)
U01223,teresa46,23,18–25,Female,brianna85@yahoo.com,1,0.0,Digital Marketing,Intermediate,1,0,2025-03-23,2025-03-23,Single-Course (1)
U01224,villanuevagregory,23,18–25,Female,stewartmichael@hotmail.com,11,1662.67,Artificial Intelligence,Intermediate,5,6,2025-01-01,2025-08-14,Power Learner (8+)
U01225,michele28,30,26–35,Female,jameswilliams@hotmail.com,2,0.0,Data Science,Intermediate,2,0,2025-05-14,2025-09-16,Moderate (2-3)
U01226,megan63,31,26–35,Female,holdenjamie@gmail.com,2,276.37,Design,Beginner,1,1,2025-04-28,2025-08-14,Moderate (2-3)
U01227,geraldspears,15,<18,Male,melissa02@yahoo.com,1,327.99,Project Management,Beginner,0,1,2025-01-10,2025-01-10,Single-Course (1)
U01228,andrew58,28,26–35,Male,dsheppard@gmail.com,4,432.15,Cybersecurity,Advanced,2,2,2025-01-06,2025-07-28,Active (4-7)
U01229,georgereyes,27,26–35,Female,brian00@yahoo.com,2,0.0,Artificial Intelligence,Beginner,2,0,2025-08-07,2025-11-10,Moderate (2-3)
U01230,dmanning,23,18–25,Female,billyhughes@gmail.com,3,37.89,Cybersecurity,Beginner,2,1,2025-05-16,2025-06-16,Moderate (2-3)
U01231,kpetersen,21,18–25,Female,walkerjohn@yahoo.com,14,1794.6699999999998,Web Development,Advanced,6,8,2025-03-29,2025-12-30,Power Learner (8+)
U01232,elaine98,27,26–35,Female,hwhite@hotmail.com,1,0.0,Data Science,Beginner,1,0,2025-06-04,2025-06-04,Single-Course (1)
U01233,ztran,28,26–35,Male,ryan69@outlook.com,11,1564.55,Artificial Intelligence,Beginner,5,6,2025-01-09,2025-11-21,Power Learner (8+)
U01234,johnsingh,27,26–35,Male,leewilliams@gmail.com,1,0.0,Marketing,Advanced,1,0,2025-12-12,2025-12-12,Single-Course (1)
U01235,zacharybell,27,26–35,Female,natalieyates@gmail.com,14,1659.11,Machine Learning,Advanced,7,7,2025-01-09,2025-12-01,Power Learner (8+)
U01236,brettarroyo,20,18–25,Female,hbrowning@hotmail.com,1,0.0,Data Science,Intermediate,1,0,2025-11-01,2025-11-01,Single-Course (1)
U01237,savannah66,24,18–25,Male,amandacontreras@outlook.com,13,1279.4199999999998,Data Science,Beginner,8,5,2025-01-23,2025-11-18,Power Learner (8+)
U01238,stephengarza,35,26–35,Male,wgardner@gmail.com,1,0.0,Data Science,Intermediate,1,0,2025-05-02,2025-05-02,Single-Course (1)
U01239,steve19,20,18–25,Male,robinmarshall@gmail.com,12,2182.67,Business,Beginner,6,6,2025-01-04,2025-12-12,Power Learner (8+)
U01240,kellywiley,16,<18,Male,aaron37@gmail.com,1,0.0,Machine Learning,Advanced,1,0,2025-11-27,2025-11-27,Single-Course (1)
U01241,leebailey,25,18–25,Male,markgibson@outlook.com,2,0.0,Business,Advanced,2,0,2025-06-12,2025-12-08,Moderate (2-3)
U01242,stoutjennifer,22,18–25,Male,haleandres@hotmail.com,2,37.89,Cybersecurity,Advanced,1,1,2025-08-30,2025-12-26,Moderate (2-3)
U01243,brooksjessica,31,26–35,Female,jesus73@gmail.com,2,326.02,Business,Intermediate,1,1,2025-05-25,2025-10-20,Moderate (2-3)
U01244,sanderscindy,30,26–35,Female,qpaul@yahoo.com,14,1829.42,Business,Advanced,9,5,2025-01-02,2025-12-24,Power Learner (8+)
U01245,fowlerdavid,35,26–35,Male,shawn59@yahoo.com,1,0.0,Artificial Intelligence,Beginner,1,0,2025-02-02,2025-02-02,Single-Course (1)
U01246,ujackson,27,26–35,Male,candicebartlett@hotmail.com,2,0.0,Business,Intermediate,2,0,2025-05-11,2025-12-27,Moderate (2-3)
U01247,arandall,19,18–25,Male,kholt@yahoo.com,1,0.0,Data Science,Intermediate,1,0,2025-07-09,2025-07-09,Single-Course (1)
U01248,pleon,16,<18,Male,andrebenson@hotmail.com,2,0.78,Design,Advanced,1,1,2025-07-29,2025-10-21,Moderate (2-3)
U01249,ahenderson,25,18–25,Male,williamssandra@yahoo.com,14,2031.5099999999998,Business,Beginner,7,7,2025-01-30,2025-11-26,Power Learner (8+)
U01250,robert97,27,26–35,Female,fskinner@gmail.com,15,578.35,Artificial Intelligence,Beginner,12,3,2025-03-03,2025-12-27,Power Learner (8+)
U01251,ricardobender,29,26–35,Male,charleshawkins@yahoo.com,2,0.0,Business,Advanced,2,0,2025-06-15,2025-12-09,Moderate (2-3)
U01252,natalie03,19,18–25,Female,pallen@yahoo.com,1,415.51,Artificial Intelligence,Intermediate,0,1,2025-09-06,2025-09-06,Single-Course (1)
U01253,juliejackson,17,<18,Male,aortega@hotmail.com,1,212.39,Digital Marketing,Advanced,0,1,2025-06-08,2025-06-08,Single-Course (1)
U01254,tsmith,23,18–25,Male,selena67@hotmail.com,1,0.0,Machine Learning,Advanced,1,0,2025-05-23,2025-05-23,Single-Course (1)
U01255,belljennifer,29,26–35,Female,figueroajames@yahoo.com,4,178.12,Business,Advanced,2,2,2025-01-18,2025-11-27,Active (4-7)
U01256,steelevincent,32,26–35,Male,dukematthew@hotmail.com,1,0.0,Programming,Intermediate,1,0,2025-03-21,2025-03-21,Single-Course (1)
U01257,kconley,29,26–35,Female,nicholasrhodes@hotmail.com,2,0.0,Cybersecurity,Intermediate,2,0,2025-05-18,2025-12-14,Moderate (2-3)
U01258,riggsmichael,25,18–25,Male,turnerjeanette@yahoo.com,4,837.6099999999999,Artificial Intelligence,Beginner,2,2,2025-03-03,2025-12-01,Active (4-7)
U01259,ericksonpamela,18,18–25,Female,jamesbenton@yahoo.com,1,394.26,Cybersecurity,Intermediate,0,1,2025-12-06,2025-12-06,Single-Course (1)
U01260,hughesshannon,31,26–35,Female,hstevens@yahoo.com,1,0.0,Data Science,Beginner,1,0,2025-01-05,2025-01-05,Single-Course (1)
U01261,maxwelljones,25,18–25,Male,zpeck@hotmail.com,13,1543.8,Digital Marketing,Advanced,7,6,2025-01-03,2025-11-01,Power Learner (8+)
U01262,crawfordsherri,29,26–35,Female,marycurtis@outlook.com,4,577.51,Artificial Intelligence,Intermediate,2,2,2025-03-12,2025-11-25,Active (4-7)
U01263,ymartinez,17,<18,Female,oconnelljennifer@hotmail.com,1,490.9,Artificial Intelligence,Beginner,0,1,2025-09-03,2025-09-03,Single-Course (1)
U01264,jdavis,15,<18,Male,estesjuan@yahoo.com,1,0.0,Cybersecurity,Beginner,1,0,2025-12-15,2025-12-15,Single-Course (1)
U01265,durhammichelle,23,18–25,Male,kennedynicole@hotmail.com,2,0.0,Cybersecurity,Advanced,2,0,2025-01-07,2025-02-20,Moderate (2-3)
U01266,paulcampos,18,18–25,Female,davidcollins@gmail.com,14,1950.9,Business,Advanced,6,8,2025-01-11,2025-12-29,Power Learner (8+)
U01267,markcarpenter,30,26–35,Female,kristine41@hotmail.com,14,1581.46,Design,Beginner,9,5,2025-02-03,2025-12-20,Power Learner (8+)
U01268,jennifer28,33,26–35,Male,katrina74@gmail.com,13,1192.24,Data Science,Beginner,8,5,2025-01-23,2025-11-21,Power Learner (8+)
U01269,dawnthompson,25,18–25,Female,ericbeard@outlook.com,1,326.02,Business,Intermediate,0,1,2025-08-25,2025-08-25,Single-Course (1)
U01270,elizabethbates,19,18–25,Male,bjones@gmail.com,2,0.0,Business,Beginner,2,0,2025-08-01,2025-10-07,Moderate (2-3)
U01271,michaelhurst,23,18–25,Female,donald27@yahoo.com,1,0.0,Cybersecurity,Intermediate,1,0,2025-06-25,2025-06-25,Single-Course (1)
U01272,qhernandez,16,<18,Female,laura14@outlook.com,1,0.0,Design,Advanced,1,0,2025-09-23,2025-09-23,Single-Course (1)
U01273,johnsonalexander,31,26–35,Female,amber26@yahoo.com,1,0.0,Artificial Intelligence,Beginner,1,0,2025-07-28,2025-07-28,Single-Course (1)
U01274,stevengonzalez,32,26–35,Female,eward@yahoo.com,1,346.71,Project Management,Advanced,0,1,2025-04-17,2025-04-17,Single-Course (1)
U01275,ellismichael,35,26–35,Male,shawn31@hotmail.com,1,0.0,Cybersecurity,Beginner,1,0,2025-05-15,2025-05-15,Single-Course (1)
U01276,fmiller,27,26–35,Female,iharris@gmail.com,2,0.0,Data Science,Intermediate,2,0,2025-04-19,2025-11-30,Moderate (2-3)
U01277,antoniotravis,26,26–35,Female,matthewgraham@yahoo.com,12,177.34,Cybersecurity,Beginner,11,1,2025-01-10,2025-11-23,Power Learner (8+)
U01278,frenchcharles,16,<18,Female,michelemartinez@yahoo.com,2,89.59,Artificial Intelligence,Beginner,1,1,2025-07-04,2025-08-20,Moderate (2-3)
U01279,ksalinas,29,26–35,Female,chanwilliam@outlook.com,3,299.57,Data Science,Advanced,2,1,2025-03-11,2025-09-15,Moderate (2-3)
U01280,geoffreylong,26,26–35,Female,maria44@outlook.com,12,913.65,Machine Learning,Beginner,8,4,2025-01-06,2025-09-04,Power Learner (8+)
U01281,gibsonkevin,23,18–25,Female,fullerjennifer@outlook.com,13,875.9000000000001,Data Science,Intermediate,9,4,2025-01-09,2025-12-08,Power Learner (8+)
U01282,smithpaul,26,26–35,Male,howelldavid@gmail.com,3,0.0,Design,Beginner,3,0,2025-07-01,2025-12-20,Moderate (2-3)
U01283,josephrodriguez,15,<18,Male,crosbydesiree@yahoo.com,1,0.0,Machine Learning,Advanced,1,0,2025-11-12,2025-11-12,Single-Course (1)
U01284,ashepherd,34,26–35,Female,susanmartin@gmail.com,15,2437.7500000000005,Data Science,Advanced,8,7,2025-01-07,2025-12-06,Power Learner (8+)
U01285,cunninghampamela,35,26–35,Female,williamevans@gmail.com,4,0.78,Machine Learning,Advanced,3,1,2025-05-22,2025-08-11,Active (4-7)
U01286,fjohnson,27,26–35,Male,henrynathaniel@hotmail.com,13,1821.1899999999998,Data Science,Beginner,8,5,2025-02-05,2025-12-25,Power Learner (8+)
U01287,emily69,33,26–35,Female,hvaughn@yahoo.com,12,1971.19,Artificial Intelligence,Intermediate,6,6,2025-02-11,2025-11-20,Power Learner (8+)
U01288,danieljohnson,18,18–25,Male,trodriguez@yahoo.com,2,177.34,Cybersecurity,Intermediate,1,1,2025-07-21,2025-07-24,Moderate (2-3)
U01289,vwalker,35,26–35,Female,lori86@yahoo.com,1,0.0,Design,Advanced,1,0,2025-01-22,2025-01-22,Single-Course (1)
U01290,mario14,16,<18,Male,karen05@outlook.com,14,506.84,Business,Intermediate,11,3,2025-01-05,2025-11-25,Power Learner (8+)
U01291,jtanner,34,26–35,Female,swright@yahoo.com,1,0.0,Web Development,Advanced,1,0,2025-05-07,2025-05-07,Single-Course (1)
U01292,levans,29,26–35,Male,andrea96@outlook.com,1,0.0,Web Development,Advanced,1,0,2025-03-19,2025-03-19,Single-Course (1)
U01293,diazraymond,33,26–35,Male,tammy31@hotmail.com,1,394.26,Cybersecurity,Intermediate,0,1,2025-07-25,2025-07-25,Single-Course (1)
U01294,nancyfernandez,30,26–35,Male,ritaunderwood@outlook.com,1,0.0,Design,Advanced,1,0,2025-05-07,2025-05-07,Single-Course (1)
U01295,scott12,34,26–35,Female,moorecarlos@hotmail.com,4,395.41,Data Science,Intermediate,2,2,2025-01-30,2025-12-27,Active (4-7)
U01296,glennrebecca,21,18–25,Female,raymond92@hotmail.com,1,0.0,Project Management,Beginner,1,0,2025-09-19,2025-09-19,Single-Course (1)
U01297,smallchristian,27,26–35,Male,melissa79@yahoo.com,1,0.0,Machine Learning,Advanced,1,0,2025-07-21,2025-07-21,Single-Course (1)
U01298,nancy57,22,18–25,Female,randy42@gmail.com,1,0.0,Digital Marketing,Beginner,1,0,2025-09-04,2025-09-04,Single-Course (1)
U01299,amber65,28,26–35,Female,lisalee@gmail.com,1,0.0,Marketing,Intermediate,1,0,2025-07-01,2025-07-01,Single-Course (1)
U01300,joseph98,19,18–25,Male,ericjohnson@outlook.com,1,0.0,Business,Advanced,1,0,2025-06-02,2025-06-02,Single-Course (1)
U01301,hhernandez,27,26–35,Male,andrea14@hotmail.com,1,0.0,Digital Marketing,Beginner,1,0,2025-12-29,2025-12-29,Single-Course (1)
U01302,jonathanhawkins,19,18–25,Female,matthewgutierrez@outlook.com,2,0.0,Design,Beginner,2,0,2025-04-09,2025-09-30,Moderate (2-3)
U01303,jenniferlawson,23,18–25,Female,brent72@outlook.com,2,117.68,Cybersecurity,Intermediate,1,1,2025-09-03,2025-11-02,Moderate (2-3)
U01304,pearsonrobert,33,26–35,Female,mercerlaura@outlook.com,2,0.0,Digital Marketing,Beginner,2,0,2025-08-30,2025-12-09,Moderate (2-3)
U01305,christinacastaneda,22,18–25,Female,williamphelps@yahoo.com,3,0.0,Finance,Advanced,3,0,2025-09-05,2025-11-22,Moderate (2-3)
U01306,oscott,22,18–25,Male,ekennedy@outlook.com,1,0.0,Web Development,Advanced,1,0,2025-08-26,2025-08-26,Single-Course (1)
U01307,justinroberts,16,<18,Female,theresawatson@hotmail.com,1,0.0,Design,Advanced,1,0,2025-06-12,2025-06-12,Single-Course (1)
U01308,romerochristina,23,18–25,Male,jonathanturner@outlook.com,1,0.0,Cybersecurity,Advanced,1,0,2025-02-06,2025-02-06,Single-Course (1)
U01309,tpowell,35,26–35,Male,rolson@outlook.com,2,0.0,Data Science,Beginner,2,0,2025-05-12,2025-09-07,Moderate (2-3)
U01310,hallaaron,21,18–25,Female,christian27@outlook.com,3,0.0,Design,Intermediate,3,0,2025-07-11,2025-12-02,Moderate (2-3)
U01311,mark71,27,26–35,Male,amy78@gmail.com,1,327.99,Project Management,Beginner,0,1,2025-03-04,2025-03-04,Single-Course (1)
U01312,churchpatrick,16,<18,Male,valerieortiz@gmail.com,1,0.0,Design,Advanced,1,0,2025-03-26,2025-03-26,Single-Course (1)
U01313,nicholas58,31,26–35,Male,jasonphillips@hotmail.com,3,248.1,Artificial Intelligence,Intermediate,2,1,2025-01-25,2025-09-24,Moderate (2-3)
U01314,stevenmurphy,26,26–35,Female,connie81@hotmail.com,2,299.57,Data Science,Beginner,1,1,2025-02-19,2025-08-23,Moderate (2-3)
U01315,bryantjacob,33,26–35,Male,dpeterson@gmail.com,13,1870.02,Business,Advanced,7,6,2025-02-01,2025-11-27,Power Learner (8+)
U01316,brownjonathan,31,26–35,Female,vcastro@gmail.com,1,0.0,Business,Advanced,1,0,2025-09-05,2025-09-05,Single-Course (1)
U01317,thompsonkathleen,32,26–35,Female,markbell@hotmail.com,1,0.0,Finance,Advanced,1,0,2025-07-27,2025-07-27,Single-Course (1)
U01318,angelaward,18,18–25,Female,jacqueline76@hotmail.com,14,1337.1499999999999,Cybersecurity,Intermediate,9,5,2025-01-05,2025-12-22,Power Learner (8+)
U01319,whitejeffrey,25,18–25,Male,bullockcarlos@hotmail.com,1,0.0,Marketing,Intermediate,1,0,2025-09-25,2025-09-25,Single-Course (1)
U01320,wfrancis,20,18–25,Male,vaughnelizabeth@hotmail.com,4,285.05,Business,Beginner,3,1,2025-04-29,2025-11-25,Active (4-7)
U01321,vdunn,35,26–35,Male,mary33@gmail.com,14,852.9399999999999,Machine Learning,Beginner,10,4,2025-01-11,2025-11-13,Power Learner (8+)
U01322,julieblair,26,26–35,Female,arthurhernandez@gmail.com,12,760.6400000000001,Data Science,Advanced,8,4,2025-01-16,2025-12-05,Power Learner (8+)
U01323,lhood,15,<18,Male,raymaddox@gmail.com,2,0.0,Programming,Beginner,2,0,2025-04-02,2025-06-27,Moderate (2-3)
U01324,contrerasderek,24,18–25,Male,kristin78@gmail.com,1,0.0,Digital Marketing,Intermediate,1,0,2025-04-15,2025-04-15,Single-Course (1)
U01325,ugraves,18,18–25,Female,thomasprice@hotmail.com,2,177.34,Design,Advanced,1,1,2025-06-02,2025-09-22,Moderate (2-3)
U01326,zmoore,15,<18,Female,pricericky@yahoo.com,2,0.78,Digital Marketing,Intermediate,1,1,2025-04-07,2025-08-06,Moderate (2-3)
U01327,yrangel,23,18–25,Male,laurahorn@hotmail.com,1,487.92,Business,Advanced,0,1,2025-09-26,2025-09-26,Single-Course (1)
U01328,amybush,27,26–35,Male,ianschmidt@yahoo.com,1,248.1,Artificial Intelligence,Beginner,0,1,2025-11-15,2025-11-15,Single-Course (1)
U01329,bettyunderwood,15,<18,Female,richardgrimes@outlook.com,1,276.37,Design,Advanced,0,1,2025-10-29,2025-10-29,Single-Course (1)
U01330,phillipspatrick,20,18–25,Female,ravenanderson@outlook.com,2,0.0,Artificial Intelligence,Beginner,2,0,2025-01-07,2025-08-14,Moderate (2-3)
U01331,qmartin,16,<18,Male,shelley53@hotmail.com,13,1288.06,Data Science,Advanced,7,6,2025-02-05,2025-12-11,Power Learner (8+)
U01332,kiara65,20,18–25,Male,amy17@outlook.com,12,1377.3400000000001,Marketing,Intermediate,6,6,2025-03-01,2025-12-28,Power Learner (8+)
U01333,amiller,15,<18,Male,stephanie50@gmail.com,1,0.0,Design,Advanced,1,0,2025-07-12,2025-07-12,Single-Course (1)
U01334,stricklandrachel,35,26–35,Female,lindsey34@outlook.com,13,661.19,Cybersecurity,Intermediate,10,3,2025-03-25,2025-12-05,Power Learner (8+)
U01335,markpotter,16,<18,Female,tortiz@yahoo.com,1,0.0,Machine Learning,Intermediate,1,0,2025-05-01,2025-05-01,Single-Course (1)
U01336,isabella45,33,26–35,Male,johnsonjasmine@outlook.com,14,870.65,Data Science,Advanced,10,4,2025-01-21,2025-12-24,Power Learner (8+)
U01337,williamsrobert,32,26–35,Female,rachel05@hotmail.com,16,1242.9,Machine Learning,Advanced,10,6,2025-01-18,2025-12-16,Power Learner (8+)
U01338,tina99,15,<18,Male,martinleonard@gmail.com,3,0.0,Cybersecurity,Advanced,3,0,2025-01-01,2025-11-30,Moderate (2-3)
U01339,ryan92,35,26–35,Male,yberry@gmail.com,2,415.51,Artificial Intelligence,Intermediate,1,1,2025-05-06,2025-08-24,Moderate (2-3)
U01340,kristinpatton,32,26–35,Female,ryangarrett@outlook.com,2,415.51,Artificial Intelligence,Beginner,1,1,2025-09-04,2025-11-07,Moderate (2-3)
U01341,tellison,29,26–35,Male,edward48@gmail.com,3,117.68,Data Science,Beginner,2,1,2025-05-25,2025-10-21,Moderate (2-3)
U01342,amorgan,25,18–25,Male,ambercraig@yahoo.com,2,0.0,Business,Beginner,2,0,2025-01-17,2025-05-16,Moderate (2-3)
U01343,sweeneymelinda,32,26–35,Male,blong@outlook.com,14,1956.7199999999998,Cybersecurity,Intermediate,6,8,2025-01-27,2025-12-26,Power Learner (8+)
U01344,ipeters,25,18–25,Female,jennifer42@outlook.com,14,680.3000000000001,Design,Beginner,11,3,2025-01-06,2025-12-26,Power Learner (8+)
U01345,hamiltondavid,19,18–25,Male,dwaynekim@gmail.com,1,0.0,Web Development,Beginner,1,0,2025-02-23,2025-02-23,Single-Course (1)
U01346,erinjohnston,16,<18,Male,brownjuan@gmail.com,15,1390.8500000000001,Artificial Intelligence,Advanced,9,6,2025-02-09,2025-12-29,Power Learner (8+)
U01347,brandonjones,20,18–25,Male,jameszamora@yahoo.com,13,820.3799999999999,Artificial Intelligence,Beginner,9,4,2025-01-01,2025-11-07,Power Learner (8+)
U01348,livingstonrachel,29,26–35,Female,jordan90@hotmail.com,2,0.0,Cybersecurity,Beginner,2,0,2025-06-24,2025-06-30,Moderate (2-3)
U01349,kristin57,26,26–35,Male,matthewfry@outlook.com,1,0.0,Machine Learning,Intermediate,1,0,2025-12-25,2025-12-25,Single-Course (1)
U01350,jay37,16,<18,Female,rachel52@gmail.com,13,1088.15,Cybersecurity,Beginner,9,4,2025-01-10,2025-12-13,Power Learner (8+)
U01351,luisortiz,16,<18,Male,tmiller@hotmail.com,2,0.78,Machine Learning,Intermediate,1,1,2025-08-07,2025-10-29,Moderate (2-3)
U01352,emilyberg,25,18–25,Male,williamromero@yahoo.com,13,1319.58,Marketing,Intermediate,7,6,2025-02-24,2025-12-14,Power Learner (8+)
U01353,victoriawatkins,20,18–25,Female,davidwalton@gmail.com,1,0.0,Web Development,Beginner,1,0,2025-07-24,2025-07-24,Single-Course (1)
U01354,usalazar,15,<18,Male,parker94@hotmail.com,2,0.0,Design,Intermediate,2,0,2025-11-11,2025-11-13,Moderate (2-3)
U01355,parrishkevin,28,26–35,Female,johnsonandrea@gmail.com,13,1449.7399999999998,Marketing,Advanced,8,5,2025-01-08,2025-12-22,Power Learner (8+)
U01356,johnsonrenee,26,26–35,Female,rachel58@hotmail.com,3,89.59,Artificial Intelligence,Intermediate,2,1,2025-10-15,2025-12-08,Moderate (2-3)
U01357,jeffreyhall,28,26–35,Female,weavermatthew@gmail.com,1,0.78,Machine Learning,Advanced,0,1,2025-01-05,2025-01-05,Single-Course (1)
U01358,annalester,31,26–35,Male,vcherry@gmail.com,1,37.89,Web Development,Advanced,0,1,2025-02-21,2025-02-21,Single-Course (1)
U01359,mwarner,18,18–25,Female,briananewton@yahoo.com,2,0.0,Cybersecurity,Beginner,2,0,2025-11-04,2025-11-11,Moderate (2-3)
U01360,kingdarren,22,18–25,Female,wlee@gmail.com,1,119.04,Finance,Intermediate,0,1,2025-04-14,2025-04-14,Single-Course (1)
U01361,kelli73,31,26–35,Male,lisa54@outlook.com,1,0.0,Web Development,Beginner,1,0,2025-05-25,2025-05-25,Single-Course (1)
U01362,zwalsh,26,26–35,Male,vjacobs@yahoo.com,3,0.0,Artificial Intelligence,Beginner,3,0,2025-01-04,2025-10-09,Moderate (2-3)
U01363,perezsarah,25,18–25,Male,raypeterson@outlook.com,2,0.0,Data Science,Intermediate,2,0,2025-06-08,2025-07-17,Moderate (2-3)
U01364,pkoch,16,<18,Female,john98@gmail.com,13,1734.8000000000002,Digital Marketing,Intermediate,8,5,2025-01-10,2025-12-09,Power Learner (8+)
U01365,thull,25,18–25,Male,meganwalters@yahoo.com,14,1709.25,Data Science,Beginner,7,7,2025-02-18,2025-12-21,Power Learner (8+)
U01366,ltaylor,29,26–35,Female,iscott@outlook.com,1,0.0,Finance,Advanced,1,0,2025-01-08,2025-01-08,Single-Course (1)
U01367,baxtersamantha,22,18–25,Male,darlene18@hotmail.com,1,0.0,Project Management,Beginner,1,0,2025-03-03,2025-03-03,Single-Course (1)
U01368,patrickkari,24,18–25,Female,tmckenzie@hotmail.com,1,0.0,Web Development,Beginner,1,0,2025-08-08,2025-08-08,Single-Course (1)
U01369,alexandra74,21,18–25,Male,gilbert75@outlook.com,1,0.0,Data Science,Intermediate,1,0,2025-04-28,2025-04-28,Single-Course (1)
U01370,joseph11,21,18–25,Female,rhanson@gmail.com,3,276.37,Design,Advanced,2,1,2025-03-24,2025-05-29,Moderate (2-3)
U01371,lynn61,22,18–25,Male,millermary@yahoo.com,1,0.0,Data Science,Intermediate,1,0,2025-10-05,2025-10-05,Single-Course (1)
U01372,maryrogers,19,18–25,Female,craigdowns@outlook.com,1,0.0,Digital Marketing,Intermediate,1,0,2025-02-14,2025-02-14,Single-Course (1)
U01373,wongmichelle,24,18–25,Male,lopezrachel@hotmail.com,1,0.0,Cybersecurity,Intermediate,1,0,2025-05-06,2025-05-06,Single-Course (1)
U01374,derrick45,32,26–35,Female,torresmartha@yahoo.com,1,0.0,Digital Marketing,Beginner,1,0,2025-04-08,2025-04-08,Single-Course (1)
U01375,fwalker,22,18–25,Male,donald46@gmail.com,13,1934.77,Marketing,Beginner,7,6,2025-01-15,2025-12-25,Power Learner (8+)
U01376,gregory21,28,26–35,Male,cody90@hotmail.com,1,0.0,Project Management,Beginner,1,0,2025-07-19,2025-07-19,Single-Course (1)
U01377,silvaamy,16,<18,Male,amanda48@hotmail.com,4,833.09,Artificial Intelligence,Intermediate,1,3,2025-01-04,2025-12-21,Active (4-7)
U01378,turnerkelly,35,26–35,Male,tgarcia@yahoo.com,2,472.28,Design,Beginner,1,1,2025-01-06,2025-03-02,Moderate (2-3)
U01379,carloliver,22,18–25,Male,brandonryan@yahoo.com,2,299.57,Data Science,Beginner,1,1,2025-10-15,2025-11-13,Moderate (2-3)
U01380,susan26,26,26–35,Male,eberry@gmail.com,1,37.89,Web Development,Advanced,0,1,2025-10-25,2025-10-25,Single-Course (1)
U01381,danielle11,15,<18,Male,ralphnguyen@outlook.com,1,0.0,Finance,Beginner,1,0,2025-10-25,2025-10-25,Single-Course (1)
U01382,iansloan,22,18–25,Female,pamelaking@gmail.com,1,326.02,Business,Intermediate,0,1,2025-08-21,2025-08-21,Single-Course (1)
U01383,gallagherandrea,32,26–35,Male,hopkinsjustin@hotmail.com,1,0.0,Cybersecurity,Intermediate,1,0,2025-06-03,2025-06-03,Single-Course (1)
U01384,tfrederick,23,18–25,Female,lauren87@gmail.com,3,472.28,Design,Advanced,2,1,2025-04-14,2025-08-26,Moderate (2-3)
U01385,tbryant,33,26–35,Female,snowamber@hotmail.com,1,0.0,Finance,Beginner,1,0,2025-11-09,2025-11-09,Single-Course (1)
U01386,tomibarra,16,<18,Male,ygreen@yahoo.com,1,487.92,Business,Advanced,0,1,2025-03-11,2025-03-11,Single-Course (1)
U01387,ronaldberg,21,18–25,Female,susan78@outlook.com,1,0.0,Data Science,Beginner,1,0,2025-06-16,2025-06-16,Single-Course (1)
U01388,mnelson,27,26–35,Male,jeffreychandler@yahoo.com,1,0.0,Design,Advanced,1,0,2025-05-09,2025-05-09,Single-Course (1)
U01389,pattersoncharles,30,26–35,Male,vlowery@outlook.com,1,0.0,Programming,Beginner,1,0,2025-04-01,2025-04-01,Single-Course (1)
U01390,eriley,33,26–35,Female,srogers@hotmail.com,2,0.0,Business,Beginner,2,0,2025-06-22,2025-10-25,Moderate (2-3)
U01391,moranthomas,30,26–35,Male,christy49@outlook.com,1,0.0,Business,Advanced,1,0,2025-06-17,2025-06-17,Single-Course (1)
U01392,donaldjohnson,29,26–35,Female,qjuarez@gmail.com,3,248.1,Artificial Intelligence,Beginner,2,1,2025-01-12,2025-11-28,Moderate (2-3)
U01393,eric14,30,26–35,Male,donna02@hotmail.com,1,0.0,Data Science,Intermediate,1,0,2025-01-29,2025-01-29,Single-Course (1)
U01394,mannchristopher,26,26–35,Female,benjaminmoore@gmail.com,14,680.0699999999999,Data Science,Beginner,11,3,2025-01-11,2025-12-06,Power Learner (8+)
U01395,marshallsherry,31,26–35,Male,samanthajohnson@outlook.com,14,1137.8300000000002,Design,Beginner,10,4,2025-01-04,2025-12-05,Power Learner (8+)
U01396,ogreene,17,<18,Female,avilabrian@gmail.com,3,394.26,Cybersecurity,Intermediate,2,1,2025-03-06,2025-08-14,Moderate (2-3)
U01397,victoria70,28,26–35,Male,alexanderroberts@gmail.com,13,887.1,Data Science,Beginner,7,6,2025-02-02,2025-11-05,Power Learner (8+)
U01398,craigsosa,23,18–25,Female,brianna09@outlook.com,1,0.0,Web Development,Advanced,1,0,2025-02-17,2025-02-17,Single-Course (1)
U01399,mitchellcarlos,20,18–25,Male,owenkelsey@gmail.com,16,1648.9299999999998,Artificial Intelligence,Beginner,9,7,2025-01-03,2025-10-26,Power Learner (8+)
U01400,heather82,21,18–25,Female,jamesshane@outlook.com,1,0.0,Artificial Intelligence,Beginner,1,0,2025-12-01,2025-12-01,Single-Course (1)
U01401,jeffdavis,19,18–25,Female,norrisvalerie@gmail.com,1,327.99,Project Management,Beginner,0,1,2025-11-06,2025-11-06,Single-Course (1)
U01402,guerrerojason,19,18–25,Female,ebony07@hotmail.com,4,383.34,Artificial Intelligence,Intermediate,2,2,2025-04-21,2025-10-15,Active (4-7)
U01403,cindy97,27,26–35,Male,hollowayheather@outlook.com,1,0.0,Cybersecurity,Intermediate,1,0,2025-05-14,2025-05-14,Single-Course (1)
U01404,hoffmanjennifer,18,18–25,Female,browndavid@yahoo.com,1,0.0,Web Development,Advanced,1,0,2025-06-06,2025-06-06,Single-Course (1)
U01405,amandamoore,35,26–35,Male,vbrown@outlook.com,12,1034.41,Data Science,Advanced,6,6,2025-01-06,2025-10-21,Power Learner (8+)
U01406,yjimenez,21,18–25,Female,mitchellday@hotmail.com,1,0.0,Web Development,Advanced,1,0,2025-01-10,2025-01-10,Single-Course (1)
U01407,lisaperez,34,26–35,Female,dwolf@yahoo.com,1,0.0,Marketing,Intermediate,1,0,2025-03-19,2025-03-19,Single-Course (1)
U01408,lortiz,18,18–25,Male,danielbaker@yahoo.com,2,0.0,Programming,Beginner,2,0,2025-06-11,2025-07-07,Moderate (2-3)
U01409,jason20,31,26–35,Male,ericksondavid@gmail.com,4,591.3199999999999,Finance,Intermediate,2,2,2025-01-23,2025-09-07,Active (4-7)
U01410,bradley01,17,<18,Male,tylercoleman@outlook.com,1,37.89,Web Development,Advanced,0,1,2025-06-02,2025-06-02,Single-Course (1)
U01411,davidsonrandy,21,18–25,Male,lmurillo@gmail.com,15,1440.09,Design,Beginner,11,4,2025-01-18,2025-12-15,Power Learner (8+)
U01412,mitchelldavid,16,<18,Male,robertsantos@outlook.com,3,58.1,Finance,Advanced,1,2,2025-01-07,2025-09-13,Moderate (2-3)
U01413,driley,24,18–25,Male,rose19@hotmail.com,1,0.0,Machine Learning,Intermediate,1,0,2025-05-02,2025-05-02,Single-Course (1)
U01414,david25,35,26–35,Female,johnsonbrett@outlook.com,16,1200.1,Cybersecurity,Intermediate,9,7,2025-01-15,2025-11-06,Power Learner (8+)
U01415,uhudson,18,18–25,Male,austingraham@gmail.com,3,1086.1399999999999,Artificial Intelligence,Intermediate,0,3,2025-01-22,2025-07-29,Moderate (2-3)
U01416,walkerbrandon,22,18–25,Female,phillipsaaron@hotmail.com,2,326.02,Business,Beginner,1,1,2025-03-01,2025-09-10,Moderate (2-3)
U01417,katherinehaynes,26,26–35,Female,stephaniemartin@hotmail.com,2,346.71,Project Management,Beginner,1,1,2025-03-29,2025-10-19,Moderate (2-3)
U01418,kcastaneda,20,18–25,Female,bmeyer@hotmail.com,1,0.0,Design,Advanced,1,0,2025-05-21,2025-05-21,Single-Course (1)
U01419,qwright,34,26–35,Female,justin88@hotmail.com,2,327.99,Programming,Beginner,1,1,2025-01-27,2025-02-14,Moderate (2-3)
U01420,eric82,34,26–35,Female,calvin46@hotmail.com,3,339.69,Business,Beginner,0,3,2025-05-05,2025-09-01,Moderate (2-3)
U01421,katelyncastro,22,18–25,Male,usmith@hotmail.com,1,0.0,Finance,Beginner,1,0,2025-02-18,2025-02-18,Single-Course (1)
U01422,ashleynorton,16,<18,Male,jessica60@yahoo.com,2,490.9,Artificial Intelligence,Beginner,1,1,2025-05-18,2025-06-11,Moderate (2-3)
U01423,elizabethpatrick,25,18–25,Male,josephmyers@gmail.com,1,0.0,Design,Advanced,1,0,2025-08-03,2025-08-03,Single-Course (1)
U01424,edgar29,28,26–35,Female,robin66@outlook.com,1,415.51,Artificial Intelligence,Intermediate,0,1,2025-07-17,2025-07-17,Single-Course (1)
U01425,usanchez,25,18–25,Female,milleramanda@yahoo.com,1,0.0,Project Management,Beginner,1,0,2025-09-29,2025-09-29,Single-Course (1)
U01426,mramirez,24,18–25,Male,jimenezamy@yahoo.com,1,89.59,Artificial Intelligence,Intermediate,0,1,2025-10-15,2025-10-15,Single-Course (1)
U01427,harrisalec,25,18–25,Male,cruzsonia@outlook.com,1,0.0,Artificial Intelligence,Beginner,1,0,2025-05-14,2025-05-14,Single-Course (1)
U01428,robertsonjennifer,35,26–35,Female,bryantrachel@hotmail.com,1,0.0,Marketing,Advanced,1,0,2025-12-26,2025-12-26,Single-Course (1)
U01429,bonniegreen,31,26–35,Female,ijones@hotmail.com,15,829.1700000000001,Design,Beginner,12,3,2025-01-05,2025-11-21,Power Learner (8+)
U01430,travislaura,19,18–25,Female,miguel78@yahoo.com,13,1296.6799999999998,Cybersecurity,Advanced,8,5,2025-02-06,2025-12-03,Power Learner (8+)
U01431,amanda65,34,26–35,Female,christine75@yahoo.com,2,0.0,Cybersecurity,Intermediate,2,0,2025-04-13,2025-09-23,Moderate (2-3)
U01432,josephanderson,17,<18,Female,kingjason@yahoo.com,12,2266.34,Artificial Intelligence,Intermediate,5,7,2025-02-09,2025-12-29,Power Learner (8+)
U01433,kgibson,16,<18,Female,wilsonjimmy@yahoo.com,2,89.59,Artificial Intelligence,Beginner,1,1,2025-12-04,2025-12-05,Moderate (2-3)
U01434,villanuevatammy,24,18–25,Male,scott10@yahoo.com,2,90.37,Artificial Intelligence,Intermediate,0,2,2025-01-16,2025-12-29,Moderate (2-3)
U01435,kaylaruiz,16,<18,Male,ihuff@gmail.com,13,1478.6599999999999,Artificial Intelligence,Intermediate,7,6,2025-01-04,2025-11-08,Power Learner (8+)
U01436,allison21,34,26–35,Female,ncarroll@gmail.com,2,0.0,Business,Intermediate,2,0,2025-03-18,2025-06-05,Moderate (2-3)
U01437,gabrielle52,33,26–35,Female,gregoryalvarado@hotmail.com,1,0.0,Finance,Beginner,1,0,2025-06-05,2025-06-05,Single-Course (1)
U01438,randymorrison,30,26–35,Female,danabishop@hotmail.com,4,37.89,Web Development,Beginner,3,1,2025-04-17,2025-11-18,Active (4-7)
U01439,mcarter,22,18–25,Male,lhenderson@yahoo.com,1,327.99,Project Management,Beginner,0,1,2025-06-06,2025-06-06,Single-Course (1)
U01440,garzakatherine,20,18–25,Female,garciarebecca@gmail.com,2,394.26,Cybersecurity,Intermediate,1,1,2025-09-29,2025-12-08,Moderate (2-3)
U01441,rogerschristine,24,18–25,Female,fgrant@yahoo.com,1,327.99,Project Management,Beginner,0,1,2025-03-20,2025-03-20,Single-Course (1)
U01442,pcurry,34,26–35,Female,maldonadojonathan@gmail.com,3,559.0999999999999,Design,Advanced,1,2,2025-06-23,2025-11-28,Moderate (2-3)
U01443,traceyandrews,17,<18,Female,jacksonlisa@outlook.com,2,0.0,Artificial Intelligence,Beginner,2,0,2025-04-18,2025-05-17,Moderate (2-3)
U01444,matthew02,29,26–35,Male,wilsonmary@yahoo.com,2,436.29999999999995,Artificial Intelligence,Intermediate,0,2,2025-04-01,2025-12-16,Moderate (2-3)
U01445,vtran,29,26–35,Male,alexander51@gmail.com,12,1584.32,Web Development,Beginner,6,6,2025-02-09,2025-12-05,Power Learner (8+)
U01446,samuelbenton,32,26–35,Female,veronica77@gmail.com,1,0.0,Web Development,Beginner,1,0,2025-10-17,2025-10-17,Single-Course (1)
U01447,fpark,17,<18,Female,edwardvasquez@outlook.com,1,0.0,Business,Advanced,1,0,2025-04-18,2025-04-18,Single-Course (1)
U01448,lori27,25,18–25,Female,brandy06@yahoo.com,1,0.0,Data Science,Intermediate,1,0,2025-03-26,2025-03-26,Single-Course (1)
U01449,xwalker,34,26–35,Male,christopheryoung@yahoo.com,2,0.0,Digital Marketing,Beginner,2,0,2025-02-13,2025-07-28,Moderate (2-3)
U01450,crystal02,16,<18,Female,wesleyjohnson@gmail.com,11,1039.6299999999999,Artificial Intelligence,Intermediate,6,5,2025-02-16,2025-11-30,Power Learner (8+)
U01451,jessicaturner,17,<18,Male,kristenanderson@yahoo.com,11,906.41,Artificial Intelligence,Beginner,9,2,2025-01-01,2025-12-07,Power Learner (8+)
U01452,donaldmendoza,23,18–25,Male,holderkara@gmail.com,2,155.57,Data Science,Advanced,0,2,2025-06-18,2025-11-28,Moderate (2-3)
U01453,sandra01,17,<18,Male,rhondadavis@outlook.com,2,0.0,Cybersecurity,Beginner,2,0,2025-08-27,2025-09-07,Moderate (2-3)
U01454,terrybryce,18,18–25,Female,nlamb@hotmail.com,2,0.0,Cybersecurity,Intermediate,2,0,2025-05-27,2025-12-26,Moderate (2-3)
U01455,arielwilliams,22,18–25,Female,burnettjennifer@gmail.com,14,994.88,Artificial Intelligence,Intermediate,9,5,2025-02-12,2025-12-24,Power Learner (8+)
U01456,gentrybethany,30,26–35,Male,sanchezmary@outlook.com,1,0.0,Finance,Beginner,1,0,2025-10-04,2025-10-04,Single-Course (1)
U01457,huntertamara,27,26–35,Male,barbaramarsh@outlook.com,1,394.26,Cybersecurity,Intermediate,0,1,2025-05-29,2025-05-29,Single-Course (1)
U01458,nmoore,24,18–25,Male,qrussell@yahoo.com,1,0.0,Business,Advanced,1,0,2025-04-14,2025-04-14,Single-Course (1)
U01459,elizabethwatkins,17,<18,Female,fkelly@yahoo.com,1,0.0,Programming,Beginner,1,0,2025-02-10,2025-02-10,Single-Course (1)
U01460,pvazquez,32,26–35,Female,zblack@yahoo.com,13,1634.62,Cybersecurity,Beginner,8,5,2025-01-11,2025-11-22,Power Learner (8+)
U01461,landerson,16,<18,Male,bstrickland@outlook.com,1,327.99,Project Management,Beginner,0,1,2025-10-16,2025-10-16,Single-Course (1)
U01462,vbuchanan,27,26–35,Male,williameaton@hotmail.com,1,212.39,Digital Marketing,Advanced,0,1,2025-06-15,2025-06-15,Single-Course (1)
U01463,jerome86,30,26–35,Female,williamsbeverly@yahoo.com,13,1219.2199999999998,Finance,Beginner,9,4,2025-01-04,2025-09-14,Power Learner (8+)
U01464,iyoung,33,26–35,Male,tina46@yahoo.com,1,0.0,Design,Beginner,1,0,2025-08-21,2025-08-21,Single-Course (1)
U01465,kgonzalez,33,26–35,Male,shannon44@hotmail.com,2,394.26,Cybersecurity,Intermediate,1,1,2025-01-27,2025-02-01,Moderate (2-3)
U01466,williamluna,22,18–25,Male,mcmahonphillip@outlook.com,2,0.0,Business,Advanced,2,0,2025-07-01,2025-11-14,Moderate (2-3)
U01467,reynoldsdennis,19,18–25,Female,alisoncampbell@yahoo.com,1,487.92,Business,Advanced,0,1,2025-09-13,2025-09-13,Single-Course (1)
U01468,tvillanueva,28,26–35,Female,jhawkins@gmail.com,2,299.57,Cybersecurity,Beginner,1,1,2025-01-15,2025-09-23,Moderate (2-3)
U01469,andersonbrandi,29,26–35,Female,rstewart@yahoo.com,2,0.0,Cybersecurity,Advanced,2,0,2025-01-05,2025-10-30,Moderate (2-3)
U01470,jyoung,28,26–35,Male,hinesamanda@hotmail.com,2,415.51,Artificial Intelligence,Intermediate,1,1,2025-03-27,2025-06-25,Moderate (2-3)
U01471,garciachristine,19,18–25,Female,robinsonjessica@outlook.com,1,0.0,Artificial Intelligence,Beginner,1,0,2025-01-13,2025-01-13,Single-Course (1)
U01472,william95,27,26–35,Female,michael27@yahoo.com,12,1086.16,Cybersecurity,Advanced,8,4,2025-01-04,2025-12-17,Power Learner (8+)
U01473,nicolewalter,17,<18,Female,jeremysingh@gmail.com,15,2381.7300000000005,Artificial Intelligence,Beginner,6,9,2025-01-05,2025-11-14,Power Learner (8+)
U01474,sherryfowler,20,18–25,Male,hansenrobert@gmail.com,2,0.0,Web Development,Beginner,2,0,2025-03-25,2025-05-07,Moderate (2-3)
U01475,richardrocha,20,18–25,Male,erin18@yahoo.com,15,1295.42,Artificial Intelligence,Advanced,9,6,2025-01-05,2025-12-22,Power Learner (8+)
U01476,kenneth36,35,26–35,Female,williamssteven@outlook.com,1,326.02,Business,Intermediate,0,1,2025-04-03,2025-04-03,Single-Course (1)
U01477,phamtiffany,17,<18,Female,michael59@hotmail.com,1,0.0,Digital Marketing,Beginner,1,0,2025-11-19,2025-11-19,Single-Course (1)
U01478,lindaparrish,35,26–35,Female,allendavid@hotmail.com,1,0.0,Programming,Intermediate,1,0,2025-04-10,2025-04-10,Single-Course (1)
U01479,kathleenlewis,25,18–25,Female,wheelerjames@yahoo.com,1,0.0,Finance,Beginner,1,0,2025-11-22,2025-11-22,Single-Course (1)
U01480,zsmith,20,18–25,Female,cynthia24@yahoo.com,1,0.78,Machine Learning,Advanced,0,1,2025-01-26,2025-01-26,Single-Course (1)
U01481,david54,20,18–25,Male,catherineriddle@outlook.com,1,0.0,Machine Learning,Intermediate,1,0,2025-12-21,2025-12-21,Single-Course (1)
U01482,amanda99,17,<18,Male,ucarney@gmail.com,2,490.9,Artificial Intelligence,Beginner,1,1,2025-03-07,2025-05-13,Moderate (2-3)
U01483,morrisonrebecca,18,18–25,Male,catherine26@outlook.com,1,0.0,Design,Beginner,1,0,2025-03-10,2025-03-10,Single-Course (1)
U01484,travisroman,17,<18,Male,ruizchristopher@hotmail.com,1,0.0,Programming,Beginner,1,0,2025-07-12,2025-07-12,Single-Course (1)
U01485,holtjohn,16,<18,Male,castanedajessica@hotmail.com,1,0.0,Finance,Beginner,1,0,2025-05-26,2025-05-26,Single-Course (1)
U01486,dwilliams,17,<18,Male,edwardatkins@yahoo.com,1,0.0,Finance,Advanced,1,0,2025-07-23,2025-07-23,Single-Course (1)
U01487,david91,17,<18,Female,nicholasscott@hotmail.com,2,0.0,Design,Intermediate,2,0,2025-02-23,2025-11-24,Moderate (2-3)
U01488,lawsonbeth,27,26–35,Male,thomasprice@gmail.com,12,599.76,Data Science,Intermediate,9,3,2025-01-13,2025-12-20,Power Learner (8+)
U01489,mmacdonald,27,26–35,Male,fharris@outlook.com,1,487.92,Business,Advanced,0,1,2025-06-10,2025-06-10,Single-Course (1)
U01490,whenry,19,18–25,Female,nicholas42@outlook.com,1,0.0,Cybersecurity,Intermediate,1,0,2025-10-18,2025-10-18,Single-Course (1)
U01491,zfinley,17,<18,Female,wujames@hotmail.com,3,0.0,Digital Marketing,Intermediate,3,0,2025-03-17,2025-08-24,Moderate (2-3)
U01492,bettywillis,23,18–25,Female,amy04@outlook.com,4,837.6099999999999,Artificial Intelligence,Beginner,2,2,2025-02-01,2025-09-18,Active (4-7)
U01493,lmatthews,18,18–25,Female,zoconnor@hotmail.com,1,415.51,Artificial Intelligence,Intermediate,0,1,2025-02-18,2025-02-18,Single-Course (1)
U01494,twalker,32,26–35,Male,hwolfe@outlook.com,1,0.0,Cybersecurity,Advanced,1,0,2025-05-22,2025-05-22,Single-Course (1)
U01495,xsanchez,31,26–35,Female,parkermark@hotmail.com,1,0.0,Project Management,Intermediate,1,0,2025-06-24,2025-06-24,Single-Course (1)
U01496,katelynanderson,22,18–25,Female,erussell@gmail.com,13,1683.07,Business,Advanced,7,6,2025-02-19,2025-11-17,Power Learner (8+)
U01497,ccrawford,35,26–35,Female,perryashley@gmail.com,13,837.6099999999999,Digital Marketing,Beginner,11,2,2025-02-15,2025-12-05,Power Learner (8+)
U01498,joshuacastillo,15,<18,Male,christopherperez@yahoo.com,1,0.0,Business,Advanced,1,0,2025-02-17,2025-02-17,Single-Course (1)
U01499,morrisdaniel,30,26–35,Female,bobby50@yahoo.com,1,0.0,Machine Learning,Advanced,1,0,2025-04-10,2025-04-10,Single-Course (1)
U01500,lindsey29,15,<18,Male,michellemejia@outlook.com,13,1002.27,Artificial Intelligence,Advanced,9,4,2025-01-02,2025-11-30,Power Learner (8+)
U01501,dawnmccarty,23,18–25,Male,arianarobinson@hotmail.com,1,119.04,Finance,Intermediate,0,1,2025-02-26,2025-02-26,Single-Course (1)
U01502,stephen90,28,26–35,Female,mwilson@outlook.com,1,57.32,Web Development,Advanced,0,1,2025-12-11,2025-12-11,Single-Course (1)
U01503,julie92,30,26–35,Female,christopher75@yahoo.com,1,276.37,Design,Advanced,0,1,2025-06-15,2025-06-15,Single-Course (1)
U01504,qblack,31,26–35,Male,christophermartin@outlook.com,1,472.28,Programming,Beginner,0,1,2025-09-18,2025-09-18,Single-Course (1)
U01505,haley15,35,26–35,Male,sandra88@hotmail.com,3,0.0,Cybersecurity,Beginner,3,0,2025-07-25,2025-11-08,Moderate (2-3)
U01506,nancy99,34,26–35,Male,wnelson@hotmail.com,15,1160.56,Artificial Intelligence,Advanced,10,5,2025-01-12,2025-12-16,Power Learner (8+)
U01507,aboyd,18,18–25,Female,dramos@yahoo.com,3,353.43,Business,Beginner,1,2,2025-01-15,2025-06-06,Moderate (2-3)
U01508,ljohnson,34,26–35,Male,hannahcombs@yahoo.com,1,0.0,Cybersecurity,Beginner,1,0,2025-08-24,2025-08-24,Single-Course (1)
U01509,benjamin24,15,<18,Female,shannonross@outlook.com,1,57.32,Web Development,Advanced,0,1,2025-09-27,2025-09-27,Single-Course (1)
U01510,reginald30,16,<18,Female,masonamber@hotmail.com,2,0.0,Data Science,Beginner,2,0,2025-03-28,2025-04-30,Moderate (2-3)
U01511,garycarr,15,<18,Male,victoria98@yahoo.com,13,957.89,Design,Beginner,9,4,2025-01-24,2025-12-03,Power Learner (8+)
U01512,stevensexton,19,18–25,Male,stephen15@hotmail.com,12,1597.86,Cybersecurity,Advanced,7,5,2025-01-02,2025-12-03,Power Learner (8+)
U01513,valerieharmon,23,18–25,Male,hamiltonmaria@hotmail.com,1,0.0,Finance,Intermediate,1,0,2025-06-05,2025-06-05,Single-Course (1)
U01514,craig92,25,18–25,Male,daniel50@hotmail.com,1,0.0,Artificial Intelligence,Beginner,1,0,2025-02-13,2025-02-13,Single-Course (1)
U01515,rossanthony,35,26–35,Female,coreyfowler@gmail.com,1,0.0,Design,Advanced,1,0,2025-10-06,2025-10-06,Single-Course (1)
U01516,daviddavis,19,18–25,Male,wchapman@gmail.com,1,0.0,Design,Advanced,1,0,2025-03-13,2025-03-13,Single-Course (1)
U01517,lindsaykelly,26,26–35,Male,kellymorgan@outlook.com,14,1184.67,Artificial Intelligence,Beginner,10,4,2025-01-04,2025-12-21,Power Learner (8+)
U01518,carolgamble,21,18–25,Male,gregg70@gmail.com,1,490.9,Artificial Intelligence,Beginner,0,1,2025-02-09,2025-02-09,Single-Course (1)
U01519,christopher18,16,<18,Male,holmesnatalie@hotmail.com,2,0.0,Design,Intermediate,2,0,2025-03-17,2025-04-19,Moderate (2-3)
U01520,mhayes,26,26–35,Female,gilbert23@yahoo.com,1,0.0,Digital Marketing,Intermediate,1,0,2025-02-13,2025-02-13,Single-Course (1)
U01521,georgeerin,34,26–35,Female,owensara@hotmail.com,1,327.99,Project Management,Beginner,0,1,2025-11-27,2025-11-27,Single-Course (1)
U01522,vnelson,31,26–35,Female,robin05@gmail.com,14,461.27,Digital Marketing,Advanced,11,3,2025-01-07,2025-12-18,Power Learner (8+)
U01523,egutierrez,16,<18,Male,kimcolleen@yahoo.com,1,0.0,Machine Learning,Intermediate,1,0,2025-04-04,2025-04-04,Single-Course (1)
U01524,adam56,30,26–35,Female,othompson@outlook.com,1,0.0,Digital Marketing,Beginner,1,0,2025-05-05,2025-05-05,Single-Course (1)
U01525,lisa07,32,26–35,Female,gstrickland@gmail.com,2,347.48999999999995,Machine Learning,Advanced,0,2,2025-05-14,2025-09-08,Moderate (2-3)
U01526,jeremyarnold,20,18–25,Male,robert14@yahoo.com,12,1765.17,Project Management,Beginner,7,5,2025-01-11,2025-11-17,Power Learner (8+)
U01527,lucas92,29,26–35,Female,gutierrezerin@hotmail.com,1,37.89,Web Development,Advanced,0,1,2025-11-11,2025-11-11,Single-Course (1)
U01528,thompsontammy,16,<18,Male,tracy13@gmail.com,14,2194.62,Business,Beginner,6,8,2025-01-23,2025-11-11,Power Learner (8+)
U01529,wgraves,19,18–25,Female,barbara11@gmail.com,3,0.0,Cybersecurity,Beginner,3,0,2025-05-09,2025-11-05,Moderate (2-3)
U01530,qhorton,16,<18,Male,diazbreanna@hotmail.com,15,544.11,Machine Learning,Advanced,10,5,2025-01-21,2025-11-03,Power Learner (8+)
U01531,brianberry,30,26–35,Female,diazjessica@gmail.com,14,623.0799999999999,Design,Beginner,12,2,2025-01-10,2025-12-21,Power Learner (8+)
U01532,alexanderjacob,28,26–35,Female,brittanycampbell@gmail.com,1,0.0,Data Science,Intermediate,1,0,2025-01-26,2025-01-26,Single-Course (1)
U01533,rebecca74,16,<18,Female,christopher19@gmail.com,3,111.18,Design,Beginner,1,2,2025-02-24,2025-11-17,Moderate (2-3)
U01534,robertpeters,28,26–35,Male,annette96@hotmail.com,1,0.0,Cybersecurity,Beginner,1,0,2025-03-19,2025-03-19,Single-Course (1)
U01535,khernandez,20,18–25,Male,simpsonmandy@yahoo.com,4,944.3,Artificial Intelligence,Intermediate,1,3,2025-02-07,2025-07-30,Active (4-7)
U01536,guerrerotonya,33,26–35,Female,rachelvalencia@hotmail.com,12,1758.18,Artificial Intelligence,Advanced,7,5,2025-02-14,2025-12-11,Power Learner (8+)
U01537,qroberts,27,26–35,Female,vasquezkayla@hotmail.com,3,887.79,Artificial Intelligence,Intermediate,1,2,2025-05-10,2025-12-11,Moderate (2-3)
U01538,thompsonjack,27,26–35,Female,schaeferkara@hotmail.com,1,415.51,Artificial Intelligence,Intermediate,0,1,2025-12-10,2025-12-10,Single-Course (1)
U01539,hmcdaniel,24,18–25,Female,murphyrebecca@outlook.com,1,0.0,Machine Learning,Intermediate,1,0,2025-03-04,2025-03-04,Single-Course (1)
U01540,arroyojohn,30,26–35,Female,lopezaaron@hotmail.com,1,0.0,Cybersecurity,Beginner,1,0,2025-12-07,2025-12-07,Single-Course (1)
U01541,barrerajohn,29,26–35,Female,erika24@gmail.com,4,684.17,Data Science,Advanced,1,3,2025-01-30,2025-11-23,Active (4-7)
U01542,jsmith,18,18–25,Female,patriciasmith@hotmail.com,1,177.34,Digital Marketing,Advanced,0,1,2025-07-27,2025-07-27,Single-Course (1)
U01543,smithjames,25,18–25,Female,teresa86@yahoo.com,16,1848.2799999999997,Finance,Intermediate,9,7,2025-01-24,2025-11-21,Power Learner (8+)
U01544,cphillips,31,26–35,Female,debbieharris@yahoo.com,1,119.04,Finance,Intermediate,0,1,2025-07-15,2025-07-15,Single-Course (1)
U01545,ganderson,15,<18,Female,vgreen@gmail.com,1,0.0,Web Development,Beginner,1,0,2025-12-08,2025-12-08,Single-Course (1)
U01546,stefanie21,34,26–35,Male,dawnnunez@hotmail.com,1,0.0,Artificial Intelligence,Beginner,1,0,2025-05-08,2025-05-08,Single-Course (1)
U01547,cookdesiree,17,<18,Male,ofuentes@hotmail.com,2,0.0,Design,Advanced,2,0,2025-03-09,2025-11-22,Moderate (2-3)
U01548,travis26,35,26–35,Female,danielslisa@yahoo.com,1,0.0,Programming,Beginner,1,0,2025-08-13,2025-08-13,Single-Course (1)
U01549,katherinerobertson,34,26–35,Female,zjohnson@outlook.com,1,0.0,Digital Marketing,Beginner,1,0,2025-06-04,2025-06-04,Single-Course (1)
U01550,raymond40,16,<18,Male,fwalker@yahoo.com,1,0.0,Machine Learning,Intermediate,1,0,2025-08-06,2025-08-06,Single-Course (1)
U01551,julian48,16,<18,Male,bryanmorris@hotmail.com,1,0.0,Marketing,Advanced,1,0,2025-08-26,2025-08-26,Single-Course (1)
U01552,krussell,32,26–35,Male,todd69@outlook.com,1,0.0,Design,Advanced,1,0,2025-06-24,2025-06-24,Single-Course (1)
U01553,melinda52,27,26–35,Male,dflynn@hotmail.com,15,631.0,Data Science,Advanced,12,3,2025-01-20,2025-12-30,Power Learner (8+)
U01554,smithcarl,20,18–25,Male,hernandezlisa@yahoo.com,4,0.0,Cybersecurity,Beginner,4,0,2025-01-07,2025-09-24,Active (4-7)
U01555,parkerrobert,23,18–25,Female,zachary80@yahoo.com,1,0.0,Data Science,Beginner,1,0,2025-04-01,2025-04-01,Single-Course (1)
U01556,benjamin25,23,18–25,Female,linda46@outlook.com,2,0.0,Finance,Intermediate,2,0,2025-02-04,2025-05-24,Moderate (2-3)
U01557,rossdiane,17,<18,Male,omacdonald@yahoo.com,1,0.0,Machine Learning,Advanced,1,0,2025-10-17,2025-10-17,Single-Course (1)
U01558,deborah16,32,26–35,Male,sheila12@outlook.com,1,57.32,Web Development,Advanced,0,1,2025-11-05,2025-11-05,Single-Course (1)
U01559,brownthomas,19,18–25,Male,patrickgomez@hotmail.com,1,89.59,Artificial Intelligence,Intermediate,0,1,2025-04-26,2025-04-26,Single-Course (1)
U01560,vickibrown,24,18–25,Male,ghawkins@hotmail.com,1,0.0,Data Science,Intermediate,1,0,2025-12-17,2025-12-17,Single-Course (1)
U01561,miranda44,32,26–35,Male,philipjohnson@yahoo.com,1,0.0,Data Science,Intermediate,1,0,2025-05-13,2025-05-13,Single-Course (1)
U01562,crawfordmark,18,18–25,Female,lreese@yahoo.com,1,0.0,Digital Marketing,Beginner,1,0,2025-07-30,2025-07-30,Single-Course (1)
U01563,tiffanylopez,35,26–35,Female,williamsrobert@yahoo.com,1,0.0,Finance,Intermediate,1,0,2025-12-22,2025-12-22,Single-Course (1)
U01564,vpena,28,26–35,Female,susan39@outlook.com,1,346.71,Project Management,Advanced,0,1,2025-11-26,2025-11-26,Single-Course (1)
U01565,daniellyons,32,26–35,Male,louisday@hotmail.com,1,212.39,Digital Marketing,Advanced,0,1,2025-01-29,2025-01-29,Single-Course (1)
U01566,buckdenise,29,26–35,Male,chrisphelps@gmail.com,1,0.0,Artificial Intelligence,Beginner,1,0,2025-08-20,2025-08-20,Single-Course (1)
U01567,olivia94,22,18–25,Male,odonnellcraig@yahoo.com,1,0.0,Digital Marketing,Beginner,1,0,2025-06-28,2025-06-28,Single-Course (1)
U01568,maldonadoandrew,26,26–35,Female,tmorales@gmail.com,3,415.51,Artificial Intelligence,Intermediate,2,1,2025-01-09,2025-10-01,Moderate (2-3)
U01569,laurasmith,35,26–35,Male,wfranco@yahoo.com,1,0.0,Marketing,Advanced,1,0,2025-01-06,2025-01-06,Single-Course (1)
U01570,smithmark,31,26–35,Male,robinirwin@hotmail.com,2,326.02,Business,Beginner,1,1,2025-06-04,2025-12-10,Moderate (2-3)
U01571,nicolerobinson,19,18–25,Male,mary04@outlook.com,2,0.0,Cybersecurity,Advanced,2,0,2025-01-14,2025-08-25,Moderate (2-3)
U01572,harrisonstephen,29,26–35,Female,adam98@yahoo.com,1,53.86,Finance,Beginner,0,1,2025-07-02,2025-07-02,Single-Course (1)
U01573,jenniferscott,18,18–25,Female,grayanne@gmail.com,2,487.92,Business,Intermediate,1,1,2025-01-27,2025-09-26,Moderate (2-3)
U01574,whitemercedes,17,<18,Male,lamamber@gmail.com,1,346.71,Project Management,Advanced,0,1,2025-06-06,2025-06-06,Single-Course (1)
U01575,richardsontammy,15,<18,Female,millerrandy@hotmail.com,13,1289.1899999999998,Cybersecurity,Beginner,6,7,2025-01-20,2025-12-08,Power Learner (8+)
U01576,charlessmith,35,26–35,Male,aaguilar@hotmail.com,2,0.0,Cybersecurity,Beginner,2,0,2025-05-19,2025-09-21,Moderate (2-3)
U01577,parkerkatelyn,30,26–35,Male,andersonlisa@yahoo.com,1,0.0,Design,Advanced,1,0,2025-09-18,2025-09-18,Single-Course (1)
U01578,talvarado,26,26–35,Male,valdezshannon@hotmail.com,15,1408.0,Artificial Intelligence,Intermediate,7,8,2025-02-24,2025-12-25,Power Learner (8+)
U01579,clewis,31,26–35,Male,ashleyparker@gmail.com,1,0.0,Finance,Advanced,1,0,2025-06-04,2025-06-04,Single-Course (1)
U01580,ryanmoreno,15,<18,Female,bakeranne@hotmail.com,2,394.26,Cybersecurity,Intermediate,1,1,2025-01-19,2025-05-24,Moderate (2-3)
U01581,lori53,30,26–35,Male,kruiz@yahoo.com,2,215.23000000000002,Digital Marketing,Advanced,0,2,2025-03-11,2025-06-09,Moderate (2-3)
U01582,kingkristen,16,<18,Male,morrisjennifer@hotmail.com,1,0.0,Marketing,Intermediate,1,0,2025-11-18,2025-11-18,Single-Course (1)
U01583,daniel76,30,26–35,Female,zcross@outlook.com,1,0.0,Project Management,Intermediate,1,0,2025-07-18,2025-07-18,Single-Course (1)
U01584,steven45,32,26–35,Male,bradley75@outlook.com,1,0.0,Digital Marketing,Beginner,1,0,2025-12-27,2025-12-27,Single-Course (1)
U01585,vclark,27,26–35,Male,brentbrooks@gmail.com,11,891.6699999999998,Finance,Beginner,7,4,2025-01-22,2025-10-10,Power Learner (8+)
U01586,bobby05,27,26–35,Male,garrett72@hotmail.com,14,1193.63,Machine Learning,Beginner,10,4,2025-01-23,2025-12-14,Power Learner (8+)
U01587,greg26,27,26–35,Male,evazquez@yahoo.com,2,37.89,Cybersecurity,Intermediate,1,1,2025-09-20,2025-10-07,Moderate (2-3)
U01588,williamwalker,32,26–35,Male,nicolejohnson@outlook.com,1,0.0,Project Management,Intermediate,1,0,2025-02-15,2025-02-15,Single-Course (1)
U01589,harristravis,16,<18,Female,knightjanet@hotmail.com,1,0.0,Cybersecurity,Beginner,1,0,2025-03-18,2025-03-18,Single-Course (1)
U01590,erinjohnson,33,26–35,Male,cynthiaholland@hotmail.com,1,0.0,Project Management,Beginner,1,0,2025-02-05,2025-02-05,Single-Course (1)
U01591,robert84,32,26–35,Female,davisconnie@gmail.com,2,0.0,Artificial Intelligence,Beginner,2,0,2025-08-10,2025-12-01,Moderate (2-3)
U01592,travisweber,33,26–35,Male,raymond75@yahoo.com,4,0.0,Cybersecurity,Beginner,4,0,2025-08-21,2025-10-06,Active (4-7)
U01593,susan32,34,26–35,Male,derekmiller@gmail.com,1,0.0,Digital Marketing,Beginner,1,0,2025-11-04,2025-11-04,Single-Course (1)
U01594,rking,35,26–35,Male,xbrown@hotmail.com,1,37.89,Web Development,Advanced,0,1,2025-08-19,2025-08-19,Single-Course (1)
U01595,ronaldperry,15,<18,Male,wjackson@hotmail.com,2,592.85,Artificial Intelligence,Intermediate,0,2,2025-07-23,2025-12-09,Moderate (2-3)
U01596,yorkerica,22,18–25,Male,murrayjack@yahoo.com,2,0.0,Data Science,Beginner,2,0,2025-05-02,2025-08-27,Moderate (2-3)
U01597,sarahhopkins,21,18–25,Female,nguyendonna@yahoo.com,1,299.57,Data Science,Beginner,0,1,2025-01-02,2025-01-02,Single-Course (1)
U01598,zlevine,30,26–35,Female,jessica13@gmail.com,1,0.0,Web Development,Beginner,1,0,2025-11-27,2025-11-27,Single-Course (1)
U01599,tracy23,29,26–35,Female,hcoleman@gmail.com,1,0.0,Marketing,Advanced,1,0,2025-08-15,2025-08-15,Single-Course (1)
U01600,sanderselizabeth,29,26–35,Female,anthony38@yahoo.com,1,326.02,Business,Intermediate,0,1,2025-06-15,2025-06-15,Single-Course (1)
U01601,phall,23,18–25,Female,kathleensandoval@yahoo.com,2,346.71,Design,Beginner,1,1,2025-07-02,2025-08-04,Moderate (2-3)
U01602,davisangel,31,26–35,Female,ballen@outlook.com,13,871.4,Artificial Intelligence,Beginner,10,3,2025-01-24,2025-12-01,Power Learner (8+)
U01603,kennethmartinez,32,26–35,Male,bromero@outlook.com,2,89.59,Artificial Intelligence,Intermediate,1,1,2025-03-15,2025-09-19,Moderate (2-3)
U01604,kevinmeza,31,26–35,Female,timothy98@yahoo.com,1,0.0,Project Management,Intermediate,1,0,2025-02-10,2025-02-10,Single-Course (1)
U01605,acurtis,18,18–25,Male,arthur42@yahoo.com,1,57.32,Web Development,Advanced,0,1,2025-11-19,2025-11-19,Single-Course (1)
U01606,mdavies,17,<18,Female,grosscharles@gmail.com,1,346.71,Project Management,Advanced,0,1,2025-04-30,2025-04-30,Single-Course (1)
U01607,ryan98,25,18–25,Male,obaird@outlook.com,1,89.59,Artificial Intelligence,Intermediate,0,1,2025-01-12,2025-01-12,Single-Course (1)
U01608,debbie14,15,<18,Female,watsonroger@outlook.com,1,0.0,Machine Learning,Intermediate,1,0,2025-04-18,2025-04-18,Single-Course (1)
U01609,jonesjoan,15,<18,Male,tyler47@hotmail.com,1,0.0,Web Development,Beginner,1,0,2025-08-26,2025-08-26,Single-Course (1)
U01610,kgarcia,31,26–35,Male,michael22@gmail.com,1,0.0,Marketing,Advanced,1,0,2025-12-15,2025-12-15,Single-Course (1)
U01611,sheilawilson,27,26–35,Male,jerrylynn@hotmail.com,1,0.0,Marketing,Advanced,1,0,2025-07-01,2025-07-01,Single-Course (1)
U01612,htaylor,29,26–35,Male,kristine84@outlook.com,1,0.0,Machine Learning,Intermediate,1,0,2025-02-28,2025-02-28,Single-Course (1)
U01613,alex16,25,18–25,Male,rhodesjessica@outlook.com,1,0.0,Cybersecurity,Beginner,1,0,2025-03-30,2025-03-30,Single-Course (1)
U01614,mcarpenter,17,<18,Male,geoffrey77@hotmail.com,1,0.0,Digital Marketing,Intermediate,1,0,2025-12-25,2025-12-25,Single-Course (1)
U01615,allisonpeters,29,26–35,Male,ndaniel@gmail.com,1,0.0,Machine Learning,Advanced,1,0,2025-03-24,2025-03-24,Single-Course (1)
U01616,lcalderon,20,18–25,Male,nataliemartin@gmail.com,1,0.0,Web Development,Beginner,1,0,2025-03-10,2025-03-10,Single-Course (1)
U01617,marquezedward,21,18–25,Male,brownbelinda@hotmail.com,1,0.0,Programming,Beginner,1,0,2025-10-19,2025-10-19,Single-Course (1)
U01618,victoriawebster,15,<18,Female,robertmccall@hotmail.com,13,898.9499999999999,Marketing,Beginner,8,5,2025-02-13,2025-12-07,Power Learner (8+)
U01619,dbrown,20,18–25,Female,william74@hotmail.com,1,490.9,Artificial Intelligence,Beginner,0,1,2025-05-15,2025-05-15,Single-Course (1)
U01620,dtorres,19,18–25,Female,donovankatherine@gmail.com,1,0.0,Digital Marketing,Beginner,1,0,2025-06-20,2025-06-20,Single-Course (1)
U01621,kylebell,16,<18,Female,amy94@gmail.com,2,0.0,Business,Advanced,2,0,2025-01-15,2025-05-09,Moderate (2-3)
U01622,scottkennedy,15,<18,Female,christina10@hotmail.com,1,0.78,Machine Learning,Advanced,0,1,2025-03-01,2025-03-01,Single-Course (1)
U01623,sarathomas,23,18–25,Male,garciasean@gmail.com,1,0.0,Digital Marketing,Beginner,1,0,2025-12-09,2025-12-09,Single-Course (1)
U01624,markwells,34,26–35,Female,william38@hotmail.com,4,809.56,Artificial Intelligence,Intermediate,1,3,2025-10-20,2025-12-29,Active (4-7)
U01625,taylorjoshua,33,26–35,Female,brittany29@outlook.com,3,394.26,Cybersecurity,Intermediate,2,1,2025-08-09,2025-10-30,Moderate (2-3)
U01626,amythornton,26,26–35,Female,howardjennifer@yahoo.com,1,0.0,Finance,Beginner,1,0,2025-08-19,2025-08-19,Single-Course (1)
U01627,collinslisa,23,18–25,Female,diazjessica@outlook.com,13,732.86,Cybersecurity,Beginner,9,4,2025-01-14,2025-12-18,Power Learner (8+)
U01628,emilymartin,26,26–35,Male,martincynthia@gmail.com,14,1576.41,Business,Advanced,8,6,2025-03-08,2025-12-08,Power Learner (8+)
U01629,hansondennis,28,26–35,Female,shannondelgado@hotmail.com,1,53.86,Finance,Beginner,0,1,2025-01-29,2025-01-29,Single-Course (1)
U01630,laurie24,33,26–35,Male,fnichols@gmail.com,1,0.0,Data Science,Intermediate,1,0,2025-10-23,2025-10-23,Single-Course (1)
U01631,aaron63,18,18–25,Female,gregorylarsen@hotmail.com,2,394.26,Cybersecurity,Intermediate,1,1,2025-05-06,2025-10-17,Moderate (2-3)
U01632,ygarcia,21,18–25,Male,gouldphilip@yahoo.com,1,0.0,Cybersecurity,Intermediate,1,0,2025-04-16,2025-04-16,Single-Course (1)
U01633,randy38,34,26–35,Male,asimmons@hotmail.com,1,0.0,Project Management,Beginner,1,0,2025-07-11,2025-07-11,Single-Course (1)
U01634,kevin78,35,26–35,Male,victormiller@yahoo.com,1,0.0,Data Science,Intermediate,1,0,2025-12-02,2025-12-02,Single-Course (1)
U01635,candrews,18,18–25,Female,collierjeremy@gmail.com,14,743.14,Business,Advanced,10,4,2025-03-19,2025-12-25,Power Learner (8+)
U01636,stevenknapp,19,18–25,Male,zadams@hotmail.com,1,0.0,Design,Advanced,1,0,2025-05-09,2025-05-09,Single-Course (1)
U01637,ferrellgeorge,30,26–35,Male,robertwade@yahoo.com,13,1567.34,Digital Marketing,Beginner,7,6,2025-02-09,2025-10-06,Power Learner (8+)
U01638,jonathan56,26,26–35,Male,leesavannah@yahoo.com,1,0.0,Web Development,Beginner,1,0,2025-08-26,2025-08-26,Single-Course (1)
U01639,ubridges,27,26–35,Male,seth87@hotmail.com,1,0.0,Programming,Intermediate,1,0,2025-01-08,2025-01-08,Single-Course (1)
U01640,taylorkimberly,23,18–25,Female,thomas13@yahoo.com,1,0.0,Marketing,Intermediate,1,0,2025-07-29,2025-07-29,Single-Course (1)
U01641,bbowen,17,<18,Male,qlewis@gmail.com,1,0.0,Finance,Intermediate,1,0,2025-05-10,2025-05-10,Single-Course (1)
U01642,juliehernandez,26,26–35,Male,hnelson@outlook.com,1,0.0,Data Science,Beginner,1,0,2025-05-18,2025-05-18,Single-Course (1)
U01643,moorejulia,25,18–25,Male,englishjustin@yahoo.com,1,89.59,Artificial Intelligence,Intermediate,0,1,2025-12-28,2025-12-28,Single-Course (1)
U01644,katherine11,23,18–25,Male,awallace@outlook.com,3,487.92,Business,Advanced,2,1,2025-03-27,2025-11-02,Moderate (2-3)
U01645,curtis73,19,18–25,Male,jbaker@hotmail.com,3,0.78,Business,Advanced,2,1,2025-04-02,2025-12-20,Moderate (2-3)
U01646,wrojas,28,26–35,Female,daviddaugherty@outlook.com,1,0.0,Programming,Intermediate,1,0,2025-05-09,2025-05-09,Single-Course (1)
U01647,smithvincent,17,<18,Female,kellyflores@hotmail.com,13,1297.69,Cybersecurity,Beginner,10,3,2025-01-25,2025-12-15,Power Learner (8+)
U01648,mmosley,22,18–25,Female,jessica65@hotmail.com,4,118.46000000000001,Machine Learning,Advanced,2,2,2025-05-06,2025-11-26,Active (4-7)
U01649,maryharris,35,26–35,Male,taylor63@outlook.com,13,2151.13,Artificial Intelligence,Intermediate,7,6,2025-01-01,2025-12-15,Power Learner (8+)
U01650,bethpalmer,33,26–35,Male,tonyward@gmail.com,1,0.0,Machine Learning,Advanced,1,0,2025-01-01,2025-01-01,Single-Course (1)
U01651,anthonygomez,25,18–25,Female,ologan@yahoo.com,1,212.39,Digital Marketing,Advanced,0,1,2025-01-24,2025-01-24,Single-Course (1)
U01652,markharper,35,26–35,Male,lisajones@yahoo.com,2,327.99,Cybersecurity,Beginner,1,1,2025-02-16,2025-10-09,Moderate (2-3)
U01653,richard46,21,18–25,Female,geraldbrown@outlook.com,1,0.0,Design,Advanced,1,0,2025-10-03,2025-10-03,Single-Course (1)
U01654,lori03,22,18–25,Female,parkmarisa@outlook.com,15,2711.54,Business,Advanced,7,8,2025-01-07,2025-11-02,Power Learner (8+)
U01655,austinlee,23,18–25,Male,rodneyreed@hotmail.com,1,0.0,Machine Learning,Advanced,1,0,2025-12-03,2025-12-03,Single-Course (1)
U01656,norrisdakota,27,26–35,Male,saragross@outlook.com,12,918.87,Cybersecurity,Advanced,9,3,2025-01-15,2025-12-03,Power Learner (8+)
U01657,lopezjesse,22,18–25,Female,sgreen@yahoo.com,1,0.0,Data Science,Beginner,1,0,2025-01-01,2025-01-01,Single-Course (1)
U01658,spencer81,31,26–35,Female,yyang@hotmail.com,1,177.34,Digital Marketing,Advanced,0,1,2025-09-12,2025-09-12,Single-Course (1)
U01659,brendarodriguez,27,26–35,Female,williamsonwilliam@hotmail.com,3,540.38,Project Management,Beginner,1,2,2025-01-17,2025-11-24,Moderate (2-3)
U01660,clinton81,25,18–25,Female,masoncynthia@gmail.com,2,95.21000000000001,Web Development,Advanced,0,2,2025-04-16,2025-10-07,Moderate (2-3)
U01661,tracywilson,27,26–35,Female,cainangela@hotmail.com,1,0.0,Web Development,Beginner,1,0,2025-10-10,2025-10-10,Single-Course (1)
U01662,dustin08,28,26–35,Male,joseph90@yahoo.com,15,2154.37,Finance,Beginner,8,7,2025-01-26,2025-12-21,Power Learner (8+)
U01663,sandra93,28,26–35,Female,vbooth@gmail.com,2,0.0,Marketing,Beginner,2,0,2025-03-18,2025-04-25,Moderate (2-3)
U01664,sara98,23,18–25,Female,rmayer@yahoo.com,2,415.51,Artificial Intelligence,Intermediate,1,1,2025-11-05,2025-12-11,Moderate (2-3)
U01665,kimberly94,34,26–35,Female,melissa92@gmail.com,4,0.0,Data Science,Beginner,4,0,2025-02-11,2025-09-22,Active (4-7)
U01666,fbarber,28,26–35,Female,donna63@hotmail.com,14,589.19,Design,Advanced,10,4,2025-01-10,2025-12-13,Power Learner (8+)
U01667,sandrastewart,23,18–25,Female,simpsondonald@yahoo.com,1,0.0,Finance,Advanced,1,0,2025-08-01,2025-08-01,Single-Course (1)
U01668,alambert,27,26–35,Female,stephanievillarreal@yahoo.com,1,0.0,Machine Learning,Beginner,1,0,2025-08-09,2025-08-09,Single-Course (1)
U01669,julie64,30,26–35,Female,oramirez@outlook.com,2,53.86,Finance,Beginner,1,1,2025-09-14,2025-09-15,Moderate (2-3)
U01670,justin64,19,18–25,Male,bwilliamson@outlook.com,1,0.0,Web Development,Beginner,1,0,2025-10-21,2025-10-21,Single-Course (1)
U01671,apugh,25,18–25,Male,egreen@yahoo.com,15,839.9300000000001,Finance,Beginner,10,5,2025-01-10,2025-12-19,Power Learner (8+)
U01672,carolynfriedman,15,<18,Male,santosvictor@hotmail.com,1,0.0,Design,Beginner,1,0,2025-01-17,2025-01-17,Single-Course (1)
U01673,francosusan,16,<18,Male,nataliestrong@gmail.com,1,0.0,Machine Learning,Intermediate,1,0,2025-07-23,2025-07-23,Single-Course (1)
U01674,carl17,27,26–35,Female,kimberly19@yahoo.com,14,1224.0700000000002,Cybersecurity,Beginner,10,4,2025-02-19,2025-11-26,Power Learner (8+)
U01675,douglasthompson,17,<18,Male,samantha32@yahoo.com,1,394.26,Cybersecurity,Intermediate,0,1,2025-08-26,2025-08-26,Single-Course (1)
U01676,odunn,22,18–25,Male,kennethfloyd@yahoo.com,1,0.0,Marketing,Advanced,1,0,2025-09-27,2025-09-27,Single-Course (1)
U01677,mistypowell,22,18–25,Male,tammy35@yahoo.com,2,0.0,Business,Advanced,2,0,2025-03-07,2025-10-13,Moderate (2-3)
U01678,christina89,31,26–35,Female,upierce@hotmail.com,1,0.0,Machine Learning,Intermediate,1,0,2025-07-23,2025-07-23,Single-Course (1)
U01679,collinstracy,16,<18,Female,wcarpenter@gmail.com,1,0.0,Design,Advanced,1,0,2025-08-22,2025-08-22,Single-Course (1)
U01680,slynch,30,26–35,Male,chankayla@yahoo.com,1,0.0,Business,Advanced,1,0,2025-04-06,2025-04-06,Single-Course (1)
U01681,brownryan,33,26–35,Male,rthompson@hotmail.com,1,0.0,Project Management,Intermediate,1,0,2025-01-25,2025-01-25,Single-Course (1)
U01682,josephbrown,21,18–25,Male,rogersmelissa@gmail.com,2,0.0,Digital Marketing,Beginner,2,0,2025-08-05,2025-11-02,Moderate (2-3)
U01683,christywoods,19,18–25,Female,powellandrew@gmail.com,1,326.02,Business,Intermediate,0,1,2025-10-06,2025-10-06,Single-Course (1)
U01684,meganwhite,26,26–35,Female,bryan07@gmail.com,2,0.0,Cybersecurity,Advanced,2,0,2025-06-29,2025-07-24,Moderate (2-3)
U01685,jameslarson,26,26–35,Female,xvang@hotmail.com,1,0.0,Machine Learning,Intermediate,1,0,2025-06-26,2025-06-26,Single-Course (1)
U01686,nathan53,32,26–35,Male,stacie37@yahoo.com,1,0.0,Marketing,Advanced,1,0,2025-11-16,2025-11-16,Single-Course (1)
U01687,dianaburnett,23,18–25,Female,cynthiahall@hotmail.com,2,0.0,Marketing,Advanced,2,0,2025-06-09,2025-09-17,Moderate (2-3)
U01688,valeriegalvan,28,26–35,Female,millerzachary@gmail.com,2,0.0,Marketing,Beginner,2,0,2025-01-15,2025-03-26,Moderate (2-3)
U01689,burnsjoel,30,26–35,Female,james38@outlook.com,1,0.0,Web Development,Beginner,1,0,2025-08-11,2025-08-11,Single-Course (1)
U01690,lori78,27,26–35,Male,ryandavila@yahoo.com,4,0.0,Artificial Intelligence,Beginner,4,0,2025-02-21,2025-09-16,Active (4-7)
U01691,morantoni,22,18–25,Male,tiffany52@gmail.com,1,37.89,Web Development,Advanced,0,1,2025-01-11,2025-01-11,Single-Course (1)
U01692,davidsonmark,26,26–35,Male,ofletcher@hotmail.com,12,1372.26,Artificial Intelligence,Beginner,7,5,2025-03-15,2025-12-29,Power Learner (8+)
U01693,samantha22,21,18–25,Male,aweeks@yahoo.com,2,276.37,Design,Advanced,1,1,2025-04-12,2025-08-11,Moderate (2-3)
U01694,david68,35,26–35,Male,dianacordova@gmail.com,1,342.61,Project Management,Intermediate,0,1,2025-04-10,2025-04-10,Single-Course (1)
U01695,christine15,32,26–35,Male,jvega@gmail.com,13,1458.1599999999999,Design,Intermediate,7,6,2025-03-15,2025-11-26,Power Learner (8+)
U01696,james12,31,26–35,Female,aguilarmelissa@gmail.com,2,327.99,Digital Marketing,Beginner,1,1,2025-09-17,2025-10-23,Moderate (2-3)
U01697,whicks,35,26–35,Male,connerjennifer@outlook.com,1,0.0,Digital Marketing,Beginner,1,0,2025-03-30,2025-03-30,Single-Course (1)
U01698,billyrivera,28,26–35,Female,amberwalton@hotmail.com,1,0.0,Machine Learning,Beginner,1,0,2025-09-11,2025-09-11,Single-Course (1)
U01699,michael90,23,18–25,Female,evansdaniel@outlook.com,1,0.0,Finance,Intermediate,1,0,2025-02-19,2025-02-19,Single-Course (1)
U01700,pagemichelle,25,18–25,Female,costalori@hotmail.com,1,326.02,Business,Intermediate,0,1,2025-11-28,2025-11-28,Single-Course (1)
U01701,tracy73,22,18–25,Male,jeannevargas@yahoo.com,1,117.68,Data Science,Advanced,0,1,2025-11-04,2025-11-04,Single-Course (1)
U01702,ronaldalexander,21,18–25,Female,jack38@gmail.com,14,957.02,Business,Beginner,10,4,2025-01-19,2025-11-16,Power Learner (8+)
U01703,hhogan,21,18–25,Male,conleyshawn@outlook.com,3,487.92,Business,Advanced,2,1,2025-02-09,2025-08-14,Moderate (2-3)
U01704,ojohnston,30,26–35,Female,yvelasquez@hotmail.com,2,89.59,Artificial Intelligence,Beginner,1,1,2025-05-15,2025-05-30,Moderate (2-3)
U01705,riddleryan,28,26–35,Male,melissapierce@outlook.com,1,472.28,Programming,Beginner,0,1,2025-02-04,2025-02-04,Single-Course (1)
U01706,zcarter,17,<18,Female,wallacejoseph@hotmail.com,1,0.0,Programming,Beginner,1,0,2025-09-28,2025-09-28,Single-Course (1)
U01707,brettcampbell,32,26–35,Male,ypreston@outlook.com,3,119.04,Cybersecurity,Beginner,2,1,2025-05-20,2025-09-15,Moderate (2-3)
U01708,ymorton,22,18–25,Male,gibsonlori@hotmail.com,14,1615.2200000000003,Finance,Intermediate,7,7,2025-01-10,2025-11-14,Power Learner (8+)
U01709,klandry,35,26–35,Female,smithlucas@gmail.com,1,0.0,Digital Marketing,Beginner,1,0,2025-02-05,2025-02-05,Single-Course (1)
U01710,amandajackson,32,26–35,Male,johnsonwilliam@gmail.com,1,394.26,Cybersecurity,Intermediate,0,1,2025-08-17,2025-08-17,Single-Course (1)
U01711,kyleharris,15,<18,Female,timothy04@gmail.com,1,53.86,Finance,Beginner,0,1,2025-09-08,2025-09-08,Single-Course (1)
U01712,millerkevin,30,26–35,Male,vrose@hotmail.com,1,0.0,Finance,Advanced,1,0,2025-01-25,2025-01-25,Single-Course (1)
U01713,dholland,15,<18,Male,alec88@gmail.com,4,451.58,Cybersecurity,Intermediate,2,2,2025-03-02,2025-12-22,Active (4-7)
U01714,patricia40,24,18–25,Female,hwebb@outlook.com,1,0.0,Data Science,Intermediate,1,0,2025-05-02,2025-05-02,Single-Course (1)
U01715,edwardsjose,27,26–35,Male,vincent79@outlook.com,1,0.0,Design,Beginner,1,0,2025-07-16,2025-07-16,Single-Course (1)
U01716,asalinas,22,18–25,Female,michelle32@outlook.com,1,57.32,Web Development,Advanced,0,1,2025-09-03,2025-09-03,Single-Course (1)
U01717,heather15,20,18–25,Male,calebflores@hotmail.com,1,299.57,Data Science,Beginner,0,1,2025-05-15,2025-05-15,Single-Course (1)
U01718,michelledecker,23,18–25,Male,kevin26@yahoo.com,1,0.0,Design,Advanced,1,0,2025-05-28,2025-05-28,Single-Course (1)
U01719,ooliver,32,26–35,Female,reesekathy@outlook.com,1,119.04,Finance,Intermediate,0,1,2025-11-20,2025-11-20,Single-Course (1)
U01720,stoutaustin,21,18–25,Female,jeanne53@hotmail.com,15,1655.97,Data Science,Beginner,9,6,2025-01-01,2025-12-28,Power Learner (8+)
U01721,lperry,15,<18,Female,johnbarry@outlook.com,10,810.29,Web Development,Advanced,6,4,2025-02-25,2025-11-19,Power Learner (8+)
U01722,dale82,30,26–35,Female,seanreynolds@outlook.com,1,0.0,Machine Learning,Advanced,1,0,2025-08-20,2025-08-20,Single-Course (1)
U01723,maryharrison,32,26–35,Female,stephaniedixon@outlook.com,1,0.0,Design,Advanced,1,0,2025-10-05,2025-10-05,Single-Course (1)
U01724,juan81,17,<18,Male,scottmendoza@hotmail.com,16,1227.77,Design,Advanced,13,3,2025-01-01,2025-12-20,Power Learner (8+)
U01725,klinekevin,33,26–35,Male,wernerjonathan@hotmail.com,2,0.0,Design,Beginner,2,0,2025-05-08,2025-07-15,Moderate (2-3)
U01726,qschwartz,32,26–35,Female,chelseycoleman@gmail.com,13,1008.6800000000001,Design,Advanced,7,6,2025-03-12,2025-12-26,Power Learner (8+)
U01727,zachary70,15,<18,Female,melindajones@outlook.com,1,0.0,Cybersecurity,Intermediate,1,0,2025-03-02,2025-03-02,Single-Course (1)
U01728,lmclaughlin,33,26–35,Female,charlescooley@outlook.com,2,0.0,Design,Beginner,2,0,2025-06-23,2025-12-06,Moderate (2-3)
U01729,michael78,29,26–35,Female,dwayne77@yahoo.com,15,2400.0499999999997,Project Management,Advanced,7,8,2025-01-07,2025-12-02,Power Learner (8+)
U01730,blackkarl,27,26–35,Female,gbarton@yahoo.com,1,0.0,Design,Advanced,1,0,2025-08-14,2025-08-14,Single-Course (1)
U01731,andrewreed,28,26–35,Male,michaelbrown@hotmail.com,1,0.0,Finance,Intermediate,1,0,2025-01-07,2025-01-07,Single-Course (1)
U01732,xferrell,17,<18,Female,woodjames@outlook.com,2,0.0,Design,Intermediate,2,0,2025-01-25,2025-08-05,Moderate (2-3)
U01733,jeffreyprice,20,18–25,Female,bgreen@yahoo.com,4,575.94,Data Science,Intermediate,2,2,2025-04-26,2025-06-29,Active (4-7)
U01734,oortega,29,26–35,Male,tommy76@yahoo.com,3,445.06,Business,Intermediate,1,2,2025-05-08,2025-07-12,Moderate (2-3)
U01735,brentanderson,29,26–35,Male,alexisbird@gmail.com,1,57.32,Web Development,Advanced,0,1,2025-06-24,2025-06-24,Single-Course (1)
U01736,leah74,17,<18,Male,mark33@yahoo.com,1,0.0,Data Science,Intermediate,1,0,2025-02-03,2025-02-03,Single-Course (1)
U01737,scottnelson,23,18–25,Male,daltonandrews@outlook.com,1,0.0,Programming,Beginner,1,0,2025-12-10,2025-12-10,Single-Course (1)
U01738,aortiz,16,<18,Female,qgraham@outlook.com,1,0.0,Design,Advanced,1,0,2025-09-08,2025-09-08,Single-Course (1)
U01739,mauriceponce,19,18–25,Male,apalmer@hotmail.com,1,0.0,Marketing,Advanced,1,0,2025-10-04,2025-10-04,Single-Course (1)
U01740,johnbridges,20,18–25,Male,claudiafox@outlook.com,1,0.0,Marketing,Advanced,1,0,2025-11-18,2025-11-18,Single-Course (1)
U01741,uadams,30,26–35,Male,jonessteven@yahoo.com,2,0.0,Data Science,Beginner,2,0,2025-03-24,2025-08-10,Moderate (2-3)
U01742,lyork,30,26–35,Female,psmith@yahoo.com,2,0.0,Finance,Beginner,2,0,2025-07-05,2025-12-06,Moderate (2-3)
U01743,mhunter,15,<18,Male,wagnerjerry@yahoo.com,1,0.0,Machine Learning,Advanced,1,0,2025-11-30,2025-11-30,Single-Course (1)
U01744,john10,22,18–25,Male,kingcourtney@yahoo.com,4,665.26,Business,Intermediate,2,2,2025-04-15,2025-07-09,Active (4-7)
U01745,jasonwatts,21,18–25,Female,wvilla@yahoo.com,13,1622.6399999999999,Data Science,Beginner,7,6,2025-02-14,2025-11-15,Power Learner (8+)
U01746,jodiortega,24,18–25,Male,nathaniel40@outlook.com,14,1607.25,Digital Marketing,Beginner,8,6,2025-01-23,2025-12-06,Power Learner (8+)
U01747,kyle18,19,18–25,Female,derrickkelley@hotmail.com,4,177.34,Digital Marketing,Intermediate,3,1,2025-02-22,2025-09-15,Active (4-7)
U01748,williamsadam,22,18–25,Male,joseph49@outlook.com,1,394.26,Cybersecurity,Intermediate,0,1,2025-12-13,2025-12-13,Single-Course (1)
U01749,fmiles,31,26–35,Female,james11@hotmail.com,1,276.37,Design,Advanced,0,1,2025-10-07,2025-10-07,Single-Course (1)
U01750,stephanieshaw,24,18–25,Male,victoria11@gmail.com,4,627.6600000000001,Business,Beginner,2,2,2025-01-30,2025-08-16,Active (4-7)
U01751,mcbridepatrick,25,18–25,Female,brandon18@yahoo.com,1,0.78,Machine Learning,Advanced,0,1,2025-03-19,2025-03-19,Single-Course (1)
U01752,johnharris,34,26–35,Female,kimvincent@outlook.com,4,301.98,Artificial Intelligence,Advanced,2,2,2025-03-10,2025-12-02,Active (4-7)
U01753,kirbyelijah,17,<18,Female,biancaarmstrong@yahoo.com,1,0.0,Business,Advanced,1,0,2025-09-05,2025-09-05,Single-Course (1)
U01754,qdiaz,22,18–25,Male,henglish@yahoo.com,1,0.0,Artificial Intelligence,Beginner,1,0,2025-06-29,2025-06-29,Single-Course (1)
U01755,andrewskelly,26,26–35,Female,michellereyes@outlook.com,1,285.05,Business,Beginner,0,1,2025-11-24,2025-11-24,Single-Course (1)
U01756,uortiz,21,18–25,Male,anita87@gmail.com,2,0.0,Machine Learning,Beginner,2,0,2025-01-27,2025-03-30,Moderate (2-3)
U01757,ycarter,26,26–35,Female,mariah38@hotmail.com,1,0.0,Programming,Beginner,1,0,2025-08-18,2025-08-18,Single-Course (1)
U01758,yhall,16,<18,Female,anelson@yahoo.com,1,326.02,Business,Intermediate,0,1,2025-08-07,2025-08-07,Single-Course (1)
U01759,pwebster,21,18–25,Male,scott26@outlook.com,1,276.37,Design,Advanced,0,1,2025-03-11,2025-03-11,Single-Course (1)
U01760,eric06,19,18–25,Male,smoreno@gmail.com,1,490.9,Artificial Intelligence,Beginner,0,1,2025-07-06,2025-07-06,Single-Course (1)
U01761,mark03,31,26–35,Male,gabriel32@yahoo.com,2,0.0,Business,Intermediate,2,0,2025-02-12,2025-09-25,Moderate (2-3)
U01762,dustin24,33,26–35,Male,reeveschristopher@yahoo.com,15,1427.04,Marketing,Advanced,9,6,2025-04-20,2025-12-16,Power Learner (8+)
U01763,sharon32,24,18–25,Male,jimmy75@outlook.com,1,248.1,Artificial Intelligence,Beginner,0,1,2025-07-30,2025-07-30,Single-Course (1)
U01764,cowanaustin,30,26–35,Male,gomezjennifer@hotmail.com,2,285.05,Business,Beginner,1,1,2025-08-02,2025-10-20,Moderate (2-3)
U01765,patrick83,24,18–25,Female,lwilliamson@yahoo.com,1,0.0,Marketing,Advanced,1,0,2025-07-23,2025-07-23,Single-Course (1)
U01766,michaelmiller,33,26–35,Female,jamie43@hotmail.com,3,623.0799999999999,Cybersecurity,Advanced,1,2,2025-03-02,2025-07-05,Moderate (2-3)
U01767,thomas29,15,<18,Female,housestephen@yahoo.com,1,0.0,Digital Marketing,Beginner,1,0,2025-03-06,2025-03-06,Single-Course (1)
U01768,turnercorey,26,26–35,Female,paul81@outlook.com,2,0.0,Cybersecurity,Intermediate,2,0,2025-04-30,2025-09-04,Moderate (2-3)
U01769,khanrenee,15,<18,Male,kirkwagner@gmail.com,4,53.86,Digital Marketing,Beginner,3,1,2025-01-30,2025-08-21,Active (4-7)
U01770,daviselizabeth,22,18–25,Female,bryantmichael@outlook.com,2,0.0,Cybersecurity,Beginner,2,0,2025-03-22,2025-09-27,Moderate (2-3)
U01771,calebmorgan,21,18–25,Male,baileymax@gmail.com,3,347.48999999999995,Design,Advanced,1,2,2025-02-19,2025-08-18,Moderate (2-3)
U01772,elizabethrodriguez,32,26–35,Female,uburns@outlook.com,1,0.0,Marketing,Advanced,1,0,2025-03-16,2025-03-16,Single-Course (1)
U01773,tanya67,17,<18,Male,ernestgregory@outlook.com,16,2596.5400000000004,Artificial Intelligence,Beginner,6,10,2025-01-21,2025-12-03,Power Learner (8+)
U01774,holly96,17,<18,Male,stephen91@outlook.com,1,0.0,Cybersecurity,Beginner,1,0,2025-08-02,2025-08-02,Single-Course (1)
U01775,nancyhart,31,26–35,Female,carterlisa@outlook.com,2,0.0,Design,Beginner,2,0,2025-03-23,2025-05-23,Moderate (2-3)
U01776,websterkaren,30,26–35,Female,robertclayton@hotmail.com,2,0.0,Business,Beginner,2,0,2025-05-03,2025-11-09,Moderate (2-3)
U01777,justin83,27,26–35,Male,kimberly25@hotmail.com,1,0.0,Web Development,Beginner,1,0,2025-12-09,2025-12-09,Single-Course (1)
U01778,phillip31,24,18–25,Female,robertnavarro@outlook.com,2,0.0,Data Science,Beginner,2,0,2025-04-11,2025-06-23,Moderate (2-3)
U01779,sarahtrujillo,31,26–35,Male,jeremy60@yahoo.com,1,0.0,Marketing,Intermediate,1,0,2025-01-04,2025-01-04,Single-Course (1)
U01780,smithtimothy,27,26–35,Male,rblair@hotmail.com,1,346.71,Project Management,Advanced,0,1,2025-09-22,2025-09-22,Single-Course (1)
U01781,cortezmorgan,30,26–35,Male,lhuynh@gmail.com,1,0.0,Project Management,Intermediate,1,0,2025-09-08,2025-09-08,Single-Course (1)
U01782,david48,17,<18,Female,martinmatthew@yahoo.com,1,0.0,Programming,Beginner,1,0,2025-09-07,2025-09-07,Single-Course (1)
U01783,mcconnellerica,28,26–35,Male,ellismark@yahoo.com,3,57.32,Business,Advanced,2,1,2025-08-22,2025-11-11,Moderate (2-3)
U01784,ccarr,32,26–35,Female,richardbarnes@gmail.com,1,119.04,Finance,Intermediate,0,1,2025-10-15,2025-10-15,Single-Course (1)
U01785,masonrachel,34,26–35,Female,feliciashannon@gmail.com,1,0.0,Machine Learning,Intermediate,1,0,2025-06-10,2025-06-10,Single-Course (1)
U01786,joseph21,25,18–25,Female,michaeljimenez@hotmail.com,13,1539.78,Finance,Advanced,7,6,2025-01-25,2025-12-24,Power Learner (8+)
U01787,kristin95,30,26–35,Female,roybowen@outlook.com,2,266.93,Artificial Intelligence,Intermediate,0,2,2025-02-18,2025-09-19,Moderate (2-3)
U01788,sayers,15,<18,Male,francisdenise@gmail.com,2,89.59,Artificial Intelligence,Intermediate,1,1,2025-01-10,2025-05-06,Moderate (2-3)
U01789,rodriguezjacob,33,26–35,Female,bryandennis@hotmail.com,15,1442.1299999999999,Data Science,Beginner,9,6,2025-03-02,2025-12-15,Power Learner (8+)
U01790,jerrydavidson,25,18–25,Male,salazarkyle@hotmail.com,1,299.57,Data Science,Beginner,0,1,2025-06-25,2025-06-25,Single-Course (1)
U01791,richardrandy,31,26–35,Female,reneecampbell@outlook.com,2,53.86,Finance,Beginner,1,1,2025-05-25,2025-08-13,Moderate (2-3)
U01792,charlottelewis,15,<18,Male,zstewart@outlook.com,1,53.86,Finance,Beginner,0,1,2025-08-08,2025-08-08,Single-Course (1)
U01793,alexandrawright,30,26–35,Male,vasqueztristan@gmail.com,1,0.0,Cybersecurity,Intermediate,1,0,2025-02-07,2025-02-07,Single-Course (1)
U01794,mcbrideamy,26,26–35,Male,woodsamantha@outlook.com,1,0.0,Business,Advanced,1,0,2025-03-09,2025-03-09,Single-Course (1)
U01795,wtorres,15,<18,Female,jessica84@outlook.com,13,1145.56,Artificial Intelligence,Advanced,9,4,2025-01-11,2025-12-02,Power Learner (8+)
U01796,catherinegonzales,15,<18,Male,paul98@hotmail.com,1,0.0,Web Development,Advanced,1,0,2025-03-22,2025-03-22,Single-Course (1)
U01797,linda33,33,26–35,Male,adamlee@gmail.com,1,490.9,Artificial Intelligence,Beginner,0,1,2025-09-15,2025-09-15,Single-Course (1)
U01798,gregoryjenkins,18,18–25,Male,vwolfe@yahoo.com,1,487.92,Business,Advanced,0,1,2025-10-06,2025-10-06,Single-Course (1)
U01799,jacobssusan,33,26–35,Female,kdaniels@hotmail.com,1,0.0,Business,Advanced,1,0,2025-12-05,2025-12-05,Single-Course (1)
U01800,melaniejacobson,25,18–25,Female,kimhoward@yahoo.com,2,248.1,Artificial Intelligence,Beginner,1,1,2025-05-20,2025-06-25,Moderate (2-3)
U01801,julialong,20,18–25,Male,dhernandez@gmail.com,1,394.26,Cybersecurity,Intermediate,0,1,2025-02-16,2025-02-16,Single-Course (1)
U01802,oharris,15,<18,Female,kevin83@outlook.com,1,276.37,Design,Advanced,0,1,2025-06-23,2025-06-23,Single-Course (1)
U01803,brett15,27,26–35,Female,susandavis@yahoo.com,3,342.61,Programming,Beginner,2,1,2025-01-12,2025-10-22,Moderate (2-3)
U01804,nicoletaylor,20,18–25,Female,whitecarol@hotmail.com,2,0.0,Digital Marketing,Beginner,2,0,2025-03-10,2025-04-24,Moderate (2-3)
U01805,bridget73,21,18–25,Male,swilson@outlook.com,15,431.96000000000004,Cybersecurity,Beginner,12,3,2025-01-05,2025-11-23,Power Learner (8+)
U01806,hgomez,26,26–35,Male,annalee@gmail.com,1,0.0,Finance,Beginner,1,0,2025-01-17,2025-01-17,Single-Course (1)
U01807,veronica27,31,26–35,Male,heather88@hotmail.com,2,490.9,Artificial Intelligence,Beginner,1,1,2025-01-25,2025-09-04,Moderate (2-3)
U01808,stephenwebster,15,<18,Male,faulknergregory@gmail.com,3,684.67,Digital Marketing,Beginner,1,2,2025-02-01,2025-10-03,Moderate (2-3)
U01809,alexanderyork,24,18–25,Female,sanchezmichelle@gmail.com,13,1427.7799999999997,Cybersecurity,Beginner,8,5,2025-02-24,2025-12-18,Power Learner (8+)
U01810,bridgetjohnson,15,<18,Female,cgonzalez@outlook.com,15,2242.06,Business,Advanced,8,7,2025-01-12,2025-12-22,Power Learner (8+)
U01811,lauriejoyce,28,26–35,Female,tsparks@yahoo.com,1,0.0,Finance,Advanced,1,0,2025-11-07,2025-11-07,Single-Course (1)
U01812,drussell,17,<18,Male,vbernard@gmail.com,15,798.53,Data Science,Advanced,10,5,2025-01-23,2025-12-24,Power Learner (8+)
U01813,williamstone,24,18–25,Female,amber77@yahoo.com,1,0.0,Data Science,Beginner,1,0,2025-03-03,2025-03-03,Single-Course (1)
U01814,gwilliams,17,<18,Female,donaldconrad@hotmail.com,3,472.28,Machine Learning,Beginner,2,1,2025-05-23,2025-09-22,Moderate (2-3)
U01815,younggina,30,26–35,Male,kristineaton@hotmail.com,1,0.0,Design,Beginner,1,0,2025-08-28,2025-08-28,Single-Course (1)
U01816,dwayneatkins,21,18–25,Male,teresa09@outlook.com,2,0.0,Data Science,Beginner,2,0,2025-03-30,2025-10-28,Moderate (2-3)
U01817,hillbrian,33,26–35,Male,cody19@yahoo.com,1,0.0,Business,Advanced,1,0,2025-04-18,2025-04-18,Single-Course (1)
U01818,samuel96,15,<18,Male,leahlambert@gmail.com,2,53.86,Finance,Beginner,1,1,2025-07-07,2025-07-20,Moderate (2-3)
U01819,kmontgomery,17,<18,Male,qvelasquez@outlook.com,1,0.0,Marketing,Advanced,1,0,2025-08-14,2025-08-14,Single-Course (1)
U01820,vmorrow,24,18–25,Male,douglas57@gmail.com,15,2407.56,Business,Advanced,8,7,2025-01-13,2025-12-06,Power Learner (8+)
U01821,blankenshipmichael,22,18–25,Male,stephaniejohnston@outlook.com,1,0.0,Business,Advanced,1,0,2025-07-27,2025-07-27,Single-Course (1)
U01822,harriseric,22,18–25,Male,clee@yahoo.com,15,447.03000000000003,Finance,Advanced,13,2,2025-01-05,2025-12-20,Power Learner (8+)
U01823,djarvis,22,18–25,Male,mahoneymichael@gmail.com,1,0.0,Finance,Advanced,1,0,2025-03-18,2025-03-18,Single-Course (1)
U01824,austinbethany,20,18–25,Male,scott08@yahoo.com,1,327.99,Project Management,Beginner,0,1,2025-12-03,2025-12-03,Single-Course (1)
U01825,jeff93,25,18–25,Male,xchavez@gmail.com,14,758.12,Machine Learning,Intermediate,12,2,2025-03-06,2025-11-15,Power Learner (8+)
U01826,jenniferfields,17,<18,Male,bryantchristopher@outlook.com,1,0.0,Digital Marketing,Beginner,1,0,2025-09-29,2025-09-29,Single-Course (1)
U01827,mitchellmarsh,28,26–35,Male,robin95@outlook.com,1,0.0,Design,Advanced,1,0,2025-12-01,2025-12-01,Single-Course (1)
U01828,molly55,21,18–25,Male,stephanie34@hotmail.com,1,177.34,Digital Marketing,Advanced,0,1,2025-03-27,2025-03-27,Single-Course (1)
U01829,walkerlisa,27,26–35,Male,deannaoconnor@yahoo.com,2,0.0,Cybersecurity,Intermediate,2,0,2025-07-25,2025-10-16,Moderate (2-3)
U01830,james96,15,<18,Male,gmedina@hotmail.com,1,37.89,Web Development,Advanced,0,1,2025-10-07,2025-10-07,Single-Course (1)
U01831,eherrera,34,26–35,Female,perkinsedwin@yahoo.com,1,472.28,Programming,Beginner,0,1,2025-09-28,2025-09-28,Single-Course (1)
U01832,rebecca57,24,18–25,Male,rosstammy@yahoo.com,1,0.0,Programming,Beginner,1,0,2025-01-16,2025-01-16,Single-Course (1)
U01833,brittneyphillips,16,<18,Male,mccoycraig@outlook.com,2,487.92,Business,Advanced,1,1,2025-05-09,2025-10-17,Moderate (2-3)
U01834,rebecca24,33,26–35,Female,sara87@outlook.com,1,0.0,Machine Learning,Intermediate,1,0,2025-12-05,2025-12-05,Single-Course (1)
U01835,williamfranklin,27,26–35,Male,dylanvargas@hotmail.com,2,0.0,Marketing,Intermediate,2,0,2025-12-01,2025-12-07,Moderate (2-3)
U01836,daniel27,32,26–35,Female,eric61@hotmail.com,1,299.57,Data Science,Beginner,0,1,2025-07-24,2025-07-24,Single-Course (1)
U01837,ogutierrez,24,18–25,Female,omolina@yahoo.com,1,326.02,Business,Intermediate,0,1,2025-05-05,2025-05-05,Single-Course (1)
U01838,haynesrobert,24,18–25,Male,lwebster@hotmail.com,2,0.0,Cybersecurity,Intermediate,2,0,2025-04-02,2025-05-19,Moderate (2-3)
U01839,kmelton,22,18–25,Female,juliecombs@hotmail.com,1,0.0,Data Science,Intermediate,1,0,2025-11-07,2025-11-07,Single-Course (1)
U01840,bradley44,35,26–35,Female,sharris@hotmail.com,14,460.83,Machine Learning,Beginner,10,4,2025-01-22,2025-11-26,Power Learner (8+)
U01841,jessicagonzalez,18,18–25,Female,jennifer41@outlook.com,1,0.0,Cybersecurity,Intermediate,1,0,2025-02-25,2025-02-25,Single-Course (1)
U01842,serranoandre,33,26–35,Female,john25@outlook.com,13,1169.28,Artificial Intelligence,Beginner,8,5,2025-01-14,2025-12-20,Power Learner (8+)
U01843,tiffany83,19,18–25,Female,jonathancarson@hotmail.com,1,0.0,Web Development,Advanced,1,0,2025-04-06,2025-04-06,Single-Course (1)
U01844,colemanmelissa,18,18–25,Female,isaac36@outlook.com,1,0.0,Data Science,Intermediate,1,0,2025-09-05,2025-09-05,Single-Course (1)
U01845,andrewbell,17,<18,Female,fosborne@gmail.com,1,0.0,Design,Advanced,1,0,2025-02-01,2025-02-01,Single-Course (1)
U01846,kevinalexander,21,18–25,Female,campbelljames@hotmail.com,2,117.68,Cybersecurity,Beginner,1,1,2025-01-02,2025-03-20,Moderate (2-3)
U01847,ujohnson,18,18–25,Female,tbridges@yahoo.com,1,0.0,Cybersecurity,Intermediate,1,0,2025-04-20,2025-04-20,Single-Course (1)
U01848,jhoward,30,26–35,Female,msmith@gmail.com,1,0.0,Business,Advanced,1,0,2025-12-21,2025-12-21,Single-Course (1)
U01849,elizabethfloyd,23,18–25,Male,meganbenson@hotmail.com,1,0.0,Project Management,Intermediate,1,0,2025-11-16,2025-11-16,Single-Course (1)
U01850,justin74,29,26–35,Female,lee01@gmail.com,3,418.61,Data Science,Intermediate,1,2,2025-02-24,2025-11-03,Moderate (2-3)
U01851,abarnes,20,18–25,Male,adavis@outlook.com,4,668.63,Business,Intermediate,2,2,2025-03-13,2025-11-08,Active (4-7)
U01852,schwartzgregory,19,18–25,Female,jacobslindsey@gmail.com,4,513.3,Cybersecurity,Intermediate,2,2,2025-02-12,2025-09-21,Active (4-7)
U01853,boydsherry,31,26–35,Male,zhangtonya@outlook.com,1,89.59,Artificial Intelligence,Intermediate,0,1,2025-01-08,2025-01-08,Single-Course (1)
U01854,pruittdavid,16,<18,Male,ryan07@gmail.com,13,1160.54,Finance,Advanced,6,7,2025-01-09,2025-11-24,Power Learner (8+)
U01855,krichardson,15,<18,Female,karen00@gmail.com,1,53.86,Finance,Beginner,0,1,2025-04-03,2025-04-03,Single-Course (1)
U01856,cohenlauren,27,26–35,Male,michaeljones@outlook.com,1,0.0,Data Science,Intermediate,1,0,2025-02-26,2025-02-26,Single-Course (1)
U01857,aprilvincent,27,26–35,Female,briggssheila@outlook.com,2,53.86,Design,Beginner,1,1,2025-01-01,2025-02-16,Moderate (2-3)
U01858,clarkebianca,34,26–35,Female,davidfitzpatrick@gmail.com,1,0.0,Project Management,Intermediate,1,0,2025-04-12,2025-04-12,Single-Course (1)
U01859,thomas50,24,18–25,Female,dmiller@gmail.com,1,0.0,Web Development,Beginner,1,0,2025-04-27,2025-04-27,Single-Course (1)
U01860,bhardy,19,18–25,Male,kevin81@yahoo.com,3,487.92,Business,Advanced,2,1,2025-01-11,2025-12-14,Moderate (2-3)
U01861,ddominguez,28,26–35,Female,wilsonlisa@outlook.com,2,95.21000000000001,Web Development,Advanced,0,2,2025-06-08,2025-09-01,Moderate (2-3)
U01862,daniel53,24,18–25,Male,uchaney@yahoo.com,1,0.0,Digital Marketing,Intermediate,1,0,2025-05-21,2025-05-21,Single-Course (1)
U01863,wlopez,26,26–35,Male,cbutler@outlook.com,1,342.61,Project Management,Intermediate,0,1,2025-11-01,2025-11-01,Single-Course (1)
U01864,michelleharper,15,<18,Male,timothy88@yahoo.com,1,0.0,Marketing,Intermediate,1,0,2025-10-10,2025-10-10,Single-Course (1)
U01865,josephwilson,18,18–25,Male,stacylowe@yahoo.com,4,0.0,Programming,Beginner,4,0,2025-03-06,2025-11-28,Active (4-7)
U01866,davidharrell,25,18–25,Male,rnicholson@gmail.com,1,0.0,Project Management,Intermediate,1,0,2025-02-24,2025-02-24,Single-Course (1)
U01867,monica16,24,18–25,Female,shari53@gmail.com,13,892.1,Artificial Intelligence,Beginner,9,4,2025-02-07,2025-11-25,Power Learner (8+)
U01868,leslie60,27,26–35,Female,lowehector@outlook.com,2,0.0,Cybersecurity,Beginner,2,0,2025-03-16,2025-12-23,Moderate (2-3)
U01869,obennett,32,26–35,Male,cnguyen@hotmail.com,1,0.0,Cybersecurity,Intermediate,1,0,2025-10-01,2025-10-01,Single-Course (1)
U01870,edwin11,28,26–35,Female,kblanchard@outlook.com,1,0.0,Cybersecurity,Intermediate,1,0,2025-12-17,2025-12-17,Single-Course (1)
U01871,danielparks,21,18–25,Male,debra91@hotmail.com,14,916.5300000000001,Data Science,Intermediate,10,4,2025-03-21,2025-12-29,Power Learner (8+)
U01872,gatesbrittany,28,26–35,Female,bobby06@outlook.com,14,2084.41,Business,Intermediate,8,6,2025-01-10,2025-11-16,Power Learner (8+)
U01873,jason10,26,26–35,Male,travischristopher@hotmail.com,1,0.0,Programming,Beginner,1,0,2025-07-27,2025-07-27,Single-Course (1)
U01874,lancelove,15,<18,Female,kbass@outlook.com,1,415.51,Artificial Intelligence,Intermediate,0,1,2025-01-06,2025-01-06,Single-Course (1)
U01875,williamhardy,30,26–35,Male,ortizjoshua@gmail.com,1,285.05,Business,Beginner,0,1,2025-11-29,2025-11-29,Single-Course (1)
U01876,pam38,17,<18,Male,suzanne43@outlook.com,14,971.8199999999999,Programming,Beginner,10,4,2025-01-24,2025-12-23,Power Learner (8+)
U01877,elizabethmassey,19,18–25,Male,kimberlydorsey@gmail.com,12,1219.4599999999998,Digital Marketing,Beginner,8,4,2025-01-06,2025-12-16,Power Learner (8+)
U01878,nlopez,20,18–25,Female,christopher77@yahoo.com,1,0.0,Design,Advanced,1,0,2025-11-08,2025-11-08,Single-Course (1)
U01879,davidkemp,32,26–35,Female,jeffrey17@outlook.com,15,2367.91,Finance,Advanced,6,9,2025-01-28,2025-12-24,Power Learner (8+)
U01880,amy23,26,26–35,Female,jessica71@gmail.com,2,0.0,Design,Beginner,2,0,2025-02-08,2025-09-30,Moderate (2-3)
U01881,paulatanner,30,26–35,Male,thompsonsusan@gmail.com,1,346.71,Project Management,Advanced,0,1,2025-04-11,2025-04-11,Single-Course (1)
U01882,amitchell,30,26–35,Female,sarah27@yahoo.com,3,95.21000000000001,Web Development,Advanced,1,2,2025-01-02,2025-05-24,Moderate (2-3)
U01883,william23,30,26–35,Female,turnershawn@gmail.com,1,490.9,Artificial Intelligence,Beginner,0,1,2025-07-09,2025-07-09,Single-Course (1)
U01884,michelle01,20,18–25,Male,imartinez@hotmail.com,1,346.71,Project Management,Advanced,0,1,2025-01-04,2025-01-04,Single-Course (1)
U01885,pwebb,25,18–25,Female,freyamanda@outlook.com,1,0.0,Project Management,Beginner,1,0,2025-12-23,2025-12-23,Single-Course (1)
U01886,achavez,17,<18,Male,monica77@hotmail.com,1,0.0,Marketing,Advanced,1,0,2025-10-18,2025-10-18,Single-Course (1)
U01887,mcintoshdaniel,21,18–25,Female,obrown@outlook.com,1,0.0,Data Science,Beginner,1,0,2025-02-05,2025-02-05,Single-Course (1)
U01888,jonathan59,15,<18,Female,mmarshall@gmail.com,1,0.0,Cybersecurity,Intermediate,1,0,2025-06-13,2025-06-13,Single-Course (1)
U01889,bradshawcarol,30,26–35,Female,sloanjeremy@outlook.com,1,0.0,Design,Advanced,1,0,2025-02-22,2025-02-22,Single-Course (1)
U01890,scampos,18,18–25,Female,pamelaoconnell@gmail.com,1,0.0,Finance,Advanced,1,0,2025-06-15,2025-06-15,Single-Course (1)
U01891,darylmooney,35,26–35,Female,aliciamadden@gmail.com,1,0.0,Programming,Beginner,1,0,2025-03-21,2025-03-21,Single-Course (1)
U01892,wmurphy,16,<18,Male,carriebarnes@hotmail.com,1,0.0,Web Development,Beginner,1,0,2025-04-30,2025-04-30,Single-Course (1)
U01893,michaelsloan,23,18–25,Female,debra53@outlook.com,12,1298.19,Business,Beginner,7,5,2025-02-25,2025-10-16,Power Learner (8+)
U01894,richardsonchristopher,35,26–35,Male,marksjohn@gmail.com,1,0.0,Project Management,Beginner,1,0,2025-08-09,2025-08-09,Single-Course (1)
U01895,danieldavis,35,26–35,Female,tinaburns@gmail.com,1,0.0,Data Science,Intermediate,1,0,2025-07-10,2025-07-10,Single-Course (1)
U01896,rjones,32,26–35,Female,schultzcharles@gmail.com,12,1720.4099999999999,Artificial Intelligence,Intermediate,7,5,2025-01-08,2025-12-28,Power Learner (8+)
U01897,adixon,15,<18,Female,feliciawallace@yahoo.com,1,0.0,Design,Advanced,1,0,2025-03-04,2025-03-04,Single-Course (1)
U01898,gloria83,26,26–35,Male,michaelgonzalez@hotmail.com,1,117.68,Data Science,Advanced,0,1,2025-08-08,2025-08-08,Single-Course (1)
U01899,bwall,25,18–25,Female,combsmaria@hotmail.com,2,0.0,Programming,Beginner,2,0,2025-01-03,2025-02-09,Moderate (2-3)
U01900,qwood,19,18–25,Male,williamschristopher@yahoo.com,11,1307.56,Artificial Intelligence,Advanced,6,5,2025-01-13,2025-12-18,Power Learner (8+)
U01901,nkim,23,18–25,Male,monique71@hotmail.com,1,0.0,Machine Learning,Advanced,1,0,2025-05-29,2025-05-29,Single-Course (1)
U01902,parsonskathryn,30,26–35,Female,charlesbrown@gmail.com,1,57.32,Web Development,Advanced,0,1,2025-05-06,2025-05-06,Single-Course (1)
U01903,sandersjacob,17,<18,Female,jacqueline38@yahoo.com,13,1334.6999999999998,Artificial Intelligence,Beginner,7,6,2025-01-20,2025-12-24,Power Learner (8+)
U01904,lambertamy,17,<18,Male,morgandavid@gmail.com,1,487.92,Business,Advanced,0,1,2025-04-11,2025-04-11,Single-Course (1)
U01905,suttonlaura,24,18–25,Female,paul26@outlook.com,2,490.9,Artificial Intelligence,Beginner,1,1,2025-05-02,2025-08-23,Moderate (2-3)
U01906,hporter,19,18–25,Male,debrawilliams@hotmail.com,15,1395.6899999999998,Marketing,Beginner,10,5,2025-01-16,2025-10-10,Power Learner (8+)
U01907,hmitchell,15,<18,Male,adamsscott@outlook.com,2,89.59,Artificial Intelligence,Beginner,1,1,2025-05-30,2025-12-23,Moderate (2-3)
U01908,elizabethjackson,19,18–25,Male,natashaclark@hotmail.com,12,888.6700000000001,Web Development,Beginner,8,4,2025-03-05,2025-12-26,Power Learner (8+)
U01909,sjennings,25,18–25,Male,tanya76@hotmail.com,3,37.89,Machine Learning,Advanced,2,1,2025-01-28,2025-06-11,Moderate (2-3)
U01910,leah34,28,26–35,Male,ashleyclark@outlook.com,1,177.34,Digital Marketing,Advanced,0,1,2025-07-13,2025-07-13,Single-Course (1)
U01911,ywhitaker,22,18–25,Male,kimberly21@gmail.com,1,299.57,Data Science,Beginner,0,1,2025-01-09,2025-01-09,Single-Course (1)
U01912,fletcherdestiny,24,18–25,Female,qberger@hotmail.com,1,0.0,Data Science,Intermediate,1,0,2025-04-20,2025-04-20,Single-Course (1)
U01913,ethan70,24,18–25,Male,qhiggins@hotmail.com,1,0.0,Programming,Beginner,1,0,2025-02-20,2025-02-20,Single-Course (1)
U01914,ryanadkins,32,26–35,Female,christopher63@gmail.com,1,0.0,Design,Advanced,1,0,2025-10-21,2025-10-21,Single-Course (1)
U01915,madisonwise,34,26–35,Female,salazarcindy@outlook.com,2,453.4,Artificial Intelligence,Intermediate,0,2,2025-04-11,2025-06-12,Moderate (2-3)
U01916,annaliu,29,26–35,Male,autumnbest@hotmail.com,1,117.68,Data Science,Advanced,0,1,2025-06-20,2025-06-20,Single-Course (1)
U01917,juanward,18,18–25,Female,solisadrian@yahoo.com,15,1159.54,Data Science,Advanced,9,6,2025-01-09,2025-11-16,Power Learner (8+)
U01918,gfleming,23,18–25,Male,anthony16@hotmail.com,14,979.12,Data Science,Advanced,10,4,2025-01-25,2025-11-23,Power Learner (8+)
U01919,kyleconway,16,<18,Female,tonyahood@gmail.com,1,0.0,Programming,Beginner,1,0,2025-03-10,2025-03-10,Single-Course (1)
U01920,matthewkennedy,33,26–35,Male,obriensara@yahoo.com,13,1627.86,Data Science,Intermediate,7,6,2025-01-09,2025-12-09,Power Learner (8+)
U01921,nguyenkayla,24,18–25,Male,masonedward@hotmail.com,2,0.0,Artificial Intelligence,Beginner,2,0,2025-06-16,2025-12-14,Moderate (2-3)
U01922,jjohnson,21,18–25,Male,caitlin14@gmail.com,2,0.0,Cybersecurity,Beginner,2,0,2025-02-06,2025-02-20,Moderate (2-3)
U01923,travismartin,19,18–25,Male,jessica16@hotmail.com,1,57.32,Web Development,Advanced,0,1,2025-10-07,2025-10-07,Single-Course (1)
U01924,rhonda09,20,18–25,Male,phillip05@yahoo.com,2,89.59,Artificial Intelligence,Beginner,1,1,2025-04-07,2025-12-11,Moderate (2-3)
U01925,bgarcia,33,26–35,Male,tburns@yahoo.com,1,299.57,Data Science,Beginner,0,1,2025-08-22,2025-08-22,Single-Course (1)
U01926,harrisbobby,26,26–35,Female,parkerstephanie@hotmail.com,13,1189.5300000000002,Machine Learning,Beginner,9,4,2025-04-14,2025-11-27,Power Learner (8+)
U01927,psummers,27,26–35,Female,qholden@outlook.com,1,0.0,Data Science,Intermediate,1,0,2025-12-27,2025-12-27,Single-Course (1)
U01928,annehogan,33,26–35,Female,hayslisa@gmail.com,1,0.0,Cybersecurity,Beginner,1,0,2025-03-15,2025-03-15,Single-Course (1)
U01929,jonathan04,19,18–25,Male,jeffrey72@yahoo.com,14,1057.52,Machine Learning,Intermediate,9,5,2025-01-01,2025-12-28,Power Learner (8+)
U01930,kelleyphillip,28,26–35,Female,caleb45@yahoo.com,1,0.0,Project Management,Intermediate,1,0,2025-02-11,2025-02-11,Single-Course (1)
U01931,bcrawford,23,18–25,Female,justin29@gmail.com,11,1270.8,Machine Learning,Beginner,6,5,2025-03-23,2025-11-28,Power Learner (8+)
U01932,reginaldaustin,25,18–25,Male,michaelpeters@outlook.com,1,415.51,Artificial Intelligence,Intermediate,0,1,2025-01-30,2025-01-30,Single-Course (1)
U01933,baileyapril,27,26–35,Female,ellenpierce@yahoo.com,2,0.0,Marketing,Intermediate,2,0,2025-02-05,2025-03-23,Moderate (2-3)
U01934,imoore,22,18–25,Male,turnerdebbie@outlook.com,14,1737.54,Artificial Intelligence,Advanced,7,7,2025-02-08,2025-12-29,Power Learner (8+)
U01935,morgan05,33,26–35,Female,wilsonkevin@outlook.com,1,0.0,Programming,Intermediate,1,0,2025-04-25,2025-04-25,Single-Course (1)
U01936,aramsey,23,18–25,Male,lnguyen@outlook.com,2,0.0,Cybersecurity,Beginner,2,0,2025-01-24,2025-09-25,Moderate (2-3)
U01937,hcharles,21,18–25,Female,larry13@outlook.com,1,0.0,Artificial Intelligence,Beginner,1,0,2025-10-16,2025-10-16,Single-Course (1)
U01938,cynthiakoch,33,26–35,Female,brownpatricia@gmail.com,2,490.9,Artificial Intelligence,Beginner,1,1,2025-09-15,2025-10-24,Moderate (2-3)
U01939,wayne63,35,26–35,Male,townsenddonald@yahoo.com,4,418.61,Data Science,Intermediate,2,2,2025-07-19,2025-12-24,Active (4-7)
U01940,shaffertravis,16,<18,Female,diazchristopher@hotmail.com,2,276.37,Design,Intermediate,1,1,2025-03-18,2025-10-16,Moderate (2-3)
U01941,charlessullivan,26,26–35,Female,laura74@yahoo.com,1,89.59,Artificial Intelligence,Intermediate,0,1,2025-08-02,2025-08-02,Single-Course (1)
U01942,mike82,27,26–35,Male,lindsey50@yahoo.com,1,0.0,Project Management,Intermediate,1,0,2025-09-11,2025-09-11,Single-Course (1)
U01943,james23,17,<18,Male,sarahscott@yahoo.com,14,1499.75,Finance,Intermediate,8,6,2025-01-03,2025-12-22,Power Learner (8+)
U01944,lisa00,19,18–25,Female,amandawarren@gmail.com,2,0.0,Data Science,Beginner,2,0,2025-07-09,2025-09-11,Moderate (2-3)
U01945,bakerkimberly,29,26–35,Female,mcclainsean@gmail.com,1,342.61,Project Management,Intermediate,0,1,2025-07-03,2025-07-03,Single-Course (1)
U01946,oschmidt,19,18–25,Female,seanmueller@hotmail.com,1,0.0,Machine Learning,Intermediate,1,0,2025-04-14,2025-04-14,Single-Course (1)
U01947,gilmorebrent,27,26–35,Female,jeremynavarro@yahoo.com,1,0.0,Finance,Intermediate,1,0,2025-09-13,2025-09-13,Single-Course (1)
U01948,keith04,33,26–35,Female,kimberlyroberts@hotmail.com,1,276.37,Design,Advanced,0,1,2025-12-19,2025-12-19,Single-Course (1)
U01949,iwest,19,18–25,Male,clayton00@outlook.com,1,0.0,Machine Learning,Intermediate,1,0,2025-07-04,2025-07-04,Single-Course (1)
U01950,juarezkatherine,29,26–35,Male,jeanne26@outlook.com,2,0.0,Machine Learning,Intermediate,2,0,2025-10-16,2025-12-08,Moderate (2-3)
U01951,tara17,19,18–25,Female,alexissimmons@yahoo.com,3,0.0,Cybersecurity,Beginner,3,0,2025-06-17,2025-10-15,Moderate (2-3)
U01952,williamscaleb,15,<18,Female,austin19@hotmail.com,2,0.0,Design,Beginner,2,0,2025-12-11,2025-12-20,Moderate (2-3)
U01953,stevenfox,19,18–25,Male,amyhorne@outlook.com,15,1263.4499999999998,Data Science,Intermediate,10,5,2025-02-01,2025-11-23,Power Learner (8+)
U01954,ujoyce,35,26–35,Male,moransusan@gmail.com,1,0.0,Web Development,Beginner,1,0,2025-06-03,2025-06-03,Single-Course (1)
U01955,ochoaphillip,29,26–35,Female,theresa83@yahoo.com,1,0.0,Finance,Beginner,1,0,2025-11-24,2025-11-24,Single-Course (1)
U01956,jlong,34,26–35,Male,billyanderson@outlook.com,1,0.0,Programming,Beginner,1,0,2025-03-15,2025-03-15,Single-Course (1)
U01957,carl93,30,26–35,Male,stephaniedougherty@outlook.com,1,0.0,Marketing,Advanced,1,0,2025-11-24,2025-11-24,Single-Course (1)
U01958,elopez,16,<18,Male,william09@yahoo.com,12,1580.86,Finance,Intermediate,5,7,2025-02-17,2025-10-23,Power Learner (8+)
U01959,sandrarogers,26,26–35,Female,ykelly@gmail.com,12,1347.93,Cybersecurity,Advanced,8,4,2025-01-07,2025-12-03,Power Learner (8+)
U01960,molinacarly,19,18–25,Female,fernando50@gmail.com,1,326.02,Business,Intermediate,0,1,2025-09-21,2025-09-21,Single-Course (1)
U01961,jordancole,30,26–35,Male,douglas62@gmail.com,14,914.14,Project Management,Beginner,7,7,2025-02-15,2025-11-18,Power Learner (8+)
U01962,ramosvalerie,19,18–25,Male,jonathan98@hotmail.com,11,1558.39,Design,Beginner,7,4,2025-01-09,2025-11-19,Power Learner (8+)
U01963,pricejessica,30,26–35,Male,josebell@gmail.com,1,327.99,Project Management,Beginner,0,1,2025-11-19,2025-11-19,Single-Course (1)
U01964,mayandrea,32,26–35,Male,nmoore@hotmail.com,4,276.37,Data Science,Advanced,3,1,2025-02-04,2025-07-01,Active (4-7)
U01965,ppham,19,18–25,Female,sellerswilliam@yahoo.com,1,0.0,Finance,Intermediate,1,0,2025-11-05,2025-11-05,Single-Course (1)
U01966,lthornton,25,18–25,Female,bethany09@outlook.com,4,576.09,Artificial Intelligence,Beginner,2,2,2025-03-12,2025-07-22,Active (4-7)
U01967,jamespoole,27,26–35,Female,gabrielladavis@outlook.com,1,0.0,Cybersecurity,Intermediate,1,0,2025-11-30,2025-11-30,Single-Course (1)
U01968,riveralisa,30,26–35,Female,ruizmark@gmail.com,2,415.51,Artificial Intelligence,Beginner,1,1,2025-06-21,2025-07-30,Moderate (2-3)
U01969,beckkim,26,26–35,Male,carolynweeks@hotmail.com,1,248.1,Artificial Intelligence,Beginner,0,1,2025-04-04,2025-04-04,Single-Course (1)
U01970,janetsnyder,16,<18,Female,kimberly01@hotmail.com,2,0.0,Digital Marketing,Beginner,2,0,2025-03-17,2025-09-29,Moderate (2-3)
U01971,davidsmith,17,<18,Female,todd55@outlook.com,1,0.0,Marketing,Advanced,1,0,2025-02-01,2025-02-01,Single-Course (1)
U01972,jennifer19,18,18–25,Male,mollybaker@outlook.com,1,0.0,Programming,Beginner,1,0,2025-11-24,2025-11-24,Single-Course (1)
U01973,parsonsdeanna,30,26–35,Male,tparrish@hotmail.com,1,0.0,Programming,Intermediate,1,0,2025-03-05,2025-03-05,Single-Course (1)
U01974,ashley84,31,26–35,Female,vjohnson@gmail.com,2,490.9,Artificial Intelligence,Beginner,1,1,2025-06-07,2025-09-02,Moderate (2-3)
U01975,brendabaker,29,26–35,Male,smithguy@outlook.com,1,394.26,Cybersecurity,Intermediate,0,1,2025-12-03,2025-12-03,Single-Course (1)
U01976,pfinley,24,18–25,Male,cmosley@gmail.com,1,0.0,Machine Learning,Intermediate,1,0,2025-04-15,2025-04-15,Single-Course (1)
U01977,jesseaguilar,32,26–35,Male,donnajames@gmail.com,2,89.59,Artificial Intelligence,Intermediate,1,1,2025-02-25,2025-06-07,Moderate (2-3)
U01978,ballardjulie,26,26–35,Male,stephensullivan@gmail.com,1,89.59,Artificial Intelligence,Intermediate,0,1,2025-10-18,2025-10-18,Single-Course (1)
U01979,jerry02,25,18–25,Female,whitecasey@yahoo.com,12,1259.32,Business,Beginner,8,4,2025-01-03,2025-12-24,Power Learner (8+)
U01980,zsanchez,15,<18,Female,trevorleonard@outlook.com,1,0.0,Finance,Intermediate,1,0,2025-12-12,2025-12-12,Single-Course (1)
U01981,zreed,27,26–35,Female,stephaniethornton@outlook.com,1,0.0,Data Science,Intermediate,1,0,2025-01-09,2025-01-09,Single-Course (1)
U01982,znelson,35,26–35,Female,jeffreycarpenter@gmail.com,1,276.37,Design,Advanced,0,1,2025-07-24,2025-07-24,Single-Course (1)
U01983,hrosales,29,26–35,Female,garrettbarbara@yahoo.com,1,53.86,Finance,Beginner,0,1,2025-08-10,2025-08-10,Single-Course (1)
U01984,adamlewis,15,<18,Female,melissa46@hotmail.com,1,0.0,Digital Marketing,Beginner,1,0,2025-05-03,2025-05-03,Single-Course (1)
U01985,wrightjonathan,22,18–25,Female,rfoster@gmail.com,1,0.0,Web Development,Beginner,1,0,2025-06-20,2025-06-20,Single-Course (1)
U01986,victor49,29,26–35,Female,steven68@gmail.com,1,346.71,Project Management,Advanced,0,1,2025-01-29,2025-01-29,Single-Course (1)
U01987,ashleyhodges,15,<18,Male,xanderson@outlook.com,13,1332.16,Business,Beginner,8,5,2025-01-03,2025-12-25,Power Learner (8+)
U01988,thompsontyler,17,<18,Female,rcase@hotmail.com,1,490.9,Artificial Intelligence,Beginner,0,1,2025-09-26,2025-09-26,Single-Course (1)
U01989,erica39,26,26–35,Female,lauradelacruz@hotmail.com,13,822.52,Finance,Advanced,9,4,2025-01-04,2025-10-01,Power Learner (8+)
U01990,mcdonaldnancy,16,<18,Male,robertsdavid@hotmail.com,2,0.0,Business,Beginner,2,0,2025-01-25,2025-03-25,Moderate (2-3)
U01991,aliciavance,16,<18,Female,paul27@outlook.com,3,363.90999999999997,Business,Advanced,1,2,2025-04-08,2025-07-01,Moderate (2-3)
U01992,cruzraymond,18,18–25,Male,scott44@yahoo.com,2,346.71,Project Management,Intermediate,1,1,2025-07-01,2025-12-08,Moderate (2-3)
U01993,bradley00,23,18–25,Female,markclark@yahoo.com,14,1263.01,Finance,Beginner,10,4,2025-01-01,2025-11-04,Power Learner (8+)
U01994,cameronwilliams,20,18–25,Female,wesley31@gmail.com,11,1198.07,Artificial Intelligence,Beginner,6,5,2025-02-27,2025-12-21,Power Learner (8+)
U01995,evansmarie,35,26–35,Female,brianlane@hotmail.com,1,0.0,Machine Learning,Advanced,1,0,2025-11-17,2025-11-17,Single-Course (1)
U01996,brianlittle,29,26–35,Female,matthew92@hotmail.com,1,394.26,Cybersecurity,Intermediate,0,1,2025-09-21,2025-09-21,Single-Course (1)
U01997,melissa23,16,<18,Male,ztaylor@gmail.com,1,346.71,Project Management,Advanced,0,1,2025-04-02,2025-04-02,Single-Course (1)
U01998,christopher36,23,18–25,Male,courtney73@outlook.com,15,1587.1299999999999,Cybersecurity,Intermediate,9,6,2025-01-07,2025-12-30,Power Learner (8+)
U01999,marissa62,17,<18,Female,vbowen@yahoo.com,2,906.41,Artificial Intelligence,Beginner,0,2,2025-03-20,2025-07-10,Moderate (2-3)
U02000,kathryn80,32,26–35,Male,john49@outlook.com,2,57.32,Design,Advanced,1,1,2025-03-27,2025-10-20,Moderate (2-3)
U02001,kimberlywilliams,30,26–35,Male,mark43@outlook.com,1,0.0,Machine Learning,Advanced,1,0,2025-11-12,2025-11-12,Single-Course (1)
U02002,qturner,23,18–25,Female,williamyoung@gmail.com,1,0.0,Machine Learning,Intermediate,1,0,2025-07-19,2025-07-19,Single-Course (1)
U02003,ledanielle,31,26–35,Male,jeremybrooks@gmail.com,4,490.9,Artificial Intelligence,Advanced,3,1,2025-05-03,2025-12-12,Active (4-7)
U02004,zdavidson,27,26–35,Male,wgill@hotmail.com,1,342.61,Project Management,Intermediate,0,1,2025-05-15,2025-05-15,Single-Course (1)
U02005,smithjonathan,27,26–35,Male,ganderson@outlook.com,1,0.0,Finance,Beginner,1,0,2025-08-18,2025-08-18,Single-Course (1)
U02006,mccoysarah,34,26–35,Male,alan64@gmail.com,1,0.0,Cybersecurity,Intermediate,1,0,2025-09-04,2025-09-04,Single-Course (1)
U02007,cassieharper,25,18–25,Female,dawsonandrew@hotmail.com,1,0.0,Finance,Beginner,1,0,2025-01-21,2025-01-21,Single-Course (1)
U02008,mallory85,25,18–25,Male,donnamacdonald@yahoo.com,1,0.0,Marketing,Intermediate,1,0,2025-02-26,2025-02-26,Single-Course (1)
U02009,singhtracy,34,26–35,Male,joshua71@hotmail.com,1,299.57,Data Science,Beginner,0,1,2025-04-30,2025-04-30,Single-Course (1)
U02010,harveygregory,31,26–35,Male,pricesavannah@gmail.com,14,1880.52,Digital Marketing,Beginner,7,7,2025-01-14,2025-12-17,Power Learner (8+)
U02011,lindsaysteele,27,26–35,Male,katherinehenson@outlook.com,1,0.0,Web Development,Beginner,1,0,2025-10-29,2025-10-29,Single-Course (1)
U02012,laurahendricks,17,<18,Female,paul34@outlook.com,1,37.89,Web Development,Advanced,0,1,2025-08-10,2025-08-10,Single-Course (1)
U02013,yjoseph,29,26–35,Female,john33@gmail.com,2,0.0,Artificial Intelligence,Beginner,2,0,2025-01-30,2025-03-08,Moderate (2-3)
U02014,andrewyoung,23,18–25,Female,bbarnett@yahoo.com,3,54.64,Cybersecurity,Beginner,1,2,2025-04-03,2025-11-04,Moderate (2-3)
U02015,christopherrobinson,30,26–35,Male,kennethsantiago@yahoo.com,14,1209.15,Cybersecurity,Beginner,11,3,2025-02-13,2025-12-05,Power Learner (8+)
U02016,wlee,25,18–25,Male,zbrooks@hotmail.com,1,0.0,Artificial Intelligence,Beginner,1,0,2025-12-20,2025-12-20,Single-Course (1)
U02017,kimberlygriffin,22,18–25,Female,brittany31@gmail.com,2,53.86,Finance,Beginner,1,1,2025-01-22,2025-05-24,Moderate (2-3)
U02018,melissaedwards,35,26–35,Male,xbraun@yahoo.com,1,0.0,Programming,Beginner,1,0,2025-02-22,2025-02-22,Single-Course (1)
U02019,schwartzandrew,25,18–25,Female,robert67@yahoo.com,3,269.71,Web Development,Advanced,1,2,2025-03-11,2025-11-02,Moderate (2-3)
U02020,davidmorse,18,18–25,Male,edward77@yahoo.com,1,0.0,Machine Learning,Beginner,1,0,2025-01-15,2025-01-15,Single-Course (1)
U02021,ashleygonzales,25,18–25,Female,ytanner@hotmail.com,1,0.0,Cybersecurity,Advanced,1,0,2025-06-29,2025-06-29,Single-Course (1)
U02022,thomasmichelle,27,26–35,Female,scott77@outlook.com,11,958.29,Programming,Beginner,7,4,2025-01-17,2025-10-21,Power Learner (8+)
U02023,savery,31,26–35,Female,richard67@hotmail.com,2,0.0,Programming,Beginner,2,0,2025-02-20,2025-07-08,Moderate (2-3)
U02024,paulmccullough,24,18–25,Female,brentjohnson@yahoo.com,2,0.0,Business,Beginner,2,0,2025-08-04,2025-11-18,Moderate (2-3)
U02025,juliesnyder,21,18–25,Male,ulopez@gmail.com,1,276.37,Design,Advanced,0,1,2025-05-07,2025-05-07,Single-Course (1)
U02026,danielle92,19,18–25,Female,amyrobinson@outlook.com,1,0.0,Machine Learning,Beginner,1,0,2025-04-15,2025-04-15,Single-Course (1)
U02027,tami42,28,26–35,Male,steven35@outlook.com,1,0.0,Digital Marketing,Beginner,1,0,2025-12-20,2025-12-20,Single-Course (1)
U02028,mariejohnson,35,26–35,Female,markjacobs@gmail.com,2,0.0,Design,Advanced,2,0,2025-01-19,2025-08-17,Moderate (2-3)
U02029,haynesscott,28,26–35,Male,jillian99@yahoo.com,1,342.61,Project Management,Intermediate,0,1,2025-05-04,2025-05-04,Single-Course (1)
U02030,brenda53,28,26–35,Female,jessica38@yahoo.com,1,117.68,Data Science,Advanced,0,1,2025-02-04,2025-02-04,Single-Course (1)
U02031,simmonsmartin,20,18–25,Male,crystal76@yahoo.com,2,119.04,Finance,Beginner,1,1,2025-06-21,2025-08-26,Moderate (2-3)
U02032,nwebb,17,<18,Male,kimberlysmith@yahoo.com,2,0.0,Project Management,Intermediate,2,0,2025-02-24,2025-06-22,Moderate (2-3)
U02033,jasmineharris,25,18–25,Male,goodwinmichael@outlook.com,1,0.0,Marketing,Advanced,1,0,2025-11-07,2025-11-07,Single-Course (1)
U02034,garrettjenkins,31,26–35,Female,stevensadam@hotmail.com,1,117.68,Data Science,Advanced,0,1,2025-06-05,2025-06-05,Single-Course (1)
U02035,andersondavid,32,26–35,Male,johnsonrobert@outlook.com,15,1531.93,Business,Advanced,10,5,2025-01-16,2025-12-25,Power Learner (8+)
U02036,james18,26,26–35,Male,lindsey11@yahoo.com,2,89.59,Artificial Intelligence,Intermediate,1,1,2025-04-09,2025-07-17,Moderate (2-3)
U02037,wmacias,18,18–25,Female,parkerdylan@hotmail.com,2,327.99,Finance,Beginner,1,1,2025-05-27,2025-10-16,Moderate (2-3)
U02038,leonardcalvin,32,26–35,Female,clarkcameron@yahoo.com,11,519.95,Project Management,Advanced,9,2,2025-02-18,2025-11-18,Power Learner (8+)
U02039,tonyoliver,29,26–35,Male,virginia52@outlook.com,13,1893.3899999999999,Artificial Intelligence,Beginner,6,7,2025-01-07,2025-12-10,Power Learner (8+)
U02040,uphillips,30,26–35,Male,parksalyssa@yahoo.com,1,0.0,Data Science,Intermediate,1,0,2025-09-13,2025-09-13,Single-Course (1)
U02041,hbarnes,34,26–35,Male,leesteven@gmail.com,3,37.89,Design,Advanced,2,1,2025-06-09,2025-10-20,Moderate (2-3)
U02042,downsjulian,32,26–35,Female,gabriel66@gmail.com,1,0.0,Project Management,Intermediate,1,0,2025-11-28,2025-11-28,Single-Course (1)
U02043,patelrebekah,23,18–25,Female,novakmark@outlook.com,1,0.0,Business,Advanced,1,0,2025-04-18,2025-04-18,Single-Course (1)
U02044,marilynglover,24,18–25,Female,james43@gmail.com,2,0.0,Cybersecurity,Beginner,2,0,2025-04-17,2025-10-21,Moderate (2-3)
U02045,butlermichael,28,26–35,Female,bbolton@yahoo.com,1,0.78,Machine Learning,Advanced,0,1,2025-03-06,2025-03-06,Single-Course (1)
U02046,nicole90,17,<18,Male,moorerachel@gmail.com,1,0.0,Web Development,Beginner,1,0,2025-10-25,2025-10-25,Single-Course (1)
U02047,mark74,18,18–25,Female,erin97@yahoo.com,1,0.0,Project Management,Beginner,1,0,2025-05-10,2025-05-10,Single-Course (1)
U02048,amypayne,19,18–25,Female,jasminewarner@outlook.com,1,89.59,Artificial Intelligence,Intermediate,0,1,2025-09-21,2025-09-21,Single-Course (1)
U02049,dfitzgerald,22,18–25,Male,andrew00@gmail.com,1,248.1,Artificial Intelligence,Beginner,0,1,2025-08-17,2025-08-17,Single-Course (1)
U02050,lcrawford,28,26–35,Male,williamlowe@hotmail.com,3,0.0,Data Science,Beginner,3,0,2025-01-26,2025-12-15,Moderate (2-3)
U02051,nielsenannette,31,26–35,Female,larabrian@hotmail.com,1,342.61,Project Management,Intermediate,0,1,2025-04-24,2025-04-24,Single-Course (1)
U02052,whitneylee,21,18–25,Male,wongmichael@gmail.com,2,772.97,Business,Beginner,0,2,2025-03-23,2025-09-29,Moderate (2-3)
U02053,crystal60,19,18–25,Female,sean60@hotmail.com,1,0.0,Business,Advanced,1,0,2025-03-12,2025-03-12,Single-Course (1)
U02054,lmcbride,23,18–25,Male,tbell@gmail.com,2,0.0,Programming,Beginner,2,0,2025-11-10,2025-11-18,Moderate (2-3)
U02055,jose80,33,26–35,Female,joseph52@hotmail.com,14,1958.82,Business,Beginner,9,5,2025-01-25,2025-12-16,Power Learner (8+)
U02056,smithjamie,35,26–35,Female,lwilson@outlook.com,1,0.0,Finance,Advanced,1,0,2025-04-24,2025-04-24,Single-Course (1)
U02057,timothy68,16,<18,Male,romerochristy@gmail.com,2,0.0,Artificial Intelligence,Beginner,2,0,2025-10-13,2025-11-04,Moderate (2-3)
U02058,kathleenhernandez,16,<18,Male,john36@hotmail.com,13,1253.57,Artificial Intelligence,Beginner,9,4,2025-02-13,2025-12-29,Power Learner (8+)
U02059,gbanks,20,18–25,Female,johnsonjimmy@hotmail.com,1,0.0,Marketing,Advanced,1,0,2025-03-28,2025-03-28,Single-Course (1)
U02060,johnnybennett,31,26–35,Female,natalie42@hotmail.com,3,0.0,Data Science,Beginner,3,0,2025-03-01,2025-12-08,Moderate (2-3)
U02061,cohenbeth,25,18–25,Female,blake71@outlook.com,1,117.68,Data Science,Advanced,0,1,2025-01-06,2025-01-06,Single-Course (1)
U02062,martin27,35,26–35,Male,mlittle@yahoo.com,1,0.0,Cybersecurity,Advanced,1,0,2025-10-16,2025-10-16,Single-Course (1)
U02063,hmcdonald,26,26–35,Male,zbullock@gmail.com,2,37.89,Design,Advanced,1,1,2025-03-24,2025-03-28,Moderate (2-3)
U02064,debra55,35,26–35,Male,xford@gmail.com,15,2068.0,Artificial Intelligence,Beginner,8,7,2025-01-01,2025-12-18,Power Learner (8+)
U02065,mary34,20,18–25,Male,sandersvirginia@outlook.com,2,0.0,Cybersecurity,Advanced,2,0,2025-10-08,2025-12-11,Moderate (2-3)
U02066,adamcamacho,18,18–25,Male,qhammond@outlook.com,1,0.0,Machine Learning,Intermediate,1,0,2025-05-07,2025-05-07,Single-Course (1)
U02067,kinglaurie,26,26–35,Female,abradford@hotmail.com,1,0.0,Data Science,Intermediate,1,0,2025-08-18,2025-08-18,Single-Course (1)
U02068,harperjoshua,15,<18,Male,william40@gmail.com,13,1233.26,Programming,Beginner,8,5,2025-03-17,2025-11-25,Power Learner (8+)
U02069,cassandra76,18,18–25,Male,davidweber@gmail.com,1,0.0,Data Science,Intermediate,1,0,2025-12-13,2025-12-13,Single-Course (1)
U02070,jeffreypham,31,26–35,Female,imarquez@gmail.com,1,342.61,Project Management,Intermediate,0,1,2025-03-08,2025-03-08,Single-Course (1)
U02071,stevensvalerie,24,18–25,Male,matthewmcmillan@outlook.com,13,906.51,Artificial Intelligence,Intermediate,10,3,2025-01-28,2025-12-06,Power Learner (8+)
U02072,williammarsh,16,<18,Male,rsmith@hotmail.com,1,0.0,Marketing,Advanced,1,0,2025-07-27,2025-07-27,Single-Course (1)
U02073,parkertara,19,18–25,Female,markjohnson@yahoo.com,2,37.89,Data Science,Intermediate,1,1,2025-03-04,2025-12-24,Moderate (2-3)
U02074,sburns,27,26–35,Female,danieltucker@gmail.com,14,1691.76,Data Science,Beginner,6,8,2025-02-03,2025-12-18,Power Learner (8+)
U02075,stephaniechavez,26,26–35,Male,powellelizabeth@outlook.com,1,0.0,Finance,Intermediate,1,0,2025-12-26,2025-12-26,Single-Course (1)
U02076,gardnershane,24,18–25,Female,monicagreer@outlook.com,1,0.0,Design,Advanced,1,0,2025-04-04,2025-04-04,Single-Course (1)
U02077,singhalbert,24,18–25,Male,jmorse@hotmail.com,14,856.78,Web Development,Beginner,11,3,2025-01-02,2025-12-27,Power Learner (8+)
U02078,diamondgonzalez,34,26–35,Female,rayanthony@hotmail.com,2,342.37,Business,Beginner,0,2,2025-05-30,2025-11-05,Moderate (2-3)
U02079,briancoleman,29,26–35,Female,xmeyer@yahoo.com,1,0.0,Cybersecurity,Intermediate,1,0,2025-01-02,2025-01-02,Single-Course (1)
U02080,obrandt,33,26–35,Male,patrick16@gmail.com,2,833.51,Artificial Intelligence,Beginner,0,2,2025-06-06,2025-12-29,Moderate (2-3)
U02081,carmenbrooks,19,18–25,Female,jenkinsevan@gmail.com,2,119.04,Design,Intermediate,1,1,2025-03-07,2025-06-05,Moderate (2-3)
U02082,richard11,26,26–35,Female,natalie18@hotmail.com,1,0.0,Web Development,Beginner,1,0,2025-06-16,2025-06-16,Single-Course (1)
U02083,bakertyler,27,26–35,Female,nathanburch@gmail.com,2,487.92,Business,Beginner,1,1,2025-04-29,2025-06-07,Moderate (2-3)
U02084,ashley58,21,18–25,Female,deborahsanders@yahoo.com,3,0.78,Machine Learning,Intermediate,2,1,2025-01-27,2025-07-24,Moderate (2-3)
U02085,sshaffer,22,18–25,Female,norrisdiana@outlook.com,1,0.0,Design,Advanced,1,0,2025-10-02,2025-10-02,Single-Course (1)
U02086,xrussell,30,26–35,Male,oduran@outlook.com,2,342.61,Data Science,Intermediate,1,1,2025-06-28,2025-12-02,Moderate (2-3)
U02087,stonewalter,28,26–35,Female,cburke@hotmail.com,1,0.0,Project Management,Beginner,1,0,2025-08-07,2025-08-07,Single-Course (1)
U02088,amandacardenas,18,18–25,Female,huffmanpaul@gmail.com,1,0.0,Marketing,Intermediate,1,0,2025-03-23,2025-03-23,Single-Course (1)
U02089,dannyrosario,16,<18,Female,martinstephanie@gmail.com,1,0.0,Artificial Intelligence,Beginner,1,0,2025-02-02,2025-02-02,Single-Course (1)
U02090,kennethhughes,22,18–25,Female,pstuart@outlook.com,1,0.0,Data Science,Beginner,1,0,2025-09-09,2025-09-09,Single-Course (1)
U02091,bianca39,27,26–35,Male,allendavid@yahoo.com,3,37.89,Cybersecurity,Beginner,2,1,2025-02-16,2025-12-21,Moderate (2-3)
U02092,tiffany14,25,18–25,Female,martineric@yahoo.com,1,89.59,Artificial Intelligence,Intermediate,0,1,2025-02-19,2025-02-19,Single-Course (1)
U02093,joshua56,18,18–25,Male,christopherthompson@yahoo.com,2,248.1,Artificial Intelligence,Beginner,1,1,2025-01-22,2025-05-20,Moderate (2-3)
U02094,wrightstephanie,24,18–25,Female,jonathangarcia@gmail.com,11,394.26,Cybersecurity,Beginner,10,1,2025-01-22,2025-12-21,Power Learner (8+)
U02095,ngeorge,32,26–35,Female,yfry@yahoo.com,1,119.04,Finance,Intermediate,0,1,2025-11-26,2025-11-26,Single-Course (1)
U02096,jprice,31,26–35,Male,salinasdaniel@yahoo.com,13,815.44,Machine Learning,Intermediate,10,3,2025-03-07,2025-12-22,Power Learner (8+)
U02097,jeannecole,15,<18,Female,jacksonaaron@outlook.com,2,327.99,Design,Beginner,1,1,2025-10-09,2025-11-28,Moderate (2-3)
U02098,grahamdouglas,25,18–25,Male,timothywoods@yahoo.com,13,1137.72,Business,Advanced,8,5,2025-01-23,2025-12-29,Power Learner (8+)
U02099,christopher01,21,18–25,Female,joshua64@yahoo.com,1,394.26,Cybersecurity,Intermediate,0,1,2025-03-27,2025-03-27,Single-Course (1)
U02100,francisholly,15,<18,Female,dacosta@gmail.com,1,248.1,Artificial Intelligence,Beginner,0,1,2025-02-21,2025-02-21,Single-Course (1)
U02101,paynecourtney,27,26–35,Male,jenkinschristina@gmail.com,1,37.89,Web Development,Advanced,0,1,2025-03-29,2025-03-29,Single-Course (1)
U02102,richardsingh,20,18–25,Female,luis72@gmail.com,3,0.0,Cybersecurity,Intermediate,3,0,2025-06-08,2025-11-07,Moderate (2-3)
U02103,wwalker,33,26–35,Male,harrisadam@outlook.com,3,472.28,Programming,Beginner,2,1,2025-01-17,2025-08-06,Moderate (2-3)
U02104,billjones,15,<18,Male,fwilliams@yahoo.com,1,0.0,Data Science,Intermediate,1,0,2025-08-11,2025-08-11,Single-Course (1)
U02105,kbrown,32,26–35,Female,amcgrath@outlook.com,1,394.26,Cybersecurity,Intermediate,0,1,2025-05-23,2025-05-23,Single-Course (1)
U02106,ryan68,28,26–35,Female,davidsonjennifer@yahoo.com,1,0.0,Cybersecurity,Advanced,1,0,2025-12-12,2025-12-12,Single-Course (1)
U02107,izimmerman,31,26–35,Male,torresmichelle@gmail.com,2,0.0,Artificial Intelligence,Beginner,2,0,2025-11-16,2025-12-04,Moderate (2-3)
U02108,cesar18,27,26–35,Female,rebeccakent@yahoo.com,1,0.0,Machine Learning,Beginner,1,0,2025-01-07,2025-01-07,Single-Course (1)
U02109,monicayoung,23,18–25,Male,logan02@hotmail.com,1,0.0,Web Development,Advanced,1,0,2025-07-08,2025-07-08,Single-Course (1)
U02110,nathaniel05,25,18–25,Male,hdelgado@yahoo.com,1,276.37,Design,Advanced,0,1,2025-11-26,2025-11-26,Single-Course (1)
U02111,amandamorris,21,18–25,Male,washingtonamy@outlook.com,1,0.0,Cybersecurity,Intermediate,1,0,2025-05-13,2025-05-13,Single-Course (1)
U02112,edwin13,22,18–25,Female,karen97@gmail.com,2,0.0,Data Science,Beginner,2,0,2025-06-23,2025-07-03,Moderate (2-3)
U02113,johnrangel,28,26–35,Female,mendezchristopher@yahoo.com,2,327.99,Project Management,Beginner,1,1,2025-05-15,2025-07-26,Moderate (2-3)
U02114,stuartriley,32,26–35,Male,hudsonheather@gmail.com,1,0.0,Digital Marketing,Beginner,1,0,2025-02-09,2025-02-09,Single-Course (1)
U02115,sharon51,18,18–25,Male,martinkaren@outlook.com,1,0.0,Machine Learning,Beginner,1,0,2025-04-08,2025-04-08,Single-Course (1)
U02116,frank20,32,26–35,Female,osherman@yahoo.com,1,342.61,Project Management,Intermediate,0,1,2025-04-29,2025-04-29,Single-Course (1)
U02117,rknight,31,26–35,Male,fletchermatthew@outlook.com,1,0.0,Programming,Beginner,1,0,2025-03-08,2025-03-08,Single-Course (1)
U02118,travis60,27,26–35,Male,jrichardson@yahoo.com,1,0.0,Programming,Beginner,1,0,2025-01-13,2025-01-13,Single-Course (1)
U02119,cookecurtis,24,18–25,Female,oneillmario@outlook.com,1,0.0,Cybersecurity,Intermediate,1,0,2025-03-01,2025-03-01,Single-Course (1)
U02120,garyhaley,19,18–25,Male,sanchezashley@outlook.com,2,89.59,Artificial Intelligence,Intermediate,1,1,2025-01-21,2025-02-04,Moderate (2-3)
U02121,pinedaamanda,16,<18,Female,michelle69@hotmail.com,1,415.51,Artificial Intelligence,Intermediate,0,1,2025-10-09,2025-10-09,Single-Course (1)
U02122,millerjocelyn,32,26–35,Female,randolphgina@outlook.com,2,0.0,Design,Beginner,2,0,2025-11-04,2025-12-29,Moderate (2-3)
U02123,oneillcarolyn,32,26–35,Male,sjimenez@gmail.com,2,415.51,Artificial Intelligence,Intermediate,1,1,2025-09-18,2025-11-05,Moderate (2-3)
U02124,smithtony,15,<18,Female,emccoy@gmail.com,1,0.0,Web Development,Beginner,1,0,2025-09-10,2025-09-10,Single-Course (1)
U02125,hsharp,31,26–35,Female,sarah08@outlook.com,13,1813.9299999999998,Artificial Intelligence,Advanced,6,7,2025-01-03,2025-12-26,Power Learner (8+)
U02126,pholland,22,18–25,Female,matthewmoyer@yahoo.com,1,0.0,Machine Learning,Intermediate,1,0,2025-08-16,2025-08-16,Single-Course (1)
U02127,kelleyeric,21,18–25,Female,barberwilliam@outlook.com,2,0.0,Cybersecurity,Beginner,2,0,2025-09-25,2025-12-15,Moderate (2-3)
U02128,caleb55,30,26–35,Male,jasonthomas@hotmail.com,1,0.0,Design,Advanced,1,0,2025-11-18,2025-11-18,Single-Course (1)
U02129,woodholly,20,18–25,Female,burnstim@outlook.com,2,0.0,Digital Marketing,Beginner,2,0,2025-06-09,2025-09-26,Moderate (2-3)
U02130,kristen77,19,18–25,Male,kelli90@outlook.com,1,212.39,Digital Marketing,Advanced,0,1,2025-03-03,2025-03-03,Single-Course (1)
U02131,nathan19,27,26–35,Female,karamcgee@outlook.com,1,0.0,Digital Marketing,Beginner,1,0,2025-02-04,2025-02-04,Single-Course (1)
U02132,kochjennifer,20,18–25,Female,katherinemarshall@hotmail.com,2,0.0,Programming,Beginner,2,0,2025-01-01,2025-05-19,Moderate (2-3)
U02133,hwalker,21,18–25,Male,epatterson@outlook.com,2,0.78,Design,Advanced,1,1,2025-07-14,2025-08-03,Moderate (2-3)
U02134,ethomas,31,26–35,Female,lee15@yahoo.com,1,0.0,Finance,Beginner,1,0,2025-02-23,2025-02-23,Single-Course (1)
U02135,heather03,31,26–35,Male,jacqueline17@yahoo.com,1,0.0,Finance,Beginner,1,0,2025-07-22,2025-07-22,Single-Course (1)
U02136,patrick78,33,26–35,Male,yhicks@gmail.com,1,0.0,Business,Advanced,1,0,2025-03-26,2025-03-26,Single-Course (1)
U02137,debra52,30,26–35,Male,vthomas@hotmail.com,1,285.05,Business,Beginner,0,1,2025-10-02,2025-10-02,Single-Course (1)
U02138,inixon,19,18–25,Female,kathrynshields@yahoo.com,2,490.9,Artificial Intelligence,Beginner,1,1,2025-01-09,2025-02-07,Moderate (2-3)
U02139,jorgejohnson,23,18–25,Male,christophergilbert@gmail.com,1,0.78,Machine Learning,Advanced,0,1,2025-01-10,2025-01-10,Single-Course (1)
U02140,lisahoward,21,18–25,Female,manuelbailey@yahoo.com,1,326.02,Business,Intermediate,0,1,2025-11-16,2025-11-16,Single-Course (1)
U02141,morrisonanthony,17,<18,Male,gmartinez@hotmail.com,2,276.37,Design,Intermediate,1,1,2025-07-20,2025-12-28,Moderate (2-3)
U02142,srose,26,26–35,Female,beandawn@outlook.com,4,212.39,Cybersecurity,Advanced,3,1,2025-05-11,2025-07-14,Active (4-7)
U02143,harveymarie,24,18–25,Male,davidrobinson@gmail.com,3,155.57,Cybersecurity,Advanced,1,2,2025-05-05,2025-12-16,Moderate (2-3)
U02144,isaiah46,15,<18,Male,larrygray@gmail.com,14,1768.11,Artificial Intelligence,Intermediate,8,6,2025-01-18,2025-11-02,Power Learner (8+)
U02145,jeffreymartin,16,<18,Female,johnsonrebecca@yahoo.com,1,0.0,Web Development,Advanced,1,0,2025-04-26,2025-04-26,Single-Course (1)
U02146,denise68,17,<18,Male,sharon71@gmail.com,1,0.0,Marketing,Advanced,1,0,2025-12-13,2025-12-13,Single-Course (1)
U02147,ernestshaw,33,26–35,Male,pyoung@hotmail.com,15,1787.9999999999998,Web Development,Intermediate,7,8,2025-01-25,2025-12-04,Power Learner (8+)
U02148,criley,31,26–35,Female,laurensutton@hotmail.com,1,346.71,Project Management,Advanced,0,1,2025-06-15,2025-06-15,Single-Course (1)
U02149,yking,21,18–25,Female,davisjulie@outlook.com,15,1208.6599999999999,Cybersecurity,Advanced,9,6,2025-01-29,2025-11-21,Power Learner (8+)
U02150,blogan,16,<18,Female,haleyclayton@outlook.com,1,0.0,Cybersecurity,Intermediate,1,0,2025-07-25,2025-07-25,Single-Course (1)
U02151,jennifer75,18,18–25,Female,gschroeder@gmail.com,13,2232.52,Artificial Intelligence,Beginner,5,8,2025-01-25,2025-12-11,Power Learner (8+)
U02152,foxryan,35,26–35,Female,vodonnell@outlook.com,13,2323.1299999999997,Project Management,Beginner,7,6,2025-01-24,2025-12-21,Power Learner (8+)
U02153,hallchristopher,18,18–25,Female,michael98@gmail.com,13,1672.28,Data Science,Beginner,7,6,2025-01-06,2025-12-01,Power Learner (8+)
U02154,david23,16,<18,Male,lisa13@gmail.com,3,837.6099999999999,Artificial Intelligence,Beginner,1,2,2025-05-06,2025-12-13,Moderate (2-3)
U02155,antonio50,16,<18,Female,mariahamilton@gmail.com,14,623.14,Data Science,Beginner,10,4,2025-02-03,2025-11-14,Power Learner (8+)
U02156,christine62,34,26–35,Female,melissa26@hotmail.com,1,0.0,Data Science,Intermediate,1,0,2025-01-03,2025-01-03,Single-Course (1)
U02157,nschmidt,29,26–35,Male,aprilpeters@yahoo.com,3,0.0,Artificial Intelligence,Beginner,3,0,2025-05-06,2025-11-03,Moderate (2-3)
U02158,wwhitney,17,<18,Female,spearsjennifer@gmail.com,4,748.65,Design,Beginner,2,2,2025-04-16,2025-12-09,Active (4-7)
U02159,gibsonmariah,29,26–35,Female,ericsantana@outlook.com,2,327.99,Digital Marketing,Beginner,1,1,2025-04-13,2025-11-02,Moderate (2-3)
U02160,brenda07,21,18–25,Female,emily02@yahoo.com,1,0.0,Marketing,Advanced,1,0,2025-09-23,2025-09-23,Single-Course (1)
U02161,blewis,23,18–25,Female,michelle01@outlook.com,14,822.39,Design,Advanced,10,4,2025-03-11,2025-12-05,Power Learner (8+)
U02162,tsims,25,18–25,Male,dcobb@yahoo.com,1,0.0,Digital Marketing,Beginner,1,0,2025-07-18,2025-07-18,Single-Course (1)
U02163,kennedydavid,29,26–35,Male,colecarlos@hotmail.com,1,0.0,Web Development,Beginner,1,0,2025-07-18,2025-07-18,Single-Course (1)
U02164,robert57,25,18–25,Female,lchoi@gmail.com,1,0.0,Programming,Beginner,1,0,2025-12-02,2025-12-02,Single-Course (1)
U02165,juan87,18,18–25,Male,lisa36@yahoo.com,1,0.0,Web Development,Advanced,1,0,2025-07-08,2025-07-08,Single-Course (1)
U02166,xcardenas,27,26–35,Male,andrew79@yahoo.com,1,0.0,Machine Learning,Beginner,1,0,2025-09-02,2025-09-02,Single-Course (1)
U02167,thomaswhitney,25,18–25,Female,jacksonjennifer@outlook.com,3,342.61,Data Science,Intermediate,2,1,2025-09-04,2025-12-15,Moderate (2-3)
U02168,david71,34,26–35,Male,bowmancaitlin@yahoo.com,1,0.0,Finance,Beginner,1,0,2025-09-12,2025-09-12,Single-Course (1)
U02169,patricia11,32,26–35,Female,rojasmichael@yahoo.com,1,0.0,Cybersecurity,Intermediate,1,0,2025-09-04,2025-09-04,Single-Course (1)
U02170,joshuasmith,24,18–25,Male,steven49@hotmail.com,1,472.28,Programming,Beginner,0,1,2025-04-05,2025-04-05,Single-Course (1)
U02171,andersontina,31,26–35,Male,mortondana@hotmail.com,2,57.32,Data Science,Beginner,1,1,2025-05-12,2025-10-12,Moderate (2-3)
U02172,fuentesmaxwell,34,26–35,Male,valerie27@yahoo.com,1,0.0,Marketing,Advanced,1,0,2025-10-27,2025-10-27,Single-Course (1)
U02173,perezrenee,22,18–25,Female,cswanson@gmail.com,1,326.02,Business,Intermediate,0,1,2025-03-14,2025-03-14,Single-Course (1)
U02174,hornanthony,17,<18,Female,ariasjessica@gmail.com,14,1787.8799999999999,Artificial Intelligence,Intermediate,7,7,2025-02-23,2025-12-28,Power Learner (8+)
U02175,lmurray,15,<18,Female,aguilarcatherine@hotmail.com,2,0.0,Finance,Beginner,2,0,2025-05-22,2025-12-05,Moderate (2-3)
U02176,yglover,23,18–25,Male,andradejason@outlook.com,1,117.68,Data Science,Advanced,0,1,2025-11-02,2025-11-02,Single-Course (1)
U02177,xherrera,35,26–35,Male,tanya49@hotmail.com,1,472.28,Programming,Beginner,0,1,2025-03-10,2025-03-10,Single-Course (1)
U02178,kellymontoya,21,18–25,Female,tannerhopkins@hotmail.com,1,0.0,Cybersecurity,Intermediate,1,0,2025-07-25,2025-07-25,Single-Course (1)
U02179,rachel77,27,26–35,Female,dillonbradley@gmail.com,2,0.0,Marketing,Intermediate,2,0,2025-03-20,2025-04-25,Moderate (2-3)
U02180,mhuerta,31,26–35,Female,turneralexandra@gmail.com,4,0.0,Business,Advanced,4,0,2025-07-01,2025-08-23,Active (4-7)
U02181,hbates,27,26–35,Female,johnwebb@outlook.com,2,342.61,Digital Marketing,Beginner,1,1,2025-10-13,2025-12-08,Moderate (2-3)
U02182,maria47,29,26–35,Male,bradley99@hotmail.com,2,0.0,Business,Intermediate,2,0,2025-05-17,2025-07-15,Moderate (2-3)
U02183,ronald54,19,18–25,Male,scottbrooke@hotmail.com,1,117.68,Data Science,Advanced,0,1,2025-12-21,2025-12-21,Single-Course (1)
U02184,whiteheidi,20,18–25,Female,brittney48@gmail.com,2,177.34,Data Science,Beginner,1,1,2025-01-25,2025-05-24,Moderate (2-3)
U02185,forbessherry,16,<18,Male,rodgerscynthia@yahoo.com,2,0.0,Design,Beginner,2,0,2025-02-21,2025-10-25,Moderate (2-3)
U02186,zmueller,29,26–35,Male,rwilliams@gmail.com,4,363.90999999999997,Business,Intermediate,2,2,2025-05-04,2025-11-14,Active (4-7)
U02187,josephperry,21,18–25,Male,bishoptiffany@gmail.com,2,57.32,Machine Learning,Intermediate,1,1,2025-08-09,2025-09-04,Moderate (2-3)
U02188,littlejulie,17,<18,Female,jamesrusso@yahoo.com,1,0.0,Programming,Beginner,1,0,2025-01-09,2025-01-09,Single-Course (1)
U02189,angela86,18,18–25,Male,billygibson@hotmail.com,1,0.0,Cybersecurity,Beginner,1,0,2025-07-24,2025-07-24,Single-Course (1)
U02190,sarah34,19,18–25,Male,justin83@gmail.com,4,453.4,Web Development,Intermediate,2,2,2025-07-24,2025-12-18,Active (4-7)
U02191,potterjessica,24,18–25,Male,vicki84@outlook.com,4,37.89,Programming,Beginner,3,1,2025-01-01,2025-11-17,Active (4-7)
U02192,agonzalez,22,18–25,Female,patriciasexton@outlook.com,2,0.0,Machine Learning,Intermediate,2,0,2025-06-23,2025-06-25,Moderate (2-3)
U02193,matthew54,20,18–25,Male,harmonjill@gmail.com,2,0.0,Cybersecurity,Beginner,2,0,2025-05-26,2025-11-27,Moderate (2-3)
U02194,rhodeskimberly,18,18–25,Male,david53@yahoo.com,2,790.47,Artificial Intelligence,Beginner,0,2,2025-03-28,2025-11-27,Moderate (2-3)
U02195,stoneamy,27,26–35,Female,sherry47@outlook.com,1,0.0,Business,Advanced,1,0,2025-05-12,2025-05-12,Single-Course (1)
U02196,mirandacooper,31,26–35,Female,brian28@hotmail.com,1,248.1,Artificial Intelligence,Beginner,0,1,2025-10-26,2025-10-26,Single-Course (1)
U02197,mortontheresa,24,18–25,Female,katherine61@yahoo.com,2,0.0,Machine Learning,Intermediate,2,0,2025-06-16,2025-09-24,Moderate (2-3)
U02198,danielhoffman,17,<18,Female,guerrerowilliam@yahoo.com,2,0.0,Machine Learning,Intermediate,2,0,2025-02-13,2025-12-29,Moderate (2-3)
U02199,qball,27,26–35,Male,tchambers@hotmail.com,12,841.2900000000001,Finance,Beginner,7,5,2025-02-15,2025-11-27,Power Learner (8+)
U02200,michaelfuentes,23,18–25,Male,richard59@yahoo.com,2,618.98,Design,Intermediate,0,2,2025-06-21,2025-11-05,Moderate (2-3)
U02201,lauriealexander,20,18–25,Male,michaela21@outlook.com,1,326.02,Business,Intermediate,0,1,2025-06-06,2025-06-06,Single-Course (1)
U02202,yallen,28,26–35,Male,tracy94@gmail.com,1,0.0,Machine Learning,Intermediate,1,0,2025-07-09,2025-07-09,Single-Course (1)
U02203,jeffreymartinez,31,26–35,Female,gonzalezashley@gmail.com,1,0.0,Cybersecurity,Beginner,1,0,2025-12-25,2025-12-25,Single-Course (1)
U02204,danny36,16,<18,Female,qmoss@gmail.com,1,327.99,Project Management,Beginner,0,1,2025-05-11,2025-05-11,Single-Course (1)
U02205,amiddleton,34,26–35,Female,brandon03@hotmail.com,1,0.0,Data Science,Beginner,1,0,2025-12-08,2025-12-08,Single-Course (1)
U02206,evansnicole,31,26–35,Male,hannahmurray@outlook.com,3,0.0,Data Science,Intermediate,3,0,2025-01-16,2025-10-30,Moderate (2-3)
U02207,sandramarshall,33,26–35,Female,crystalroberts@outlook.com,1,0.0,Business,Advanced,1,0,2025-03-11,2025-03-11,Single-Course (1)
U02208,ssanders,30,26–35,Male,michael60@hotmail.com,2,327.99,Marketing,Beginner,1,1,2025-08-18,2025-11-24,Moderate (2-3)
U02209,vmitchell,24,18–25,Male,eric25@yahoo.com,1,0.0,Web Development,Beginner,1,0,2025-04-17,2025-04-17,Single-Course (1)
U02210,yvonnemcguire,33,26–35,Male,jessica81@yahoo.com,1,0.0,Marketing,Advanced,1,0,2025-09-18,2025-09-18,Single-Course (1)
U02211,ericreynolds,23,18–25,Male,pcole@yahoo.com,1,0.0,Marketing,Intermediate,1,0,2025-03-08,2025-03-08,Single-Course (1)
U02212,jeffrey00,33,26–35,Male,wilsoncrystal@yahoo.com,15,1164.95,Data Science,Beginner,11,4,2025-02-09,2025-12-09,Power Learner (8+)
U02213,walterwalker,17,<18,Male,carolineoconnell@hotmail.com,1,342.61,Project Management,Intermediate,0,1,2025-07-22,2025-07-22,Single-Course (1)
U02214,prestonerik,20,18–25,Female,hubbarderic@yahoo.com,4,322.94,Business,Beginner,2,2,2025-04-18,2025-09-11,Active (4-7)
U02215,robertsonjessica,32,26–35,Male,xferguson@hotmail.com,11,595.5899999999999,Finance,Beginner,8,3,2025-02-06,2025-12-26,Power Learner (8+)
U02216,garciamitchell,26,26–35,Female,robert46@yahoo.com,2,89.59,Artificial Intelligence,Intermediate,1,1,2025-01-07,2025-01-07,Moderate (2-3)
U02217,williamsmichael,21,18–25,Male,ygarcia@hotmail.com,14,722.87,Business,Advanced,10,4,2025-03-13,2025-12-15,Power Learner (8+)
U02218,duffymegan,17,<18,Male,tammy52@outlook.com,1,0.0,Marketing,Advanced,1,0,2025-02-10,2025-02-10,Single-Course (1)
U02219,benjaminsmith,29,26–35,Male,megan60@yahoo.com,1,0.0,Programming,Intermediate,1,0,2025-08-09,2025-08-09,Single-Course (1)
U02220,kathyrobertson,30,26–35,Male,jonessarah@yahoo.com,1,472.28,Programming,Beginner,0,1,2025-04-26,2025-04-26,Single-Course (1)
U02221,christopher46,19,18–25,Female,pmcdowell@hotmail.com,1,0.0,Marketing,Intermediate,1,0,2025-11-18,2025-11-18,Single-Course (1)
U02222,pamelajones,23,18–25,Male,brandy63@yahoo.com,1,394.26,Cybersecurity,Intermediate,0,1,2025-11-03,2025-11-03,Single-Course (1)
U02223,wardapril,22,18–25,Female,westdana@hotmail.com,1,0.0,Finance,Beginner,1,0,2025-10-20,2025-10-20,Single-Course (1)
U02224,mbowman,18,18–25,Female,jamieclark@hotmail.com,13,772.15,Artificial Intelligence,Intermediate,10,3,2025-02-06,2025-12-29,Power Learner (8+)
U02225,michaelgriffin,33,26–35,Female,wjones@hotmail.com,2,119.04,Cybersecurity,Intermediate,1,1,2025-08-01,2025-11-30,Moderate (2-3)
U02226,gjones,20,18–25,Female,xwatkins@hotmail.com,2,490.9,Artificial Intelligence,Beginner,1,1,2025-02-24,2025-06-14,Moderate (2-3)
U02227,tranrobert,21,18–25,Female,nicole94@outlook.com,1,394.26,Cybersecurity,Intermediate,0,1,2025-02-08,2025-02-08,Single-Course (1)
U02228,mwheeler,19,18–25,Male,eduncan@outlook.com,2,0.0,Finance,Beginner,2,0,2025-07-27,2025-08-04,Moderate (2-3)
U02229,rosejessica,34,26–35,Female,harrisdebra@yahoo.com,2,0.0,Cybersecurity,Beginner,2,0,2025-07-24,2025-12-05,Moderate (2-3)
U02230,josephgonzalez,32,26–35,Female,ashley10@gmail.com,1,0.0,Finance,Intermediate,1,0,2025-08-02,2025-08-02,Single-Course (1)
U02231,josephwilliams,20,18–25,Male,qfields@hotmail.com,13,817.99,Data Science,Beginner,10,3,2025-01-20,2025-12-26,Power Learner (8+)
U02232,emanning,26,26–35,Female,dbond@gmail.com,1,0.0,Design,Advanced,1,0,2025-04-24,2025-04-24,Single-Course (1)
U02233,richardpadilla,28,26–35,Male,zsmith@outlook.com,2,299.57,Data Science,Beginner,1,1,2025-04-07,2025-11-27,Moderate (2-3)
U02234,toddrodriguez,31,26–35,Female,sean23@hotmail.com,1,0.0,Finance,Advanced,1,0,2025-06-25,2025-06-25,Single-Course (1)
U02235,micheal11,15,<18,Female,melissa00@gmail.com,2,337.46,Data Science,Beginner,0,2,2025-09-22,2025-09-23,Moderate (2-3)
U02236,ule,24,18–25,Female,brownlacey@gmail.com,1,0.0,Machine Learning,Intermediate,1,0,2025-10-17,2025-10-17,Single-Course (1)
U02237,joshua94,16,<18,Male,sfrank@gmail.com,1,0.0,Cybersecurity,Beginner,1,0,2025-12-21,2025-12-21,Single-Course (1)
U02238,perezmisty,19,18–25,Female,thomaschandler@yahoo.com,1,0.0,Business,Advanced,1,0,2025-11-21,2025-11-21,Single-Course (1)
U02239,carriefisher,25,18–25,Female,meghan28@gmail.com,1,0.0,Design,Advanced,1,0,2025-01-18,2025-01-18,Single-Course (1)
U02240,hendersonbrandi,33,26–35,Female,boydadam@yahoo.com,1,0.0,Programming,Beginner,1,0,2025-07-13,2025-07-13,Single-Course (1)
U02241,jesseroach,29,26–35,Male,molinasteven@yahoo.com,2,301.96,Artificial Intelligence,Beginner,0,2,2025-09-14,2025-11-02,Moderate (2-3)
U02242,garcialinda,29,26–35,Female,tonyacunningham@gmail.com,1,0.0,Digital Marketing,Beginner,1,0,2025-09-26,2025-09-26,Single-Course (1)
U02243,garrettconley,16,<18,Female,fsingh@outlook.com,1,0.0,Marketing,Intermediate,1,0,2025-06-28,2025-06-28,Single-Course (1)
U02244,jacksonelizabeth,34,26–35,Male,kathleen62@outlook.com,1,57.32,Web Development,Advanced,0,1,2025-12-03,2025-12-03,Single-Course (1)
U02245,jessicarichardson,22,18–25,Male,kgriffin@outlook.com,1,472.28,Programming,Beginner,0,1,2025-07-05,2025-07-05,Single-Course (1)
U02246,brittneyyoung,15,<18,Female,asilva@hotmail.com,1,89.59,Artificial Intelligence,Intermediate,0,1,2025-11-29,2025-11-29,Single-Course (1)
U02247,ejohnson,15,<18,Female,ajordan@yahoo.com,1,212.39,Digital Marketing,Advanced,0,1,2025-10-13,2025-10-13,Single-Course (1)
U02248,meganvasquez,29,26–35,Male,crossashley@outlook.com,14,1251.85,Data Science,Beginner,10,4,2025-01-20,2025-12-18,Power Learner (8+)
U02249,fowlerkimberly,25,18–25,Female,jacksonryan@hotmail.com,2,117.68,Data Science,Advanced,1,1,2025-06-19,2025-06-24,Moderate (2-3)
U02250,cherylwheeler,19,18–25,Female,angelavaughn@hotmail.com,13,1422.4000000000003,Marketing,Advanced,7,6,2025-01-06,2025-11-23,Power Learner (8+)
U02251,alexandrajones,35,26–35,Male,xnelson@gmail.com,1,0.0,Business,Advanced,1,0,2025-11-03,2025-11-03,Single-Course (1)
U02252,jalexander,29,26–35,Female,james91@hotmail.com,2,0.0,Design,Advanced,2,0,2025-02-03,2025-08-08,Moderate (2-3)
U02253,lisa45,22,18–25,Female,williamsdavid@gmail.com,1,0.0,Marketing,Advanced,1,0,2025-06-21,2025-06-21,Single-Course (1)
U02254,matthewjackson,17,<18,Female,ronaldtaylor@gmail.com,15,860.5699999999999,Business,Intermediate,12,3,2025-01-07,2025-12-21,Power Learner (8+)
U02255,christopher80,18,18–25,Female,john03@gmail.com,2,89.59,Artificial Intelligence,Beginner,1,1,2025-01-09,2025-07-07,Moderate (2-3)
U02256,shardin,16,<18,Female,johnsonjeff@hotmail.com,1,0.0,Cybersecurity,Advanced,1,0,2025-09-05,2025-09-05,Single-Course (1)
U02257,mariecastillo,19,18–25,Female,jamesrogers@hotmail.com,1,0.0,Data Science,Intermediate,1,0,2025-04-01,2025-04-01,Single-Course (1)
U02258,gordonjulie,21,18–25,Male,ismith@hotmail.com,16,1617.15,Business,Advanced,10,6,2025-01-26,2025-12-07,Power Learner (8+)
U02259,barbaramccoy,32,26–35,Female,toddnelson@gmail.com,2,119.04,Business,Intermediate,1,1,2025-01-25,2025-02-24,Moderate (2-3)
U02260,oevans,16,<18,Female,nunezashley@yahoo.com,1,346.71,Project Management,Advanced,0,1,2025-07-11,2025-07-11,Single-Course (1)
U02261,lawrence64,26,26–35,Male,wilsonheather@yahoo.com,1,0.0,Programming,Beginner,1,0,2025-05-18,2025-05-18,Single-Course (1)
U02262,lindamartinez,31,26–35,Female,thomas31@gmail.com,3,0.0,Data Science,Beginner,3,0,2025-05-28,2025-12-21,Moderate (2-3)
U02263,rick09,29,26–35,Female,stricklandshelia@yahoo.com,1,346.71,Project Management,Advanced,0,1,2025-11-26,2025-11-26,Single-Course (1)
U02264,hannahstewart,28,26–35,Female,jonathan91@yahoo.com,2,415.51,Artificial Intelligence,Beginner,1,1,2025-04-28,2025-06-04,Moderate (2-3)
U02265,anne55,33,26–35,Male,jennifer40@yahoo.com,2,394.26,Cybersecurity,Beginner,1,1,2025-10-28,2025-11-28,Moderate (2-3)
U02266,holly07,21,18–25,Male,bblair@gmail.com,1,490.9,Artificial Intelligence,Beginner,0,1,2025-03-20,2025-03-20,Single-Course (1)
U02267,vgilmore,19,18–25,Male,johnsonmelissa@outlook.com,1,0.0,Cybersecurity,Intermediate,1,0,2025-05-24,2025-05-24,Single-Course (1)
U02268,jessicajohnson,29,26–35,Female,edwardsjudy@gmail.com,2,0.0,Data Science,Intermediate,2,0,2025-01-24,2025-04-08,Moderate (2-3)
U02269,ashley22,32,26–35,Male,ejohnson@outlook.com,1,0.0,Digital Marketing,Intermediate,1,0,2025-12-09,2025-12-09,Single-Course (1)
U02270,middletonjames,21,18–25,Male,jreed@hotmail.com,3,487.92,Business,Advanced,2,1,2025-01-04,2025-07-29,Moderate (2-3)
U02271,martinezmichelle,20,18–25,Male,madisongriffin@yahoo.com,2,57.32,Design,Advanced,1,1,2025-04-30,2025-06-06,Moderate (2-3)
U02272,gregory53,23,18–25,Female,hardylaura@outlook.com,1,0.0,Cybersecurity,Advanced,1,0,2025-05-04,2025-05-04,Single-Course (1)
U02273,timothy26,28,26–35,Male,wturner@gmail.com,1,0.0,Marketing,Advanced,1,0,2025-04-15,2025-04-15,Single-Course (1)
U02274,jenna07,16,<18,Male,victoria09@hotmail.com,2,177.34,Design,Advanced,1,1,2025-03-02,2025-11-06,Moderate (2-3)
U02275,lrobinson,23,18–25,Female,lrios@outlook.com,2,0.0,Digital Marketing,Intermediate,2,0,2025-08-06,2025-11-05,Moderate (2-3)
U02276,joseph36,34,26–35,Female,ywaters@outlook.com,1,0.0,Finance,Advanced,1,0,2025-04-28,2025-04-28,Single-Course (1)
U02277,ljones,28,26–35,Male,kenneth59@gmail.com,1,0.0,Cybersecurity,Intermediate,1,0,2025-05-10,2025-05-10,Single-Course (1)
U02278,reneecurry,20,18–25,Male,fryjennifer@outlook.com,1,0.0,Marketing,Advanced,1,0,2025-04-19,2025-04-19,Single-Course (1)
U02279,nmcdonald,29,26–35,Female,lisa39@gmail.com,1,0.0,Web Development,Beginner,1,0,2025-09-15,2025-09-15,Single-Course (1)
U02280,timothywalker,26,26–35,Female,kcannon@gmail.com,2,415.51,Artificial Intelligence,Beginner,1,1,2025-04-18,2025-10-08,Moderate (2-3)
U02281,zdavid,34,26–35,Male,carolynchan@outlook.com,1,276.37,Design,Advanced,0,1,2025-09-22,2025-09-22,Single-Course (1)
U02282,xwalsh,25,18–25,Female,amy33@outlook.com,1,0.0,Design,Advanced,1,0,2025-07-21,2025-07-21,Single-Course (1)
U02283,kristi24,16,<18,Male,jesse44@hotmail.com,1,0.0,Digital Marketing,Beginner,1,0,2025-02-09,2025-02-09,Single-Course (1)
U02284,tylerjessica,28,26–35,Male,terrychristopher@yahoo.com,13,1127.89,Web Development,Beginner,8,5,2025-02-12,2025-10-05,Power Learner (8+)
U02285,garciaeric,28,26–35,Female,lauralawrence@hotmail.com,2,177.34,Digital Marketing,Beginner,1,1,2025-01-15,2025-08-07,Moderate (2-3)
U02286,erin17,32,26–35,Female,rodney02@outlook.com,1,326.02,Business,Intermediate,0,1,2025-12-01,2025-12-01,Single-Course (1)
U02287,stonedana,22,18–25,Male,mitchell70@outlook.com,1,212.39,Digital Marketing,Advanced,0,1,2025-03-01,2025-03-01,Single-Course (1)
U02288,hvega,32,26–35,Female,danwebb@hotmail.com,15,1437.7299999999998,Cybersecurity,Beginner,10,5,2025-02-11,2025-12-25,Power Learner (8+)
U02289,vanessa26,15,<18,Male,richard84@gmail.com,1,0.0,Business,Advanced,1,0,2025-04-04,2025-04-04,Single-Course (1)
U02290,jennifer26,25,18–25,Male,smithlori@outlook.com,15,1052.3200000000002,Marketing,Advanced,12,3,2025-01-15,2025-12-11,Power Learner (8+)
U02291,shelleypeters,31,26–35,Female,amy97@hotmail.com,2,57.32,Marketing,Advanced,1,1,2025-03-11,2025-12-11,Moderate (2-3)
U02292,michelle07,30,26–35,Male,williamsandrea@gmail.com,1,0.0,Design,Advanced,1,0,2025-02-05,2025-02-05,Single-Course (1)
U02293,susan33,30,26–35,Female,cunninghambrian@hotmail.com,1,487.92,Business,Advanced,0,1,2025-09-03,2025-09-03,Single-Course (1)
U02294,richardmathews,26,26–35,Male,boyermelissa@hotmail.com,1,53.86,Finance,Beginner,0,1,2025-05-18,2025-05-18,Single-Course (1)
U02295,karen59,33,26–35,Male,bishopjohn@yahoo.com,1,0.0,Data Science,Beginner,1,0,2025-02-02,2025-02-02,Single-Course (1)
U02296,markruiz,27,26–35,Female,jasonmacias@hotmail.com,1,342.61,Project Management,Intermediate,0,1,2025-04-19,2025-04-19,Single-Course (1)
U02297,nicholas54,28,26–35,Male,donaldnelson@outlook.com,1,472.28,Programming,Beginner,0,1,2025-12-11,2025-12-11,Single-Course (1)
U02298,william10,22,18–25,Female,inichols@hotmail.com,1,119.04,Finance,Intermediate,0,1,2025-09-17,2025-09-17,Single-Course (1)
U02299,millstodd,35,26–35,Female,jessica19@yahoo.com,2,0.0,Cybersecurity,Beginner,2,0,2025-07-18,2025-10-26,Moderate (2-3)
U02300,mccluremary,35,26–35,Male,john38@gmail.com,15,1511.0000000000002,Design,Beginner,9,6,2025-01-07,2025-12-14,Power Learner (8+)
U02301,mary05,18,18–25,Female,sjohnson@hotmail.com,13,547.67,Data Science,Beginner,11,2,2025-01-03,2025-10-23,Power Learner (8+)
U02302,adamsheather,30,26–35,Male,erica01@hotmail.com,2,285.05,Business,Beginner,1,1,2025-04-03,2025-04-23,Moderate (2-3)
U02303,dave44,34,26–35,Male,dmiller@hotmail.com,1,0.0,Cybersecurity,Beginner,1,0,2025-02-08,2025-02-08,Single-Course (1)
U02304,tracy30,21,18–25,Male,lisaallen@hotmail.com,1,0.0,Programming,Beginner,1,0,2025-06-13,2025-06-13,Single-Course (1)
U02305,hlee,19,18–25,Female,meyerchristopher@hotmail.com,1,342.61,Project Management,Intermediate,0,1,2025-05-03,2025-05-03,Single-Course (1)
U02306,elane,18,18–25,Female,vanessa85@gmail.com,13,1824.3999999999996,Business,Beginner,6,7,2025-04-08,2025-12-23,Power Learner (8+)
U02307,fieldsbarbara,22,18–25,Male,tanya86@gmail.com,1,248.1,Artificial Intelligence,Beginner,0,1,2025-09-28,2025-09-28,Single-Course (1)
U02308,farrellfaith,15,<18,Female,mcmahonpaul@hotmail.com,1,0.0,Marketing,Advanced,1,0,2025-11-26,2025-11-26,Single-Course (1)
U02309,butlerjohn,23,18–25,Female,jimenezgina@hotmail.com,3,95.21000000000001,Web Development,Advanced,1,2,2025-04-06,2025-05-15,Moderate (2-3)
U02310,alexandernichols,15,<18,Male,cindyjones@gmail.com,1,0.78,Machine Learning,Advanced,0,1,2025-06-20,2025-06-20,Single-Course (1)
U02311,marshallderek,23,18–25,Female,usingh@yahoo.com,3,117.68,Data Science,Intermediate,2,1,2025-01-27,2025-06-15,Moderate (2-3)
U02312,andrewwallace,28,26–35,Male,carlosmiller@yahoo.com,1,0.0,Cybersecurity,Intermediate,1,0,2025-07-15,2025-07-15,Single-Course (1)
U02313,fmccullough,24,18–25,Female,greerlindsay@gmail.com,1,0.0,Design,Advanced,1,0,2025-04-30,2025-04-30,Single-Course (1)
U02314,weaverkimberly,29,26–35,Male,williamsalison@gmail.com,1,177.34,Digital Marketing,Advanced,0,1,2025-06-12,2025-06-12,Single-Course (1)
U02315,marissawright,34,26–35,Male,timothy02@gmail.com,14,888.7900000000001,Finance,Beginner,9,5,2025-01-07,2025-11-06,Power Learner (8+)
U02316,ryanjones,31,26–35,Female,jesse37@outlook.com,2,415.61,Artificial Intelligence,Intermediate,0,2,2025-11-14,2025-12-22,Moderate (2-3)
U02317,ashleyjefferson,18,18–25,Male,marypeterson@yahoo.com,2,57.32,Marketing,Advanced,1,1,2025-05-12,2025-08-25,Moderate (2-3)
U02318,kaylaedwards,24,18–25,Female,bryan70@gmail.com,1,285.05,Business,Beginner,0,1,2025-07-23,2025-07-23,Single-Course (1)
U02319,zstokes,24,18–25,Female,sgordon@yahoo.com,1,248.1,Artificial Intelligence,Beginner,0,1,2025-05-16,2025-05-16,Single-Course (1)
U02320,warrennicole,17,<18,Male,sanchezjason@outlook.com,3,212.39,Digital Marketing,Advanced,2,1,2025-05-11,2025-09-11,Moderate (2-3)
U02321,bberger,26,26–35,Female,johnstonkimberly@yahoo.com,2,589.96,Data Science,Beginner,0,2,2025-06-07,2025-11-01,Moderate (2-3)
U02322,alexander51,28,26–35,Female,alex67@gmail.com,1,0.0,Cybersecurity,Intermediate,1,0,2025-10-05,2025-10-05,Single-Course (1)
U02323,rrodriguez,29,26–35,Female,mark56@gmail.com,1,37.89,Web Development,Advanced,0,1,2025-11-23,2025-11-23,Single-Course (1)
U02324,destiny85,34,26–35,Female,jimenezgregory@hotmail.com,3,326.02,Business,Intermediate,2,1,2025-02-11,2025-11-05,Moderate (2-3)
U02325,charles25,15,<18,Male,gcarney@hotmail.com,1,177.34,Digital Marketing,Advanced,0,1,2025-07-24,2025-07-24,Single-Course (1)
U02326,laurenmartinez,32,26–35,Male,brianpierce@hotmail.com,2,580.49,Artificial Intelligence,Beginner,0,2,2025-09-26,2025-11-12,Moderate (2-3)
U02327,richard59,29,26–35,Male,psavage@outlook.com,1,0.0,Data Science,Beginner,1,0,2025-09-16,2025-09-16,Single-Course (1)
U02328,wmorris,22,18–25,Female,katherinemason@gmail.com,3,415.51,Artificial Intelligence,Intermediate,2,1,2025-05-20,2025-11-25,Moderate (2-3)
U02329,julie53,35,26–35,Male,dpowell@outlook.com,1,0.0,Marketing,Intermediate,1,0,2025-03-25,2025-03-25,Single-Course (1)
U02330,grace46,29,26–35,Female,jeremy44@outlook.com,1,0.0,Web Development,Beginner,1,0,2025-11-15,2025-11-15,Single-Course (1)
U02331,xschwartz,25,18–25,Female,yfuller@hotmail.com,2,0.0,Design,Beginner,2,0,2025-07-21,2025-09-25,Moderate (2-3)
U02332,griffinjon,23,18–25,Male,johnsonashley@hotmail.com,2,277.15,Design,Advanced,0,2,2025-05-25,2025-06-14,Moderate (2-3)
U02333,heatherwilcox,32,26–35,Female,theresa63@outlook.com,3,415.51,Artificial Intelligence,Beginner,2,1,2025-01-14,2025-10-23,Moderate (2-3)
U02334,qcooper,23,18–25,Female,xcoleman@hotmail.com,2,0.78,Machine Learning,Advanced,1,1,2025-05-23,2025-09-08,Moderate (2-3)
U02335,bbean,25,18–25,Female,rfloyd@gmail.com,1,0.78,Machine Learning,Advanced,0,1,2025-03-12,2025-03-12,Single-Course (1)
U02336,xjones,17,<18,Female,kylerodriguez@yahoo.com,14,1228.11,Finance,Intermediate,7,7,2025-02-22,2025-12-08,Power Learner (8+)
U02337,zunigacassandra,18,18–25,Female,david03@gmail.com,13,1676.0300000000002,Business,Beginner,8,5,2025-01-04,2025-11-28,Power Learner (8+)
U02338,cobbkatherine,29,26–35,Female,brenda04@yahoo.com,1,0.0,Finance,Intermediate,1,0,2025-06-27,2025-06-27,Single-Course (1)
U02339,jacobsonpatrick,33,26–35,Female,alexandrawalker@gmail.com,1,285.05,Business,Beginner,0,1,2025-09-20,2025-09-20,Single-Course (1)
U02340,christineyates,20,18–25,Male,carnold@outlook.com,2,37.89,Machine Learning,Intermediate,1,1,2025-05-06,2025-06-23,Moderate (2-3)
U02341,jonathangarcia,17,<18,Male,jamesryan@gmail.com,13,957.45,Artificial Intelligence,Beginner,8,5,2025-01-30,2025-11-29,Power Learner (8+)
U02342,djenkins,21,18–25,Male,gomezelizabeth@outlook.com,2,89.59,Artificial Intelligence,Intermediate,1,1,2025-03-18,2025-07-16,Moderate (2-3)
U02343,sarah37,29,26–35,Male,jonesbeth@outlook.com,4,559.88,Machine Learning,Advanced,1,3,2025-06-11,2025-09-26,Active (4-7)
U02344,william94,26,26–35,Male,andrewwhite@yahoo.com,14,1335.99,Artificial Intelligence,Beginner,9,5,2025-01-20,2025-12-18,Power Learner (8+)
U02345,sherrylambert,31,26–35,Male,rvega@gmail.com,13,1047.8,Machine Learning,Advanced,9,4,2025-01-26,2025-10-16,Power Learner (8+)
U02346,mistychan,34,26–35,Male,fernando37@hotmail.com,1,394.26,Cybersecurity,Intermediate,0,1,2025-08-17,2025-08-17,Single-Course (1)
U02347,maryterry,27,26–35,Male,misty50@gmail.com,1,0.0,Cybersecurity,Intermediate,1,0,2025-07-09,2025-07-09,Single-Course (1)
U02348,sarahdean,20,18–25,Male,richardsonnicholas@yahoo.com,1,0.0,Cybersecurity,Intermediate,1,0,2025-10-03,2025-10-03,Single-Course (1)
U02349,hmcguire,27,26–35,Male,jennifersanchez@gmail.com,14,1028.3000000000002,Digital Marketing,Beginner,11,3,2025-01-18,2025-11-21,Power Learner (8+)
U02350,matthew42,31,26–35,Female,melinda98@outlook.com,2,295.02,Data Science,Advanced,0,2,2025-03-11,2025-09-06,Moderate (2-3)
U02351,cindyking,22,18–25,Female,colleen26@hotmail.com,2,0.0,Finance,Beginner,2,0,2025-03-11,2025-05-08,Moderate (2-3)
U02352,atkinslisa,30,26–35,Female,powellsean@gmail.com,3,299.57,Data Science,Intermediate,2,1,2025-01-05,2025-11-27,Moderate (2-3)
U02353,zleonard,16,<18,Male,ialvarez@gmail.com,1,0.0,Digital Marketing,Beginner,1,0,2025-05-07,2025-05-07,Single-Course (1)
U02354,melinda15,29,26–35,Female,allison85@outlook.com,1,487.92,Business,Advanced,0,1,2025-08-05,2025-08-05,Single-Course (1)
U02355,kathryn89,32,26–35,Female,eileenmason@hotmail.com,1,119.04,Finance,Intermediate,0,1,2025-03-02,2025-03-02,Single-Course (1)
U02356,wjimenez,35,26–35,Male,stevencampbell@gmail.com,1,0.0,Finance,Advanced,1,0,2025-03-05,2025-03-05,Single-Course (1)
U02357,tanya99,28,26–35,Female,malloryturner@yahoo.com,2,0.0,Business,Intermediate,2,0,2025-07-22,2025-09-30,Moderate (2-3)
U02358,cruzzachary,22,18–25,Male,palmerwhitney@yahoo.com,4,1066.8400000000001,Artificial Intelligence,Beginner,1,3,2025-01-26,2025-10-20,Active (4-7)
U02359,martinstacey,32,26–35,Female,singhlisa@yahoo.com,2,0.0,Data Science,Beginner,2,0,2025-07-12,2025-07-16,Moderate (2-3)
U02360,martin48,18,18–25,Female,william32@hotmail.com,1,0.0,Finance,Advanced,1,0,2025-11-20,2025-11-20,Single-Course (1)
U02361,timothyperez,26,26–35,Female,jennifer23@hotmail.com,2,327.99,Data Science,Beginner,1,1,2025-05-17,2025-07-15,Moderate (2-3)
U02362,julie09,33,26–35,Female,christopher48@hotmail.com,1,0.0,Design,Advanced,1,0,2025-02-08,2025-02-08,Single-Course (1)
U02363,lisaschmidt,15,<18,Male,madeline47@yahoo.com,1,487.92,Business,Advanced,0,1,2025-03-12,2025-03-12,Single-Course (1)
U02364,andrewjackson,29,26–35,Female,john07@outlook.com,1,299.57,Data Science,Beginner,0,1,2025-05-21,2025-05-21,Single-Course (1)
U02365,nstanton,34,26–35,Female,vancefrank@yahoo.com,1,0.0,Data Science,Intermediate,1,0,2025-02-17,2025-02-17,Single-Course (1)
U02366,willierichardson,19,18–25,Female,hector56@yahoo.com,1,0.0,Marketing,Intermediate,1,0,2025-08-27,2025-08-27,Single-Course (1)
U02367,ccooper,25,18–25,Male,carterkristina@hotmail.com,1,0.0,Business,Advanced,1,0,2025-08-06,2025-08-06,Single-Course (1)
U02368,amanda92,31,26–35,Male,kbarnes@yahoo.com,4,451.37,Data Science,Advanced,1,3,2025-01-27,2025-12-14,Active (4-7)
U02369,jennifer31,16,<18,Male,jonathanjenkins@yahoo.com,2,0.0,Digital Marketing,Beginner,2,0,2025-04-14,2025-10-30,Moderate (2-3)
U02370,zray,24,18–25,Male,curtiswendy@gmail.com,14,1092.76,Business,Intermediate,7,7,2025-01-12,2025-12-30,Power Learner (8+)
U02371,nicole03,34,26–35,Female,vellis@gmail.com,12,1569.6999999999998,Artificial Intelligence,Beginner,6,6,2025-01-02,2025-12-26,Power Learner (8+)
U02372,kevinmunoz,35,26–35,Male,travislewis@outlook.com,3,0.0,Cybersecurity,Intermediate,3,0,2025-01-28,2025-10-15,Moderate (2-3)
U02373,tommymiller,22,18–25,Male,robert31@gmail.com,2,487.92,Business,Intermediate,1,1,2025-10-29,2025-12-01,Moderate (2-3)
U02374,herreradavid,22,18–25,Male,chadtrujillo@gmail.com,3,0.78,Machine Learning,Advanced,2,1,2025-06-19,2025-10-25,Moderate (2-3)
U02375,jamesvelazquez,33,26–35,Female,loriolson@yahoo.com,1,276.37,Design,Advanced,0,1,2025-08-25,2025-08-25,Single-Course (1)
U02376,sharon88,19,18–25,Female,qshaffer@gmail.com,1,0.0,Design,Advanced,1,0,2025-06-20,2025-06-20,Single-Course (1)
U02377,cnavarro,35,26–35,Male,kristinhines@gmail.com,2,0.0,Business,Beginner,2,0,2025-08-16,2025-12-15,Moderate (2-3)
U02378,kevin20,23,18–25,Male,michaelbruce@hotmail.com,1,0.0,Digital Marketing,Intermediate,1,0,2025-06-16,2025-06-16,Single-Course (1)
U02379,billydonovan,20,18–25,Male,williamstracy@outlook.com,2,0.0,Business,Advanced,2,0,2025-03-12,2025-11-12,Moderate (2-3)
U02380,stephenyoung,24,18–25,Female,codyperez@outlook.com,3,720.28,Business,Intermediate,1,2,2025-01-05,2025-12-13,Moderate (2-3)
U02381,hhale,31,26–35,Female,anthonyorr@yahoo.com,1,415.51,Artificial Intelligence,Intermediate,0,1,2025-05-28,2025-05-28,Single-Course (1)
U02382,tiffany23,32,26–35,Male,torreschristopher@gmail.com,1,490.9,Artificial Intelligence,Beginner,0,1,2025-08-07,2025-08-07,Single-Course (1)
U02383,ewilson,21,18–25,Male,oarmstrong@gmail.com,1,0.0,Marketing,Intermediate,1,0,2025-04-23,2025-04-23,Single-Course (1)
U02384,oliverlori,22,18–25,Male,cochranjason@gmail.com,3,119.04,Artificial Intelligence,Beginner,2,1,2025-03-02,2025-06-16,Moderate (2-3)
U02385,laurasullivan,30,26–35,Male,anna98@hotmail.com,1,0.0,Cybersecurity,Beginner,1,0,2025-08-26,2025-08-26,Single-Course (1)
U02386,anna29,35,26–35,Male,smithkim@hotmail.com,4,299.57,Data Science,Beginner,3,1,2025-02-13,2025-10-03,Active (4-7)
U02387,jacobhall,31,26–35,Male,vmcbride@yahoo.com,1,0.0,Design,Advanced,1,0,2025-05-05,2025-05-05,Single-Course (1)
U02388,donald35,23,18–25,Male,austin14@hotmail.com,1,346.71,Project Management,Advanced,0,1,2025-08-11,2025-08-11,Single-Course (1)
U02389,edward86,33,26–35,Male,uperry@hotmail.com,2,177.34,Business,Advanced,1,1,2025-07-25,2025-08-14,Moderate (2-3)
U02390,jmurphy,28,26–35,Female,brooksjames@hotmail.com,2,472.28,Programming,Beginner,1,1,2025-06-28,2025-11-07,Moderate (2-3)
U02391,tinathomas,20,18–25,Female,jonathanwagner@outlook.com,1,0.0,Cybersecurity,Advanced,1,0,2025-01-15,2025-01-15,Single-Course (1)
U02392,jacobsonjason,21,18–25,Male,kjordan@hotmail.com,2,212.39,Digital Marketing,Intermediate,1,1,2025-01-19,2025-07-25,Moderate (2-3)
U02393,angela68,18,18–25,Male,daniel11@outlook.com,1,0.0,Web Development,Beginner,1,0,2025-05-25,2025-05-25,Single-Course (1)
U02394,edwardscolton,35,26–35,Male,hicksbrian@outlook.com,1,299.57,Data Science,Beginner,0,1,2025-08-21,2025-08-21,Single-Course (1)
U02395,bcox,32,26–35,Female,lrobles@outlook.com,3,0.0,Cybersecurity,Beginner,3,0,2025-02-14,2025-06-15,Moderate (2-3)
U02396,jody90,16,<18,Female,vhanson@gmail.com,1,212.39,Digital Marketing,Advanced,0,1,2025-03-04,2025-03-04,Single-Course (1)
U02397,qalvarado,22,18–25,Male,campbellmichelle@gmail.com,1,0.0,Programming,Beginner,1,0,2025-04-08,2025-04-08,Single-Course (1)
U02398,richardsonstephen,26,26–35,Female,qwalters@hotmail.com,2,248.88,Artificial Intelligence,Beginner,0,2,2025-05-15,2025-08-23,Moderate (2-3)
U02399,johnnunez,22,18–25,Male,okirk@hotmail.com,1,0.0,Marketing,Advanced,1,0,2025-10-23,2025-10-23,Single-Course (1)
U02400,rodriguezanthony,17,<18,Male,jenniferwolf@hotmail.com,1,0.0,Digital Marketing,Intermediate,1,0,2025-11-12,2025-11-12,Single-Course (1)
U02401,bturner,28,26–35,Male,marshallsuzanne@outlook.com,1,490.9,Artificial Intelligence,Beginner,0,1,2025-05-24,2025-05-24,Single-Course (1)
U02402,taylor51,19,18–25,Female,pricevictor@outlook.com,1,0.0,Business,Advanced,1,0,2025-11-02,2025-11-02,Single-Course (1)
U02403,rivasamanda,18,18–25,Female,cclark@hotmail.com,1,0.0,Cybersecurity,Advanced,1,0,2025-08-14,2025-08-14,Single-Course (1)
U02404,nmoreno,28,26–35,Male,dylan47@hotmail.com,2,53.86,Finance,Beginner,1,1,2025-06-09,2025-06-22,Moderate (2-3)
U02405,brooksmichael,25,18–25,Female,kavila@yahoo.com,1,0.0,Web Development,Beginner,1,0,2025-06-29,2025-06-29,Single-Course (1)
U02406,stoutjames,23,18–25,Female,combsjeffrey@gmail.com,2,314.26,Design,Advanced,0,2,2025-02-11,2025-04-15,Moderate (2-3)
U02407,narroyo,27,26–35,Male,sandra79@outlook.com,2,0.0,Cybersecurity,Beginner,2,0,2025-05-13,2025-07-28,Moderate (2-3)
U02408,ynixon,34,26–35,Female,bbrown@hotmail.com,1,0.0,Machine Learning,Beginner,1,0,2025-05-15,2025-05-15,Single-Course (1)
U02409,catherine06,24,18–25,Female,rachelclark@yahoo.com,1,0.0,Machine Learning,Intermediate,1,0,2025-09-23,2025-09-23,Single-Course (1)
U02410,vblackburn,18,18–25,Male,sandra06@yahoo.com,12,1444.1200000000001,Digital Marketing,Intermediate,7,5,2025-02-05,2025-12-24,Power Learner (8+)
U02411,swansonjose,31,26–35,Female,ybutler@yahoo.com,1,37.89,Web Development,Advanced,0,1,2025-08-16,2025-08-16,Single-Course (1)
U02412,kirbycharles,15,<18,Female,robin34@hotmail.com,1,0.0,Marketing,Advanced,1,0,2025-09-26,2025-09-26,Single-Course (1)
U02413,umata,25,18–25,Male,angela36@gmail.com,2,0.0,Finance,Intermediate,2,0,2025-03-08,2025-08-23,Moderate (2-3)
U02414,jessica21,21,18–25,Male,reneeperez@yahoo.com,3,472.28,Programming,Beginner,2,1,2025-06-22,2025-08-21,Moderate (2-3)
U02415,matthewchaney,33,26–35,Male,angela30@hotmail.com,11,1568.17,Artificial Intelligence,Beginner,4,7,2025-01-15,2025-11-17,Power Learner (8+)
U02416,jessica99,24,18–25,Female,allenrodriguez@yahoo.com,1,0.0,Design,Advanced,1,0,2025-08-04,2025-08-04,Single-Course (1)
U02417,leslienolan,34,26–35,Female,broth@yahoo.com,1,0.0,Marketing,Advanced,1,0,2025-09-23,2025-09-23,Single-Course (1)
U02418,carrollmartin,23,18–25,Male,randysanchez@yahoo.com,1,0.0,Machine Learning,Intermediate,1,0,2025-05-27,2025-05-27,Single-Course (1)
U02419,ujones,17,<18,Female,wilsonmark@gmail.com,1,0.0,Data Science,Intermediate,1,0,2025-10-03,2025-10-03,Single-Course (1)
U02420,valdezbarbara,20,18–25,Female,canthony@gmail.com,1,0.0,Marketing,Intermediate,1,0,2025-05-19,2025-05-19,Single-Course (1)
U02421,brownsteven,15,<18,Female,hramos@hotmail.com,1,0.0,Finance,Intermediate,1,0,2025-04-17,2025-04-17,Single-Course (1)
U02422,bridgetrivera,21,18–25,Female,vanessawhitehead@hotmail.com,1,57.32,Web Development,Advanced,0,1,2025-11-14,2025-11-14,Single-Course (1)
U02423,bassemily,32,26–35,Female,nswanson@hotmail.com,2,445.67,Data Science,Beginner,0,2,2025-07-13,2025-10-10,Moderate (2-3)
U02424,chadcollins,31,26–35,Female,qbauer@yahoo.com,1,0.0,Machine Learning,Intermediate,1,0,2025-07-23,2025-07-23,Single-Course (1)
U02425,brittany68,24,18–25,Female,woodsjordan@outlook.com,2,0.0,Artificial Intelligence,Beginner,2,0,2025-03-01,2025-10-26,Moderate (2-3)
U02426,lindamiller,19,18–25,Female,julie78@outlook.com,1,299.57,Data Science,Beginner,0,1,2025-09-17,2025-09-17,Single-Course (1)
U02427,vincent89,31,26–35,Female,lorihernandez@hotmail.com,15,893.0000000000001,Web Development,Beginner,9,6,2025-01-01,2025-08-09,Power Learner (8+)
U02428,buckandrea,30,26–35,Male,emmacarr@yahoo.com,2,548.22,Artificial Intelligence,Beginner,0,2,2025-03-10,2025-05-02,Moderate (2-3)
U02429,kylie71,30,26–35,Female,johnmorales@gmail.com,3,0.0,Programming,Beginner,3,0,2025-06-01,2025-10-28,Moderate (2-3)
U02430,brianhunter,29,26–35,Male,ramirezchristine@outlook.com,1,0.0,Web Development,Beginner,1,0,2025-08-19,2025-08-19,Single-Course (1)
U02431,jamesturner,16,<18,Male,phillipblack@yahoo.com,1,327.99,Project Management,Beginner,0,1,2025-04-10,2025-04-10,Single-Course (1)
U02432,gyoung,30,26–35,Female,bgonzalez@outlook.com,15,1593.46,Data Science,Beginner,9,6,2025-01-11,2025-12-09,Power Learner (8+)
U02433,snowjoseph,15,<18,Female,lisa03@yahoo.com,1,117.68,Data Science,Advanced,0,1,2025-04-17,2025-04-17,Single-Course (1)
U02434,mooremathew,31,26–35,Male,john15@yahoo.com,1,0.0,Programming,Beginner,1,0,2025-09-08,2025-09-08,Single-Course (1)
U02435,destiny40,17,<18,Male,veronica90@gmail.com,1,487.92,Business,Advanced,0,1,2025-10-18,2025-10-18,Single-Course (1)
U02436,janet40,16,<18,Male,brownpatty@outlook.com,3,445.67,Data Science,Beginner,1,2,2025-02-06,2025-08-16,Moderate (2-3)
U02437,trevortorres,15,<18,Male,jamie99@gmail.com,1,0.0,Marketing,Advanced,1,0,2025-11-17,2025-11-17,Single-Course (1)
U02438,millersandra,28,26–35,Female,daniel65@gmail.com,1,0.0,Cybersecurity,Advanced,1,0,2025-11-17,2025-11-17,Single-Course (1)
U02439,stokestiffany,22,18–25,Female,longlisa@gmail.com,1,276.37,Design,Advanced,0,1,2025-08-18,2025-08-18,Single-Course (1)
U02440,foxleah,26,26–35,Female,clarkfrancisco@hotmail.com,1,0.0,Marketing,Intermediate,1,0,2025-02-22,2025-02-22,Single-Course (1)
U02441,rebekahtate,33,26–35,Male,donaldmorton@hotmail.com,1,0.0,Digital Marketing,Beginner,1,0,2025-04-09,2025-04-09,Single-Course (1)
U02442,madisonmoore,23,18–25,Male,boothjames@hotmail.com,1,0.0,Finance,Intermediate,1,0,2025-11-25,2025-11-25,Single-Course (1)
U02443,jeremy50,22,18–25,Female,warnermichael@gmail.com,2,95.21000000000001,Web Development,Advanced,0,2,2025-05-14,2025-11-03,Moderate (2-3)
U02444,karen32,28,26–35,Female,donaldlucas@gmail.com,1,0.0,Cybersecurity,Intermediate,1,0,2025-10-16,2025-10-16,Single-Course (1)
U02445,smithtyler,26,26–35,Female,jessica44@gmail.com,14,1507.12,Machine Learning,Intermediate,8,6,2025-02-19,2025-12-24,Power Learner (8+)
U02446,frankrobinson,29,26–35,Male,kristinyu@outlook.com,2,490.9,Artificial Intelligence,Beginner,1,1,2025-09-30,2025-12-07,Moderate (2-3)
U02447,johnsmith,31,26–35,Female,chelseagriffith@gmail.com,1,0.0,Design,Advanced,1,0,2025-04-06,2025-04-06,Single-Course (1)
U02448,bendertrevor,17,<18,Male,whiteryan@outlook.com,2,0.0,Design,Intermediate,2,0,2025-05-22,2025-09-16,Moderate (2-3)
U02449,sandraunderwood,32,26–35,Male,ymarquez@gmail.com,1,285.05,Business,Beginner,0,1,2025-06-27,2025-06-27,Single-Course (1)
U02450,kendrakirk,30,26–35,Female,michellewalker@yahoo.com,1,0.0,Machine Learning,Intermediate,1,0,2025-01-25,2025-01-25,Single-Course (1)
U02451,vrivera,31,26–35,Male,katiespencer@hotmail.com,2,0.0,Marketing,Beginner,2,0,2025-08-02,2025-09-10,Moderate (2-3)
U02452,sarah62,23,18–25,Female,jacobgarner@yahoo.com,2,0.0,Design,Beginner,2,0,2025-06-02,2025-11-28,Moderate (2-3)
U02453,mharris,29,26–35,Female,zking@outlook.com,1,212.39,Digital Marketing,Advanced,0,1,2025-11-11,2025-11-11,Single-Course (1)
U02454,chelseabeck,28,26–35,Male,eallen@outlook.com,2,0.0,Business,Advanced,2,0,2025-05-29,2025-07-02,Moderate (2-3)
U02455,thompsonchristopher,34,26–35,Male,ronaldkaiser@outlook.com,1,0.0,Business,Advanced,1,0,2025-03-01,2025-03-01,Single-Course (1)
U02456,tristanwood,35,26–35,Male,jacobsonpeter@gmail.com,1,0.0,Cybersecurity,Intermediate,1,0,2025-06-29,2025-06-29,Single-Course (1)
U02457,melindahill,31,26–35,Female,icervantes@gmail.com,1,0.0,Data Science,Intermediate,1,0,2025-04-06,2025-04-06,Single-Course (1)
U02458,ushelton,26,26–35,Female,bensontracey@yahoo.com,2,443.7,Business,Intermediate,0,2,2025-10-26,2025-12-16,Moderate (2-3)
U02459,ayersmartha,33,26–35,Male,sharonsilva@yahoo.com,12,625.46,Design,Beginner,9,3,2025-04-13,2025-12-24,Power Learner (8+)
U02460,reyesashley,21,18–25,Female,jasonsnyder@gmail.com,1,0.0,Cybersecurity,Advanced,1,0,2025-11-16,2025-11-16,Single-Course (1)
U02461,krystal97,15,<18,Female,beckerrussell@hotmail.com,2,0.0,Business,Advanced,2,0,2025-04-26,2025-06-23,Moderate (2-3)
U02462,martinezmegan,26,26–35,Male,omiller@yahoo.com,1,327.99,Project Management,Beginner,0,1,2025-03-05,2025-03-05,Single-Course (1)
U02463,trujillocory,29,26–35,Male,kristincisneros@yahoo.com,1,0.0,Project Management,Beginner,1,0,2025-08-18,2025-08-18,Single-Course (1)
U02464,wendy76,21,18–25,Female,timothyreilly@outlook.com,1,0.0,Programming,Beginner,1,0,2025-08-14,2025-08-14,Single-Course (1)
U02465,umccormick,27,26–35,Male,danielkelly@hotmail.com,2,0.0,Design,Beginner,2,0,2025-06-12,2025-12-14,Moderate (2-3)
U02466,paul83,23,18–25,Male,morrisshelby@outlook.com,4,365.96000000000004,Artificial Intelligence,Intermediate,2,2,2025-02-12,2025-07-17,Active (4-7)
U02467,careyroger,19,18–25,Male,justinchen@hotmail.com,1,0.0,Digital Marketing,Beginner,1,0,2025-06-21,2025-06-21,Single-Course (1)
U02468,morriscrystal,29,26–35,Female,odombrian@gmail.com,3,0.0,Data Science,Intermediate,3,0,2025-02-04,2025-07-05,Moderate (2-3)
U02469,tiffany70,21,18–25,Male,jonespaul@gmail.com,2,0.0,Programming,Beginner,2,0,2025-05-29,2025-12-11,Moderate (2-3)
U02470,jillhaynes,34,26–35,Male,josephwalker@outlook.com,13,734.3199999999999,Design,Beginner,9,4,2025-01-26,2025-12-16,Power Learner (8+)
U02471,kelly63,16,<18,Female,jose38@outlook.com,1,326.02,Business,Intermediate,0,1,2025-01-03,2025-01-03,Single-Course (1)
U02472,tina16,17,<18,Male,forbeskatie@yahoo.com,1,0.0,Finance,Beginner,1,0,2025-01-04,2025-01-04,Single-Course (1)
U02473,angela83,31,26–35,Female,scardenas@outlook.com,1,0.0,Cybersecurity,Beginner,1,0,2025-09-13,2025-09-13,Single-Course (1)
U02474,prodriguez,27,26–35,Male,phicks@yahoo.com,1,0.0,Machine Learning,Intermediate,1,0,2025-05-23,2025-05-23,Single-Course (1)
U02475,wilsoncynthia,35,26–35,Male,zchavez@hotmail.com,1,0.0,Marketing,Intermediate,1,0,2025-06-25,2025-06-25,Single-Course (1)
U02476,wfigueroa,34,26–35,Female,reyeskaylee@gmail.com,1,0.0,Cybersecurity,Advanced,1,0,2025-08-29,2025-08-29,Single-Course (1)
U02477,ryanrobin,17,<18,Male,dunnangelica@gmail.com,1,342.61,Project Management,Intermediate,0,1,2025-10-17,2025-10-17,Single-Course (1)
U02478,ryan22,30,26–35,Male,carrillodawn@outlook.com,2,490.9,Artificial Intelligence,Beginner,1,1,2025-02-17,2025-07-03,Moderate (2-3)
U02479,scottadams,19,18–25,Female,matakimberly@gmail.com,4,285.05,Business,Beginner,3,1,2025-01-04,2025-10-15,Active (4-7)
U02480,walshjerry,35,26–35,Male,bill47@yahoo.com,1,0.0,Digital Marketing,Intermediate,1,0,2025-09-26,2025-09-26,Single-Course (1)
U02481,steven03,29,26–35,Male,teresa68@gmail.com,1,0.0,Marketing,Advanced,1,0,2025-05-10,2025-05-10,Single-Course (1)
U02482,jenniferharris,35,26–35,Male,amyperez@hotmail.com,2,0.0,Artificial Intelligence,Beginner,2,0,2025-01-07,2025-11-11,Moderate (2-3)
U02483,nicole09,25,18–25,Male,ahuang@hotmail.com,1,0.0,Cybersecurity,Beginner,1,0,2025-10-09,2025-10-09,Single-Course (1)
U02484,newmanangela,25,18–25,Female,sarahburnett@gmail.com,4,285.05,Business,Beginner,3,1,2025-01-21,2025-07-16,Active (4-7)
U02485,christopherstevenson,22,18–25,Male,cnavarro@hotmail.com,14,621.35,Marketing,Advanced,10,4,2025-03-20,2025-12-26,Power Learner (8+)
U02486,browntonya,29,26–35,Male,susan38@outlook.com,2,177.34,Digital Marketing,Intermediate,1,1,2025-01-30,2025-12-02,Moderate (2-3)
U02487,glivingston,23,18–25,Male,brittany60@hotmail.com,1,0.0,Marketing,Advanced,1,0,2025-01-25,2025-01-25,Single-Course (1)
U02488,daniellealexander,27,26–35,Female,mcclurejames@outlook.com,1,0.0,Data Science,Intermediate,1,0,2025-05-05,2025-05-05,Single-Course (1)
U02489,thompsonanne,18,18–25,Male,zwright@gmail.com,1,0.0,Data Science,Beginner,1,0,2025-08-14,2025-08-14,Single-Course (1)
U02490,xmoore,24,18–25,Female,richardbrown@yahoo.com,13,0.78,Data Science,Beginner,12,1,2025-01-06,2025-12-27,Power Learner (8+)
U02491,jameschristensen,17,<18,Female,leekathleen@gmail.com,1,0.0,Finance,Beginner,1,0,2025-12-14,2025-12-14,Single-Course (1)
U02492,courtneytyler,19,18–25,Male,brandynorris@hotmail.com,1,0.0,Cybersecurity,Intermediate,1,0,2025-05-16,2025-05-16,Single-Course (1)
U02493,heatherwebster,22,18–25,Female,riverastanley@outlook.com,1,0.0,Cybersecurity,Intermediate,1,0,2025-10-18,2025-10-18,Single-Course (1)
U02494,cory11,32,26–35,Male,othomas@yahoo.com,1,0.0,Machine Learning,Intermediate,1,0,2025-09-21,2025-09-21,Single-Course (1)
U02495,bdavis,28,26–35,Male,natalie97@gmail.com,2,89.59,Artificial Intelligence,Beginner,1,1,2025-01-27,2025-06-26,Moderate (2-3)
U02496,luke25,33,26–35,Female,raven54@gmail.com,1,0.0,Design,Advanced,1,0,2025-06-28,2025-06-28,Single-Course (1)
U02497,margaret73,26,26–35,Female,rushshawn@outlook.com,2,0.0,Cybersecurity,Beginner,2,0,2025-12-02,2025-12-28,Moderate (2-3)
U02498,dylan64,20,18–25,Female,qcollins@hotmail.com,1,0.0,Programming,Beginner,1,0,2025-09-05,2025-09-05,Single-Course (1)
U02499,farrellkeith,28,26–35,Male,mcclaindana@yahoo.com,1,0.0,Web Development,Advanced,1,0,2025-08-13,2025-08-13,Single-Course (1)
U02500,brett07,29,26–35,Male,stephaniejohnson@hotmail.com,1,0.0,Marketing,Intermediate,1,0,2025-10-04,2025-10-04,Single-Course (1)
U02501,ggrant,16,<18,Female,brent60@outlook.com,1,0.0,Project Management,Intermediate,1,0,2025-06-28,2025-06-28,Single-Course (1)
U02502,marie50,16,<18,Female,dianeowen@yahoo.com,1,0.0,Business,Advanced,1,0,2025-03-17,2025-03-17,Single-Course (1)
U02503,nholt,16,<18,Female,robert11@gmail.com,2,0.0,Cybersecurity,Intermediate,2,0,2025-06-08,2025-08-11,Moderate (2-3)
U02504,omoon,34,26–35,Female,gbaldwin@yahoo.com,4,326.02,Business,Advanced,3,1,2025-01-07,2025-11-09,Active (4-7)
U02505,kristieharris,35,26–35,Female,lisa70@hotmail.com,1,248.1,Artificial Intelligence,Beginner,0,1,2025-11-29,2025-11-29,Single-Course (1)
U02506,jasongriffin,16,<18,Female,hendersonmichael@gmail.com,1,285.05,Business,Beginner,0,1,2025-02-08,2025-02-08,Single-Course (1)
U02507,millerlindsay,32,26–35,Female,rossseth@gmail.com,1,0.0,Cybersecurity,Advanced,1,0,2025-08-15,2025-08-15,Single-Course (1)
U02508,athomas,32,26–35,Male,rbailey@yahoo.com,1,0.0,Design,Beginner,1,0,2025-01-01,2025-01-01,Single-Course (1)
U02509,robert07,24,18–25,Male,greencheryl@hotmail.com,3,0.78,Business,Advanced,2,1,2025-07-06,2025-12-19,Moderate (2-3)
U02510,pamela57,23,18–25,Male,bernardmorgan@hotmail.com,2,0.0,Programming,Beginner,2,0,2025-11-28,2025-12-11,Moderate (2-3)
U02511,vasquezmichael,30,26–35,Female,abates@hotmail.com,1,0.0,Programming,Intermediate,1,0,2025-07-02,2025-07-02,Single-Course (1)
U02512,qruiz,15,<18,Female,klineelizabeth@yahoo.com,14,934.95,Project Management,Intermediate,11,3,2025-01-15,2025-12-12,Power Learner (8+)
U02513,thompsonmegan,23,18–25,Male,iferguson@yahoo.com,1,472.28,Programming,Beginner,0,1,2025-01-06,2025-01-06,Single-Course (1)
U02514,brendan22,17,<18,Male,william83@yahoo.com,2,0.0,Artificial Intelligence,Beginner,2,0,2025-05-07,2025-09-01,Moderate (2-3)
U02515,nicole11,15,<18,Male,theresawilliams@gmail.com,11,996.46,Cybersecurity,Beginner,5,6,2025-02-04,2025-11-30,Power Learner (8+)
U02516,gpatrick,32,26–35,Male,rbarnes@yahoo.com,1,0.0,Marketing,Advanced,1,0,2025-07-06,2025-07-06,Single-Course (1)
U02517,brenda54,30,26–35,Female,kevinhill@yahoo.com,2,464.39,Data Science,Advanced,0,2,2025-04-07,2025-06-25,Moderate (2-3)
U02518,jgonzales,19,18–25,Female,tranrodney@outlook.com,1,0.0,Programming,Intermediate,1,0,2025-06-16,2025-06-16,Single-Course (1)
U02519,christina77,29,26–35,Male,vpeters@hotmail.com,2,89.59,Artificial Intelligence,Beginner,1,1,2025-09-20,2025-09-21,Moderate (2-3)
U02520,stephanie87,29,26–35,Male,racheljohnson@yahoo.com,1,0.0,Artificial Intelligence,Beginner,1,0,2025-03-17,2025-03-17,Single-Course (1)
U02521,virginiamckee,25,18–25,Male,danielvasquez@hotmail.com,4,89.59,Artificial Intelligence,Intermediate,3,1,2025-03-30,2025-11-13,Active (4-7)
U02522,lrobles,21,18–25,Female,kevinwilson@outlook.com,1,117.68,Data Science,Advanced,0,1,2025-12-04,2025-12-04,Single-Course (1)
U02523,brookscarrie,31,26–35,Male,paulcarey@outlook.com,1,0.0,Finance,Advanced,1,0,2025-10-18,2025-10-18,Single-Course (1)
U02524,gloriarollins,32,26–35,Male,camposmaria@gmail.com,1,0.0,Digital Marketing,Intermediate,1,0,2025-01-02,2025-01-02,Single-Course (1)
U02525,thomasjulie,25,18–25,Male,johnsonjared@outlook.com,1,0.0,Machine Learning,Beginner,1,0,2025-08-28,2025-08-28,Single-Course (1)
U02526,maria48,30,26–35,Female,floydchad@gmail.com,2,461.65000000000003,Finance,Intermediate,0,2,2025-09-08,2025-10-23,Moderate (2-3)
U02527,coleroy,32,26–35,Female,stacyhill@yahoo.com,1,0.0,Project Management,Beginner,1,0,2025-07-08,2025-07-08,Single-Course (1)
U02528,robert60,35,26–35,Male,aaronbishop@outlook.com,1,0.0,Finance,Beginner,1,0,2025-09-05,2025-09-05,Single-Course (1)
U02529,dunnamy,17,<18,Female,carpentercourtney@outlook.com,3,299.57,Data Science,Beginner,2,1,2025-03-04,2025-06-09,Moderate (2-3)
U02530,jblanchard,21,18–25,Male,dana90@outlook.com,1,472.28,Programming,Beginner,0,1,2025-04-27,2025-04-27,Single-Course (1)
U02531,mikemcmahon,22,18–25,Female,kayla45@hotmail.com,4,0.0,Machine Learning,Intermediate,4,0,2025-01-15,2025-11-18,Active (4-7)
U02532,haley17,26,26–35,Male,adam37@outlook.com,1,0.0,Data Science,Intermediate,1,0,2025-02-13,2025-02-13,Single-Course (1)
U02533,alan48,18,18–25,Female,patrick75@hotmail.com,1,0.0,Programming,Intermediate,1,0,2025-04-23,2025-04-23,Single-Course (1)
U02534,toddthomas,25,18–25,Female,brandon22@gmail.com,2,0.0,Design,Beginner,2,0,2025-02-26,2025-12-28,Moderate (2-3)
U02535,scottwallace,26,26–35,Female,crystalwood@yahoo.com,2,327.99,Machine Learning,Beginner,1,1,2025-03-01,2025-07-30,Moderate (2-3)
U02536,mark89,16,<18,Male,jennifer15@gmail.com,2,0.0,Web Development,Beginner,2,0,2025-09-23,2025-10-06,Moderate (2-3)
U02537,patriciaherrera,31,26–35,Female,randerson@yahoo.com,12,1763.0500000000002,Artificial Intelligence,Beginner,6,6,2025-02-08,2025-09-25,Power Learner (8+)
U02538,ogregory,18,18–25,Male,meyerhenry@hotmail.com,1,0.0,Cybersecurity,Intermediate,1,0,2025-06-19,2025-06-19,Single-Course (1)
U02539,echristian,20,18–25,Female,ryan43@outlook.com,2,394.26,Cybersecurity,Beginner,1,1,2025-04-05,2025-12-30,Moderate (2-3)
U02540,dphillips,33,26–35,Female,amy41@gmail.com,15,1028.3,Artificial Intelligence,Beginner,10,5,2025-01-07,2025-12-16,Power Learner (8+)
U02541,rubiomichelle,18,18–25,Female,probinson@yahoo.com,13,1775.24,Artificial Intelligence,Beginner,7,6,2025-01-30,2025-12-27,Power Learner (8+)
U02542,zholloway,35,26–35,Female,castanedaryan@outlook.com,13,815.93,Machine Learning,Advanced,8,5,2025-01-16,2025-12-04,Power Learner (8+)
U02543,rayduncan,28,26–35,Male,dianamendoza@outlook.com,1,0.0,Artificial Intelligence,Beginner,1,0,2025-08-22,2025-08-22,Single-Course (1)
U02544,omarhill,29,26–35,Male,laura10@outlook.com,1,490.9,Artificial Intelligence,Beginner,0,1,2025-11-21,2025-11-21,Single-Course (1)
U02545,dianewebster,16,<18,Female,urosales@outlook.com,2,0.0,Cybersecurity,Intermediate,2,0,2025-01-07,2025-05-08,Moderate (2-3)
U02546,smithamy,27,26–35,Female,ufrazier@yahoo.com,1,285.05,Business,Beginner,0,1,2025-12-08,2025-12-08,Single-Course (1)
U02547,ryanallen,30,26–35,Female,toliver@gmail.com,1,0.0,Data Science,Intermediate,1,0,2025-01-01,2025-01-01,Single-Course (1)
U02548,stephenclark,25,18–25,Male,ctaylor@gmail.com,2,487.92,Business,Intermediate,1,1,2025-02-04,2025-09-23,Moderate (2-3)
U02549,andrewatkins,27,26–35,Male,annaroth@gmail.com,1,0.0,Cybersecurity,Advanced,1,0,2025-10-13,2025-10-13,Single-Course (1)
U02550,rebeccajones,18,18–25,Male,belindaandrews@gmail.com,1,327.99,Project Management,Beginner,0,1,2025-08-02,2025-08-02,Single-Course (1)
U02551,schneidermary,25,18–25,Male,reillylee@yahoo.com,1,0.0,Web Development,Advanced,1,0,2025-05-03,2025-05-03,Single-Course (1)
U02552,donovandylan,27,26–35,Male,chambersrobert@yahoo.com,1,0.0,Design,Beginner,1,0,2025-07-13,2025-07-13,Single-Course (1)
U02553,richardmoreno,35,26–35,Female,elizabeth94@hotmail.com,2,487.92,Business,Intermediate,1,1,2025-10-10,2025-11-15,Moderate (2-3)
U02554,sandersmarcia,32,26–35,Male,philip02@outlook.com,1,299.57,Data Science,Beginner,0,1,2025-04-26,2025-04-26,Single-Course (1)
U02555,smithlauren,15,<18,Male,charlestapia@hotmail.com,1,0.0,Design,Beginner,1,0,2025-01-10,2025-01-10,Single-Course (1)
U02556,andersonraymond,18,18–25,Female,amy65@gmail.com,1,276.37,Design,Advanced,0,1,2025-10-14,2025-10-14,Single-Course (1)
U02557,heatherdurham,25,18–25,Female,elizabeth11@hotmail.com,1,0.0,Artificial Intelligence,Beginner,1,0,2025-02-19,2025-02-19,Single-Course (1)
U02558,emily94,23,18–25,Female,bbowman@hotmail.com,4,0.78,Cybersecurity,Intermediate,3,1,2025-01-20,2025-05-21,Active (4-7)
U02559,shermanryan,33,26–35,Female,april23@yahoo.com,1,0.0,Design,Advanced,1,0,2025-09-27,2025-09-27,Single-Course (1)
U02560,nicole69,22,18–25,Male,samantha87@outlook.com,1,0.0,Data Science,Beginner,1,0,2025-06-20,2025-06-20,Single-Course (1)
U02561,lewisbrian,33,26–35,Male,christinajohnson@gmail.com,1,0.0,Marketing,Intermediate,1,0,2025-07-15,2025-07-15,Single-Course (1)
U02562,richardsonryan,18,18–25,Male,froberts@hotmail.com,4,326.02,Business,Beginner,3,1,2025-01-27,2025-12-26,Active (4-7)
U02563,josephpatton,27,26–35,Male,cheyenneyoung@hotmail.com,1,0.0,Cybersecurity,Intermediate,1,0,2025-07-25,2025-07-25,Single-Course (1)
U02564,johnwallace,19,18–25,Female,nicoleperez@yahoo.com,13,1558.96,Cybersecurity,Beginner,7,6,2025-02-25,2025-12-15,Power Learner (8+)
U02565,hgibson,32,26–35,Male,kmay@gmail.com,1,327.99,Project Management,Beginner,0,1,2025-09-01,2025-09-01,Single-Course (1)
U02566,stevenbennett,30,26–35,Female,hayesbradley@outlook.com,14,1608.62,Programming,Beginner,9,5,2025-01-08,2025-12-28,Power Learner (8+)
U02567,jeremycunningham,35,26–35,Male,gchavez@hotmail.com,1,0.0,Machine Learning,Advanced,1,0,2025-08-02,2025-08-02,Single-Course (1)
U02568,parker04,33,26–35,Female,mjackson@gmail.com,2,0.0,Digital Marketing,Beginner,2,0,2025-04-27,2025-06-29,Moderate (2-3)
U02569,gomezjoseph,35,26–35,Female,natalie36@outlook.com,1,0.0,Design,Advanced,1,0,2025-06-04,2025-06-04,Single-Course (1)
U02570,jasonlopez,25,18–25,Female,taylorjohn@yahoo.com,1,472.28,Programming,Beginner,0,1,2025-11-23,2025-11-23,Single-Course (1)
U02571,youngmarcus,20,18–25,Female,zwilliams@hotmail.com,1,0.0,Cybersecurity,Intermediate,1,0,2025-09-28,2025-09-28,Single-Course (1)
U02572,michaelrivera,33,26–35,Female,millermatthew@outlook.com,1,0.0,Design,Advanced,1,0,2025-12-10,2025-12-10,Single-Course (1)
U02573,christinaduncan,28,26–35,Female,williamsjessica@hotmail.com,1,0.0,Programming,Beginner,1,0,2025-06-24,2025-06-24,Single-Course (1)
U02574,whitneyharris,24,18–25,Male,jeremy77@yahoo.com,1,346.71,Project Management,Advanced,0,1,2025-09-21,2025-09-21,Single-Course (1)
U02575,burtonjill,30,26–35,Female,aprilmiller@hotmail.com,2,285.05,Business,Beginner,1,1,2025-05-12,2025-11-20,Moderate (2-3)
U02576,jlucas,17,<18,Female,alicia11@outlook.com,1,117.68,Data Science,Advanced,0,1,2025-01-15,2025-01-15,Single-Course (1)
U02577,wlogan,21,18–25,Female,dennissilva@yahoo.com,2,285.05,Business,Beginner,1,1,2025-03-27,2025-08-28,Moderate (2-3)
U02578,dawnthomas,15,<18,Male,dcarroll@outlook.com,1,0.0,Finance,Beginner,1,0,2025-10-12,2025-10-12,Single-Course (1)
U02579,john68,28,26–35,Female,edwardskayla@gmail.com,1,0.0,Marketing,Intermediate,1,0,2025-02-26,2025-02-26,Single-Course (1)
U02580,schneidercourtney,17,<18,Female,smithrebecca@gmail.com,1,285.05,Business,Beginner,0,1,2025-10-01,2025-10-01,Single-Course (1)
U02581,aaronmitchell,22,18–25,Female,rwashington@yahoo.com,2,346.71,Marketing,Intermediate,1,1,2025-03-02,2025-05-21,Moderate (2-3)
U02582,denisefuller,23,18–25,Male,colontonya@gmail.com,15,648.64,Cybersecurity,Beginner,12,3,2025-01-05,2025-12-24,Power Learner (8+)
U02583,benjamin13,33,26–35,Male,traceyromero@outlook.com,14,759.8600000000001,Data Science,Beginner,11,3,2025-03-25,2025-12-29,Power Learner (8+)
U02584,hobbstonya,20,18–25,Male,walkerandrea@outlook.com,2,0.78,Cybersecurity,Advanced,1,1,2025-03-30,2025-07-05,Moderate (2-3)
U02585,ashields,32,26–35,Male,weaverkatherine@outlook.com,2,465.75,Finance,Intermediate,0,2,2025-06-08,2025-06-19,Moderate (2-3)
U02586,kbaker,23,18–25,Male,meganshea@hotmail.com,1,0.0,Artificial Intelligence,Beginner,1,0,2025-08-28,2025-08-28,Single-Course (1)
U02587,sgonzales,30,26–35,Male,heather05@gmail.com,2,285.05,Business,Beginner,1,1,2025-06-01,2025-12-16,Moderate (2-3)
U02588,amycortez,18,18–25,Male,stephanie24@outlook.com,1,415.51,Artificial Intelligence,Intermediate,0,1,2025-07-15,2025-07-15,Single-Course (1)
U02589,davidfrancis,26,26–35,Female,mercedessmith@yahoo.com,1,0.78,Machine Learning,Advanced,0,1,2025-10-10,2025-10-10,Single-Course (1)
U02590,michaelwilliams,20,18–25,Male,harrisonmatthew@gmail.com,2,248.1,Artificial Intelligence,Beginner,1,1,2025-03-01,2025-03-18,Moderate (2-3)
U02591,oberry,33,26–35,Male,catherinemalone@gmail.com,1,0.0,Machine Learning,Intermediate,1,0,2025-04-24,2025-04-24,Single-Course (1)
U02592,gibbsbrian,15,<18,Male,andreanewman@outlook.com,2,472.28,Cybersecurity,Beginner,1,1,2025-09-29,2025-10-28,Moderate (2-3)
U02593,thunter,16,<18,Male,uroberts@gmail.com,12,1432.53,Cybersecurity,Beginner,8,4,2025-01-02,2025-10-04,Power Learner (8+)
U02594,dawn83,18,18–25,Female,jermaine63@hotmail.com,1,327.99,Project Management,Beginner,0,1,2025-11-26,2025-11-26,Single-Course (1)
U02595,jrogers,17,<18,Male,aaron43@gmail.com,1,0.78,Machine Learning,Advanced,0,1,2025-11-28,2025-11-28,Single-Course (1)
U02596,dickersoneugene,19,18–25,Female,kevinclements@hotmail.com,1,212.39,Digital Marketing,Advanced,0,1,2025-05-18,2025-05-18,Single-Course (1)
U02597,tarnold,17,<18,Female,samantha35@outlook.com,2,269.71,Digital Marketing,Advanced,0,2,2025-03-19,2025-12-02,Moderate (2-3)
U02598,nicole35,25,18–25,Female,ericgallegos@outlook.com,1,0.0,Data Science,Intermediate,1,0,2025-04-13,2025-04-13,Single-Course (1)
U02599,joel17,33,26–35,Female,zbrock@gmail.com,2,436.29999999999995,Artificial Intelligence,Intermediate,0,2,2025-03-02,2025-07-08,Moderate (2-3)
U02600,howardpotter,17,<18,Male,ngates@outlook.com,3,623.0799999999999,Cybersecurity,Advanced,1,2,2025-04-21,2025-11-20,Moderate (2-3)
U02601,cabreradevin,19,18–25,Female,reiddaniel@hotmail.com,4,0.0,Artificial Intelligence,Beginner,4,0,2025-02-22,2025-06-26,Active (4-7)
U02602,mjohnson,33,26–35,Male,delacruzlori@gmail.com,13,974.75,Cybersecurity,Intermediate,10,3,2025-01-14,2025-11-08,Power Learner (8+)
U02603,fosterwilliam,31,26–35,Female,oholmes@hotmail.com,1,0.0,Cybersecurity,Beginner,1,0,2025-03-10,2025-03-10,Single-Course (1)
U02604,ericaweaver,16,<18,Male,nicholasmitchell@yahoo.com,1,0.0,Data Science,Intermediate,1,0,2025-01-19,2025-01-19,Single-Course (1)
U02605,leachkayla,22,18–25,Male,jhardin@outlook.com,12,1083.68,Marketing,Advanced,7,5,2025-01-15,2025-12-15,Power Learner (8+)
U02606,phernandez,24,18–25,Male,ereeves@hotmail.com,1,0.0,Web Development,Advanced,1,0,2025-10-27,2025-10-27,Single-Course (1)
U02607,andrew44,22,18–25,Male,hunterjulie@yahoo.com,1,0.0,Web Development,Beginner,1,0,2025-04-08,2025-04-08,Single-Course (1)
U02608,tiffanylawrence,30,26–35,Male,swalsh@gmail.com,1,0.0,Machine Learning,Intermediate,1,0,2025-01-28,2025-01-28,Single-Course (1)
U02609,robertwright,15,<18,Male,aberger@outlook.com,2,0.0,Cybersecurity,Intermediate,2,0,2025-06-01,2025-07-09,Moderate (2-3)
U02610,zacharybooth,19,18–25,Male,mcmillanmarilyn@hotmail.com,1,0.0,Project Management,Beginner,1,0,2025-04-06,2025-04-06,Single-Course (1)
U02611,uschmidt,17,<18,Female,arianayoung@outlook.com,1,0.0,Data Science,Intermediate,1,0,2025-06-22,2025-06-22,Single-Course (1)
U02612,acamacho,22,18–25,Male,meghanhart@outlook.com,14,966.49,Design,Advanced,9,5,2025-02-18,2025-12-27,Power Learner (8+)
U02613,josephsloan,23,18–25,Female,mcortez@hotmail.com,2,177.34,Design,Advanced,1,1,2025-04-26,2025-07-15,Moderate (2-3)
U02614,caldwelljill,30,26–35,Female,pamelagutierrez@yahoo.com,13,919.88,Business,Beginner,9,4,2025-01-13,2025-12-03,Power Learner (8+)
U02615,valdezalyssa,33,26–35,Male,brockanna@hotmail.com,2,0.0,Marketing,Beginner,2,0,2025-07-19,2025-10-07,Moderate (2-3)
U02616,shorn,19,18–25,Female,carly93@outlook.com,13,1265.18,Design,Advanced,8,5,2025-01-10,2025-12-14,Power Learner (8+)
U02617,jameschristopher,23,18–25,Female,matthew88@hotmail.com,4,490.9,Artificial Intelligence,Intermediate,3,1,2025-01-23,2025-09-08,Active (4-7)
U02618,shericrawford,23,18–25,Male,careyjeff@outlook.com,3,0.0,Web Development,Beginner,3,0,2025-04-28,2025-11-04,Moderate (2-3)
U02619,jason86,24,18–25,Female,eross@gmail.com,1,212.39,Digital Marketing,Advanced,0,1,2025-04-26,2025-04-26,Single-Course (1)
U02620,justinmurphy,30,26–35,Female,greenscott@hotmail.com,2,37.89,Design,Beginner,1,1,2025-04-15,2025-11-05,Moderate (2-3)
U02621,psimon,34,26–35,Female,normanmatthew@yahoo.com,1,0.0,Programming,Beginner,1,0,2025-02-18,2025-02-18,Single-Course (1)
U02622,michaelmartinez,32,26–35,Female,lindakramer@gmail.com,1,0.0,Cybersecurity,Beginner,1,0,2025-10-25,2025-10-25,Single-Course (1)
U02623,elizabethallen,32,26–35,Female,pjohnson@gmail.com,11,679.7199999999999,Finance,Intermediate,7,4,2025-01-20,2025-11-30,Power Learner (8+)
U02624,rogersmichael,16,<18,Female,alexis12@hotmail.com,3,490.9,Artificial Intelligence,Intermediate,2,1,2025-03-20,2025-12-21,Moderate (2-3)
U02625,gibsonanthony,22,18–25,Female,odomnicole@outlook.com,2,0.0,Digital Marketing,Beginner,2,0,2025-01-29,2025-10-19,Moderate (2-3)
U02626,katrina61,21,18–25,Female,larry61@hotmail.com,3,212.39,Cybersecurity,Advanced,2,1,2025-07-24,2025-12-04,Moderate (2-3)
U02627,sarah95,26,26–35,Female,vargaskimberly@hotmail.com,1,0.0,Project Management,Intermediate,1,0,2025-02-02,2025-02-02,Single-Course (1)
U02628,oneillkyle,33,26–35,Female,bmiller@yahoo.com,1,285.05,Business,Beginner,0,1,2025-09-11,2025-09-11,Single-Course (1)
U02629,pateljennifer,35,26–35,Female,krausejeremy@hotmail.com,1,57.32,Web Development,Advanced,0,1,2025-02-03,2025-02-03,Single-Course (1)
U02630,ellenbruce,20,18–25,Male,khernandez@gmail.com,12,670.63,Marketing,Beginner,10,2,2025-01-09,2025-11-30,Power Learner (8+)
U02631,sandrawood,23,18–25,Male,brad59@yahoo.com,1,0.0,Data Science,Intermediate,1,0,2025-07-14,2025-07-14,Single-Course (1)
U02632,eric72,22,18–25,Female,jacksonandrea@hotmail.com,1,0.0,Artificial Intelligence,Beginner,1,0,2025-07-05,2025-07-05,Single-Course (1)
U02633,stephaniegray,19,18–25,Female,elizabethwilliams@outlook.com,14,1004.9499999999999,Finance,Intermediate,9,5,2025-01-21,2025-11-08,Power Learner (8+)
U02634,tinaanderson,29,26–35,Female,paulaevans@yahoo.com,1,57.32,Web Development,Advanced,0,1,2025-03-01,2025-03-01,Single-Course (1)
U02635,amberjones,16,<18,Male,erobertson@yahoo.com,1,0.0,Marketing,Advanced,1,0,2025-08-16,2025-08-16,Single-Course (1)
U02636,jill35,20,18–25,Male,kelseycalderon@yahoo.com,1,0.0,Data Science,Intermediate,1,0,2025-03-09,2025-03-09,Single-Course (1)
U02637,rosskevin,28,26–35,Male,kelliarnold@hotmail.com,2,0.78,Data Science,Intermediate,1,1,2025-03-18,2025-07-08,Moderate (2-3)
U02638,uherring,31,26–35,Female,markguerrero@hotmail.com,1,0.0,Business,Advanced,1,0,2025-05-14,2025-05-14,Single-Course (1)
U02639,hicksthomas,22,18–25,Female,levihudson@outlook.com,1,212.39,Digital Marketing,Advanced,0,1,2025-06-14,2025-06-14,Single-Course (1)
U02640,denniswashington,34,26–35,Female,jason35@gmail.com,3,654.01,Business,Beginner,1,2,2025-03-07,2025-10-30,Moderate (2-3)
U02641,moralesdaniel,30,26–35,Male,mitchellmiller@hotmail.com,1,0.0,Design,Advanced,1,0,2025-08-10,2025-08-10,Single-Course (1)
U02642,kleinamanda,33,26–35,Male,hpeck@hotmail.com,1,0.0,Data Science,Beginner,1,0,2025-06-17,2025-06-17,Single-Course (1)
U02643,christophersantana,17,<18,Female,oward@gmail.com,15,1460.84,Finance,Beginner,9,6,2025-01-08,2025-11-24,Power Learner (8+)
U02644,smithmelissa,23,18–25,Male,woodswilliam@yahoo.com,4,234.66,Digital Marketing,Advanced,2,2,2025-01-30,2025-11-08,Active (4-7)
U02645,walter34,26,26–35,Female,sonya03@hotmail.com,10,889.27,Design,Advanced,6,4,2025-01-07,2025-12-27,Power Learner (8+)
U02646,judygomez,26,26–35,Male,bishopcalvin@hotmail.com,2,736.02,Artificial Intelligence,Beginner,0,2,2025-04-10,2025-05-10,Moderate (2-3)
U02647,michael64,20,18–25,Female,ramoscarol@gmail.com,1,0.0,Marketing,Advanced,1,0,2025-05-27,2025-05-27,Single-Course (1)
U02648,walvarez,28,26–35,Female,kthomas@outlook.com,1,0.0,Data Science,Beginner,1,0,2025-09-24,2025-09-24,Single-Course (1)
U02649,geoffrey71,34,26–35,Female,gloria19@outlook.com,1,472.28,Programming,Beginner,0,1,2025-12-26,2025-12-26,Single-Course (1)
U02650,jared54,29,26–35,Female,john08@hotmail.com,2,248.1,Artificial Intelligence,Beginner,1,1,2025-02-11,2025-04-30,Moderate (2-3)
U02651,blake28,16,<18,Female,joshuaprice@outlook.com,16,1113.95,Digital Marketing,Advanced,10,6,2025-01-07,2025-12-21,Power Learner (8+)
U02652,mcguiregabriel,15,<18,Male,ohenry@yahoo.com,1,0.0,Machine Learning,Advanced,1,0,2025-10-07,2025-10-07,Single-Course (1)
U02653,tiffanyolson,34,26–35,Male,rhamilton@yahoo.com,1,0.0,Digital Marketing,Beginner,1,0,2025-04-24,2025-04-24,Single-Course (1)
U02654,ramirezmatthew,27,26–35,Male,sarah78@yahoo.com,1,415.51,Artificial Intelligence,Intermediate,0,1,2025-01-24,2025-01-24,Single-Course (1)
U02655,qschultz,32,26–35,Male,robertphillips@yahoo.com,1,0.0,Programming,Beginner,1,0,2025-05-16,2025-05-16,Single-Course (1)
U02656,ysimpson,34,26–35,Female,wwallace@hotmail.com,1,53.86,Finance,Beginner,0,1,2025-10-01,2025-10-01,Single-Course (1)
U02657,lambgregory,31,26–35,Male,cthompson@yahoo.com,1,177.34,Digital Marketing,Advanced,0,1,2025-01-09,2025-01-09,Single-Course (1)
U02658,rivasbrian,30,26–35,Male,brian04@hotmail.com,3,285.05,Business,Beginner,2,1,2025-05-09,2025-12-01,Moderate (2-3)
U02659,michael89,17,<18,Male,rjones@outlook.com,2,248.1,Artificial Intelligence,Beginner,1,1,2025-02-07,2025-02-13,Moderate (2-3)
U02660,charles20,31,26–35,Female,emilyrose@outlook.com,1,0.0,Design,Advanced,1,0,2025-09-05,2025-09-05,Single-Course (1)
U02661,darrenburgess,27,26–35,Male,barbaraford@yahoo.com,1,0.0,Marketing,Advanced,1,0,2025-09-14,2025-09-14,Single-Course (1)
U02662,pachecojames,32,26–35,Male,bryan94@hotmail.com,2,117.68,Data Science,Intermediate,1,1,2025-03-24,2025-10-03,Moderate (2-3)
U02663,coffeydennis,27,26–35,Female,jennifercurtis@outlook.com,14,1017.04,Machine Learning,Beginner,11,3,2025-01-24,2025-12-23,Power Learner (8+)
U02664,andersonlaura,22,18–25,Female,johnhunt@hotmail.com,1,0.0,Marketing,Advanced,1,0,2025-05-24,2025-05-24,Single-Course (1)
U02665,williambriggs,21,18–25,Female,jacobgalloway@hotmail.com,1,37.89,Web Development,Advanced,0,1,2025-03-05,2025-03-05,Single-Course (1)
U02666,clarktyler,19,18–25,Male,darren92@outlook.com,1,0.0,Design,Advanced,1,0,2025-10-17,2025-10-17,Single-Course (1)
U02667,yhenderson,22,18–25,Female,joel60@gmail.com,1,248.1,Artificial Intelligence,Beginner,0,1,2025-11-25,2025-11-25,Single-Course (1)
U02668,angelarodriguez,26,26–35,Male,mercadolarry@yahoo.com,3,57.32,Design,Advanced,2,1,2025-01-23,2025-09-05,Moderate (2-3)
U02669,yangbrandon,25,18–25,Male,hlucas@gmail.com,2,0.0,Digital Marketing,Intermediate,2,0,2025-11-16,2025-11-22,Moderate (2-3)
U02670,jessica48,25,18–25,Female,ycox@hotmail.com,1,0.0,Web Development,Advanced,1,0,2025-08-26,2025-08-26,Single-Course (1)
U02671,jeffreyharvey,15,<18,Female,mindy36@yahoo.com,1,299.57,Data Science,Beginner,0,1,2025-09-16,2025-09-16,Single-Course (1)
U02672,knightregina,32,26–35,Male,jamie07@hotmail.com,14,1012.26,Cybersecurity,Beginner,10,4,2025-01-16,2025-12-12,Power Learner (8+)
U02673,sheaamanda,19,18–25,Female,monica11@outlook.com,1,0.0,Marketing,Advanced,1,0,2025-09-22,2025-09-22,Single-Course (1)
U02674,mccarthynicholas,28,26–35,Female,jbell@hotmail.com,1,0.0,Finance,Intermediate,1,0,2025-07-06,2025-07-06,Single-Course (1)
U02675,christopher32,34,26–35,Female,heather66@yahoo.com,4,346.71,Programming,Beginner,3,1,2025-02-15,2025-10-24,Active (4-7)
U02676,williamskyle,15,<18,Male,tonyasmith@yahoo.com,1,394.26,Cybersecurity,Intermediate,0,1,2025-03-08,2025-03-08,Single-Course (1)
U02677,bakerchristina,33,26–35,Male,aadams@gmail.com,3,490.9,Artificial Intelligence,Advanced,2,1,2025-06-02,2025-08-06,Moderate (2-3)
U02678,karina24,19,18–25,Female,kelly18@outlook.com,1,0.0,Machine Learning,Beginner,1,0,2025-10-04,2025-10-04,Single-Course (1)
U02679,vlang,18,18–25,Male,tannerevan@hotmail.com,11,1043.46,Business,Advanced,6,5,2025-02-11,2025-12-25,Power Learner (8+)
U02680,whaynes,19,18–25,Female,hendersonvictoria@yahoo.com,1,0.0,Project Management,Intermediate,1,0,2025-12-06,2025-12-06,Single-Course (1)
U02681,fmorgan,33,26–35,Male,dannyrodriguez@yahoo.com,1,0.0,Design,Advanced,1,0,2025-06-11,2025-06-11,Single-Course (1)
U02682,keyjeremy,35,26–35,Female,jennifer28@gmail.com,1,53.86,Finance,Beginner,0,1,2025-05-26,2025-05-26,Single-Course (1)
U02683,jake76,28,26–35,Male,jmayo@hotmail.com,15,2578.46,Artificial Intelligence,Advanced,7,8,2025-01-29,2025-12-30,Power Learner (8+)
U02684,kristen36,28,26–35,Male,barryburgess@gmail.com,14,2747.3,Digital Marketing,Beginner,6,8,2025-01-05,2025-12-01,Power Learner (8+)
U02685,yvettescott,27,26–35,Female,denisebowers@outlook.com,1,487.92,Business,Advanced,0,1,2025-08-19,2025-08-19,Single-Course (1)
U02686,brandon82,19,18–25,Female,kallen@yahoo.com,4,814.89,Programming,Beginner,2,2,2025-01-29,2025-12-04,Active (4-7)
U02687,riossierra,34,26–35,Male,zachary61@outlook.com,1,212.39,Digital Marketing,Advanced,0,1,2025-03-10,2025-03-10,Single-Course (1)
U02688,kimberly14,26,26–35,Female,tdiaz@hotmail.com,1,0.0,Finance,Beginner,1,0,2025-05-13,2025-05-13,Single-Course (1)
U02689,zgarcia,27,26–35,Male,patricia56@outlook.com,1,0.0,Digital Marketing,Beginner,1,0,2025-03-08,2025-03-08,Single-Course (1)
U02690,nancy75,24,18–25,Male,hawkinsnichole@gmail.com,4,394.26,Cybersecurity,Beginner,3,1,2025-04-10,2025-05-24,Active (4-7)
U02691,william49,19,18–25,Female,willienelson@gmail.com,1,0.0,Programming,Beginner,1,0,2025-05-04,2025-05-04,Single-Course (1)
U02692,castilloaaron,23,18–25,Male,andersonrobert@hotmail.com,3,117.68,Data Science,Advanced,2,1,2025-02-07,2025-07-04,Moderate (2-3)
U02693,jperry,19,18–25,Male,kathleen56@outlook.com,1,342.61,Project Management,Intermediate,0,1,2025-08-05,2025-08-05,Single-Course (1)
U02694,kellyemily,30,26–35,Female,dhart@yahoo.com,2,627.56,Data Science,Beginner,0,2,2025-04-05,2025-06-15,Moderate (2-3)
U02695,fsmith,30,26–35,Male,wblair@yahoo.com,1,0.0,Web Development,Beginner,1,0,2025-07-24,2025-07-24,Single-Course (1)
U02696,ashley80,25,18–25,Female,bryan42@yahoo.com,2,490.9,Artificial Intelligence,Beginner,1,1,2025-06-22,2025-12-05,Moderate (2-3)
U02697,tracymosley,22,18–25,Female,yrowe@outlook.com,4,437.0799999999999,Artificial Intelligence,Advanced,1,3,2025-02-06,2025-11-27,Active (4-7)
U02698,gutierrezthomas,18,18–25,Female,brett67@gmail.com,12,1798.3600000000001,Artificial Intelligence,Advanced,7,5,2025-01-05,2025-12-15,Power Learner (8+)
U02699,kleinkenneth,16,<18,Female,william50@hotmail.com,1,0.0,Marketing,Intermediate,1,0,2025-09-05,2025-09-05,Single-Course (1)
U02700,derrickdudley,18,18–25,Female,jacksonperry@outlook.com,1,57.32,Web Development,Advanced,0,1,2025-09-11,2025-09-11,Single-Course (1)
U02701,jessica75,23,18–25,Female,uoneal@gmail.com,4,425.44,Artificial Intelligence,Advanced,2,2,2025-01-28,2025-12-14,Active (4-7)
U02702,reginald61,15,<18,Male,yolandavargas@yahoo.com,2,0.0,Digital Marketing,Beginner,2,0,2025-08-06,2025-09-30,Moderate (2-3)
U02703,bonnie51,30,26–35,Male,danielrobinson@outlook.com,1,0.0,Machine Learning,Intermediate,1,0,2025-03-30,2025-03-30,Single-Course (1)
U02704,bprice,23,18–25,Female,amber20@outlook.com,1,0.0,Cybersecurity,Intermediate,1,0,2025-07-25,2025-07-25,Single-Course (1)
U02705,mburns,31,26–35,Male,charlotterussell@gmail.com,2,394.26,Cybersecurity,Intermediate,1,1,2025-01-12,2025-06-03,Moderate (2-3)
U02706,brittanygalvan,21,18–25,Female,inguyen@outlook.com,1,37.89,Web Development,Advanced,0,1,2025-10-18,2025-10-18,Single-Course (1)
U02707,ortizjulie,19,18–25,Female,dknight@gmail.com,1,117.68,Data Science,Advanced,0,1,2025-10-03,2025-10-03,Single-Course (1)
U02708,david95,25,18–25,Male,qmeyers@yahoo.com,1,472.28,Programming,Beginner,0,1,2025-10-08,2025-10-08,Single-Course (1)
U02709,ginareeves,19,18–25,Female,natasha95@yahoo.com,12,1256.1799999999998,Cybersecurity,Beginner,7,5,2025-01-08,2025-12-25,Power Learner (8+)
U02710,morrowkyle,23,18–25,Female,joel24@outlook.com,1,326.02,Business,Intermediate,0,1,2025-08-11,2025-08-11,Single-Course (1)
U02711,dustin11,20,18–25,Male,jacksonjessica@gmail.com,2,0.0,Cybersecurity,Beginner,2,0,2025-01-08,2025-03-12,Moderate (2-3)
U02712,lopezjessica,34,26–35,Female,lisa81@outlook.com,2,472.28,Programming,Beginner,1,1,2025-10-25,2025-11-14,Moderate (2-3)
U02713,hannah18,32,26–35,Female,cynthiaturner@hotmail.com,1,0.0,Digital Marketing,Intermediate,1,0,2025-12-26,2025-12-26,Single-Course (1)
U02714,breanna67,17,<18,Male,john68@hotmail.com,1,0.0,Machine Learning,Intermediate,1,0,2025-12-22,2025-12-22,Single-Course (1)
U02715,ericfoster,22,18–25,Male,reginaldnguyen@hotmail.com,2,0.0,Business,Intermediate,2,0,2025-09-28,2025-12-25,Moderate (2-3)
U02716,fmclaughlin,27,26–35,Female,hjordan@outlook.com,2,0.0,Data Science,Beginner,2,0,2025-05-11,2025-08-24,Moderate (2-3)
U02717,lmills,31,26–35,Male,grahamsean@yahoo.com,1,285.05,Business,Beginner,0,1,2025-08-17,2025-08-17,Single-Course (1)
U02718,dmorrison,27,26–35,Male,amanda08@hotmail.com,1,0.0,Finance,Intermediate,1,0,2025-12-30,2025-12-30,Single-Course (1)
U02719,oblair,29,26–35,Male,stephaniedavis@yahoo.com,1,0.0,Cybersecurity,Intermediate,1,0,2025-07-19,2025-07-19,Single-Course (1)
U02720,gsteele,22,18–25,Male,judy66@yahoo.com,1,212.39,Digital Marketing,Advanced,0,1,2025-11-22,2025-11-22,Single-Course (1)
U02721,jcannon,26,26–35,Male,tnelson@hotmail.com,1,299.57,Data Science,Beginner,0,1,2025-08-11,2025-08-11,Single-Course (1)
U02722,nwillis,23,18–25,Female,jose22@gmail.com,1,0.0,Marketing,Intermediate,1,0,2025-12-19,2025-12-19,Single-Course (1)
U02723,osmith,25,18–25,Female,karen62@yahoo.com,1,327.99,Project Management,Beginner,0,1,2025-10-20,2025-10-20,Single-Course (1)
U02724,michelle44,35,26–35,Male,wallaceelizabeth@hotmail.com,1,0.0,Cybersecurity,Intermediate,1,0,2025-02-15,2025-02-15,Single-Course (1)
U02725,brandon33,23,18–25,Male,matthew37@gmail.com,1,415.51,Artificial Intelligence,Intermediate,0,1,2025-09-05,2025-09-05,Single-Course (1)
U02726,hrush,25,18–25,Female,vmiller@gmail.com,4,0.0,Marketing,Advanced,4,0,2025-01-03,2025-06-30,Active (4-7)
U02727,harrisjames,34,26–35,Male,brettvalencia@gmail.com,2,394.26,Cybersecurity,Intermediate,1,1,2025-01-11,2025-02-10,Moderate (2-3)
U02728,adrian62,33,26–35,Female,xhorton@outlook.com,1,276.37,Design,Advanced,0,1,2025-10-16,2025-10-16,Single-Course (1)
U02729,thomasbutler,20,18–25,Male,jennifer91@outlook.com,1,394.26,Cybersecurity,Intermediate,0,1,2025-09-27,2025-09-27,Single-Course (1)
U02730,jameschan,27,26–35,Female,qknight@gmail.com,1,299.57,Data Science,Beginner,0,1,2025-12-01,2025-12-01,Single-Course (1)
U02731,ellenmills,26,26–35,Male,leachandrew@yahoo.com,1,0.0,Marketing,Advanced,1,0,2025-01-14,2025-01-14,Single-Course (1)
U02732,sean10,26,26–35,Male,garciatracy@yahoo.com,1,0.0,Finance,Intermediate,1,0,2025-09-29,2025-09-29,Single-Course (1)
U02733,lopezangela,31,26–35,Male,gonzalezelizabeth@gmail.com,14,1498.86,Business,Beginner,10,4,2025-01-28,2025-12-19,Power Learner (8+)
U02734,tswanson,15,<18,Female,jackcameron@outlook.com,1,0.0,Design,Beginner,1,0,2025-07-11,2025-07-11,Single-Course (1)
U02735,mary88,34,26–35,Female,kmata@gmail.com,1,0.0,Web Development,Beginner,1,0,2025-05-17,2025-05-17,Single-Course (1)
U02736,chapmankaren,15,<18,Male,vgreene@outlook.com,1,212.39,Digital Marketing,Advanced,0,1,2025-10-22,2025-10-22,Single-Course (1)
U02737,thomasbrittany,23,18–25,Male,gdavis@outlook.com,1,0.0,Marketing,Intermediate,1,0,2025-04-21,2025-04-21,Single-Course (1)
U02738,adunn,16,<18,Female,cbridges@yahoo.com,1,0.0,Marketing,Intermediate,1,0,2025-08-29,2025-08-29,Single-Course (1)
U02739,vbradley,15,<18,Female,kdavis@gmail.com,1,487.92,Business,Advanced,0,1,2025-01-05,2025-01-05,Single-Course (1)
U02740,rebeccaellis,31,26–35,Male,zcole@hotmail.com,1,0.0,Digital Marketing,Beginner,1,0,2025-07-09,2025-07-09,Single-Course (1)
U02741,cameronvictor,18,18–25,Male,kimberlywilkins@outlook.com,1,0.0,Programming,Beginner,1,0,2025-08-13,2025-08-13,Single-Course (1)
U02742,gregorymiller,25,18–25,Female,jrichard@hotmail.com,2,285.05,Business,Beginner,1,1,2025-04-15,2025-06-21,Moderate (2-3)
U02743,khart,33,26–35,Male,rfowler@hotmail.com,14,800.4599999999999,Data Science,Intermediate,10,4,2025-02-04,2025-09-24,Power Learner (8+)
U02744,marisaallen,24,18–25,Female,hboyd@hotmail.com,1,342.61,Project Management,Intermediate,0,1,2025-01-13,2025-01-13,Single-Course (1)
U02745,gregory01,18,18–25,Female,smithtroy@gmail.com,1,0.0,Business,Advanced,1,0,2025-03-30,2025-03-30,Single-Course (1)
U02746,lindseypatrick,28,26–35,Male,stephen55@outlook.com,3,117.68,Data Science,Advanced,2,1,2025-02-19,2025-11-30,Moderate (2-3)
U02747,atorres,30,26–35,Male,ihanson@gmail.com,3,53.86,Cybersecurity,Beginner,2,1,2025-03-21,2025-08-12,Moderate (2-3)
U02748,rgutierrez,27,26–35,Female,juliahull@hotmail.com,2,0.0,Artificial Intelligence,Beginner,2,0,2025-01-15,2025-03-16,Moderate (2-3)
U02749,josephkaren,30,26–35,Male,meltonmichael@gmail.com,2,0.0,Business,Beginner,2,0,2025-06-13,2025-11-15,Moderate (2-3)
U02750,christyking,23,18–25,Female,gthompson@gmail.com,2,57.32,Design,Advanced,1,1,2025-09-25,2025-11-24,Moderate (2-3)
U02751,russorenee,24,18–25,Female,shannon55@hotmail.com,1,0.0,Marketing,Advanced,1,0,2025-04-30,2025-04-30,Single-Course (1)
U02752,martineznancy,32,26–35,Female,zduran@gmail.com,1,0.0,Digital Marketing,Beginner,1,0,2025-06-11,2025-06-11,Single-Course (1)
U02753,elittle,26,26–35,Female,tyleranderson@hotmail.com,1,53.86,Finance,Beginner,0,1,2025-04-14,2025-04-14,Single-Course (1)
U02754,tannerwright,34,26–35,Male,zachary71@outlook.com,13,888.76,Cybersecurity,Advanced,8,5,2025-01-09,2025-11-15,Power Learner (8+)
U02755,zlove,30,26–35,Female,vcrawford@hotmail.com,1,0.0,Finance,Beginner,1,0,2025-09-27,2025-09-27,Single-Course (1)
U02756,hwhite,32,26–35,Female,taylorstephanie@gmail.com,2,326.02,Business,Intermediate,1,1,2025-06-28,2025-07-17,Moderate (2-3)
U02757,ralphjohnson,16,<18,Male,vboone@yahoo.com,1,415.51,Artificial Intelligence,Intermediate,0,1,2025-02-25,2025-02-25,Single-Course (1)
U02758,susan35,25,18–25,Female,oglenn@outlook.com,2,0.0,Data Science,Intermediate,2,0,2025-11-03,2025-12-10,Moderate (2-3)
U02759,egibbs,20,18–25,Female,kellyburton@gmail.com,2,0.0,Programming,Beginner,2,0,2025-01-03,2025-04-12,Moderate (2-3)
U02760,laura80,31,26–35,Male,andersonrobert@outlook.com,3,374.64,Artificial Intelligence,Intermediate,1,2,2025-05-25,2025-09-25,Moderate (2-3)
U02761,nicholasrivera,31,26–35,Female,jameswallace@yahoo.com,4,394.26,Cybersecurity,Beginner,3,1,2025-05-03,2025-12-12,Active (4-7)
U02762,thomas14,21,18–25,Female,zobrien@hotmail.com,2,314.26,Design,Advanced,0,2,2025-02-01,2025-05-06,Moderate (2-3)
U02763,hartemily,28,26–35,Male,kristen62@gmail.com,3,574.12,Artificial Intelligence,Intermediate,1,2,2025-10-01,2025-10-17,Moderate (2-3)
U02764,james00,32,26–35,Male,martin08@yahoo.com,1,37.89,Web Development,Advanced,0,1,2025-02-18,2025-02-18,Single-Course (1)
U02765,benjamin95,21,18–25,Male,cherylmorgan@hotmail.com,1,0.0,Design,Advanced,1,0,2025-05-15,2025-05-15,Single-Course (1)
U02766,chapmanbrandon,19,18–25,Male,obenson@gmail.com,1,0.0,Cybersecurity,Intermediate,1,0,2025-12-15,2025-12-15,Single-Course (1)
U02767,cole39,31,26–35,Male,annetteruiz@yahoo.com,14,1377.8500000000001,Project Management,Beginner,9,5,2025-01-05,2025-11-29,Power Learner (8+)
U02768,garciaandre,34,26–35,Female,hernandezrachel@hotmail.com,2,472.28,Data Science,Beginner,1,1,2025-04-05,2025-05-06,Moderate (2-3)
U02769,kristinwhite,19,18–25,Male,angelalarsen@yahoo.com,3,753.2,Artificial Intelligence,Intermediate,0,3,2025-03-01,2025-10-14,Moderate (2-3)
U02770,kimberlykeller,31,26–35,Male,mayomichael@outlook.com,14,1389.02,Data Science,Beginner,9,5,2025-04-09,2025-12-30,Power Learner (8+)
U02771,courtney04,18,18–25,Female,christopher58@outlook.com,1,0.78,Machine Learning,Advanced,0,1,2025-05-18,2025-05-18,Single-Course (1)
U02772,zsosa,31,26–35,Male,aimee88@outlook.com,1,177.34,Digital Marketing,Advanced,0,1,2025-06-22,2025-06-22,Single-Course (1)
U02773,edward26,26,26–35,Male,kristenhorton@outlook.com,1,0.0,Data Science,Beginner,1,0,2025-03-24,2025-03-24,Single-Course (1)
U02774,ccastillo,19,18–25,Male,rileydaisy@hotmail.com,1,0.0,Finance,Beginner,1,0,2025-02-16,2025-02-16,Single-Course (1)
U02775,kimberly18,24,18–25,Female,harrischristina@outlook.com,12,1423.51,Digital Marketing,Beginner,6,6,2025-02-25,2025-11-19,Power Learner (8+)
U02776,rochageorge,20,18–25,Female,romerocynthia@outlook.com,2,0.0,Business,Beginner,2,0,2025-03-15,2025-11-25,Moderate (2-3)
U02777,jill42,27,26–35,Male,diazrichard@yahoo.com,1,0.0,Programming,Beginner,1,0,2025-02-28,2025-02-28,Single-Course (1)
U02778,karengutierrez,29,26–35,Male,cmendez@outlook.com,3,0.0,Cybersecurity,Beginner,3,0,2025-04-08,2025-12-25,Moderate (2-3)
U02779,michelle28,19,18–25,Female,anthonyblankenship@hotmail.com,3,809.77,Artificial Intelligence,Intermediate,1,2,2025-06-24,2025-10-02,Moderate (2-3)
U02780,diana33,26,26–35,Female,smithjennifer@outlook.com,2,0.0,Business,Beginner,2,0,2025-02-16,2025-07-01,Moderate (2-3)
U02781,lindsey05,24,18–25,Female,fclark@gmail.com,3,700.31,Business,Advanced,1,2,2025-06-19,2025-12-28,Moderate (2-3)
U02782,scottferrell,25,18–25,Male,petersheidi@hotmail.com,1,0.0,Finance,Advanced,1,0,2025-01-20,2025-01-20,Single-Course (1)
U02783,uharrington,30,26–35,Female,lesliewatson@gmail.com,1,0.0,Programming,Beginner,1,0,2025-11-25,2025-11-25,Single-Course (1)
U02784,robrien,23,18–25,Male,mario05@yahoo.com,2,248.1,Artificial Intelligence,Beginner,1,1,2025-08-28,2025-12-07,Moderate (2-3)
U02785,sweeneyheather,25,18–25,Female,daniel86@outlook.com,1,0.0,Artificial Intelligence,Beginner,1,0,2025-12-12,2025-12-12,Single-Course (1)
U02786,cburch,25,18–25,Male,mariemiller@gmail.com,12,1390.83,Machine Learning,Beginner,8,4,2025-01-24,2025-12-05,Power Learner (8+)
U02787,uwilson,21,18–25,Male,michaelbaker@outlook.com,1,346.71,Project Management,Advanced,0,1,2025-11-01,2025-11-01,Single-Course (1)
U02788,kristinjones,20,18–25,Female,wbennett@gmail.com,12,1273.64,Cybersecurity,Intermediate,6,6,2025-01-25,2025-12-13,Power Learner (8+)
U02789,erinpeters,21,18–25,Male,darlenesandoval@outlook.com,4,0.0,Design,Beginner,4,0,2025-01-01,2025-11-01,Active (4-7)
U02790,isaac47,25,18–25,Male,rlawrence@yahoo.com,1,0.0,Web Development,Beginner,1,0,2025-02-16,2025-02-16,Single-Course (1)
U02791,williamsmonica,27,26–35,Male,gaustin@gmail.com,13,917.89,Design,Beginner,9,4,2025-01-07,2025-09-27,Power Learner (8+)
U02792,heidiliu,27,26–35,Female,xhunter@hotmail.com,14,795.72,Artificial Intelligence,Beginner,10,4,2025-03-19,2025-11-08,Power Learner (8+)
U02793,kristen50,22,18–25,Female,joseph66@yahoo.com,14,1449.91,Business,Beginner,9,5,2025-02-05,2025-12-10,Power Learner (8+)
U02794,ritasmith,33,26–35,Female,grussell@gmail.com,2,342.61,Machine Learning,Intermediate,1,1,2025-04-16,2025-04-21,Moderate (2-3)
U02795,stewartmichael,31,26–35,Male,lorettadunn@outlook.com,1,299.57,Data Science,Beginner,0,1,2025-12-30,2025-12-30,Single-Course (1)
U02796,sbrown,33,26–35,Male,jeffreyrodriguez@hotmail.com,1,0.0,Digital Marketing,Beginner,1,0,2025-01-06,2025-01-06,Single-Course (1)
U02797,lori68,34,26–35,Male,roliver@outlook.com,1,0.78,Machine Learning,Advanced,0,1,2025-08-03,2025-08-03,Single-Course (1)
U02798,vjohnson,28,26–35,Female,vincent69@outlook.com,1,0.0,Data Science,Intermediate,1,0,2025-08-10,2025-08-10,Single-Course (1)
U02799,tammymoore,17,<18,Male,hannah11@gmail.com,1,0.0,Marketing,Intermediate,1,0,2025-08-21,2025-08-21,Single-Course (1)
U02800,peterforbes,34,26–35,Male,turnerdanielle@gmail.com,1,299.57,Data Science,Beginner,0,1,2025-12-06,2025-12-06,Single-Course (1)
U02801,benjamin14,15,<18,Female,laneeric@outlook.com,3,0.78,Data Science,Beginner,2,1,2025-04-20,2025-06-26,Moderate (2-3)
U02802,david57,15,<18,Female,zross@outlook.com,1,0.0,Cybersecurity,Beginner,1,0,2025-11-29,2025-11-29,Single-Course (1)
U02803,tpeterson,26,26–35,Male,laurayoung@yahoo.com,2,0.0,Design,Advanced,2,0,2025-04-16,2025-12-09,Moderate (2-3)
U02804,rachel54,24,18–25,Male,ellisleslie@gmail.com,1,0.0,Machine Learning,Intermediate,1,0,2025-08-16,2025-08-16,Single-Course (1)
U02805,thomasrice,16,<18,Male,grahammelissa@outlook.com,1,57.32,Web Development,Advanced,0,1,2025-04-08,2025-04-08,Single-Course (1)
U02806,melissaerickson,28,26–35,Male,jonesjean@yahoo.com,1,0.0,Cybersecurity,Intermediate,1,0,2025-04-01,2025-04-01,Single-Course (1)
U02807,perkinsjason,18,18–25,Female,miguel97@outlook.com,4,559.0999999999999,Digital Marketing,Advanced,2,2,2025-03-22,2025-06-20,Active (4-7)
U02808,jasonrush,35,26–35,Male,april05@hotmail.com,2,0.0,Marketing,Intermediate,2,0,2025-02-07,2025-11-01,Moderate (2-3)
U02809,kimberly35,32,26–35,Male,andrewssarah@hotmail.com,2,0.0,Artificial Intelligence,Beginner,2,0,2025-07-03,2025-10-09,Moderate (2-3)
U02810,colemantina,18,18–25,Female,apriljohnson@hotmail.com,1,0.0,Digital Marketing,Beginner,1,0,2025-02-10,2025-02-10,Single-Course (1)
U02811,john38,21,18–25,Male,allentaylor@yahoo.com,1,0.0,Design,Advanced,1,0,2025-07-11,2025-07-11,Single-Course (1)
U02812,kellyjohn,17,<18,Male,timothy51@gmail.com,1,119.04,Finance,Intermediate,0,1,2025-02-14,2025-02-14,Single-Course (1)
U02813,jamestaylor,27,26–35,Male,davidward@yahoo.com,1,0.0,Cybersecurity,Intermediate,1,0,2025-04-02,2025-04-02,Single-Course (1)
U02814,brianlove,27,26–35,Female,holly35@gmail.com,2,0.0,Cybersecurity,Beginner,2,0,2025-07-12,2025-12-05,Moderate (2-3)
U02815,april19,15,<18,Female,andrewjones@hotmail.com,4,389.73,Digital Marketing,Advanced,2,2,2025-03-21,2025-09-21,Active (4-7)
U02816,bennettanthony,25,18–25,Male,csantana@outlook.com,1,0.0,Marketing,Intermediate,1,0,2025-11-21,2025-11-21,Single-Course (1)
U02817,michelelara,33,26–35,Male,xcantu@yahoo.com,1,0.0,Design,Advanced,1,0,2025-11-29,2025-11-29,Single-Course (1)
U02818,tylerthomas,32,26–35,Male,jbarber@gmail.com,1,0.78,Machine Learning,Advanced,0,1,2025-02-12,2025-02-12,Single-Course (1)
U02819,cunninghamrichard,20,18–25,Female,penaangela@hotmail.com,2,0.0,Machine Learning,Intermediate,2,0,2025-04-05,2025-08-09,Moderate (2-3)
U02820,denise57,30,26–35,Male,brenda00@gmail.com,1,0.0,Programming,Beginner,1,0,2025-11-21,2025-11-21,Single-Course (1)
U02821,johnsonnicole,27,26–35,Male,smithnicholas@yahoo.com,11,1173.96,Project Management,Intermediate,7,4,2025-01-28,2025-12-14,Power Learner (8+)
U02822,collin94,15,<18,Male,idawson@yahoo.com,1,0.0,Machine Learning,Intermediate,1,0,2025-01-07,2025-01-07,Single-Course (1)
U02823,gregorymorris,31,26–35,Male,jgutierrez@yahoo.com,2,0.0,Cybersecurity,Intermediate,2,0,2025-01-29,2025-08-15,Moderate (2-3)
U02824,juanromero,28,26–35,Female,lauriecalderon@yahoo.com,1,326.02,Business,Intermediate,0,1,2025-01-11,2025-01-11,Single-Course (1)
U02825,davidford,34,26–35,Male,agonzales@gmail.com,13,1636.01,Business,Advanced,6,7,2025-05-13,2025-12-30,Power Learner (8+)
U02826,wforbes,25,18–25,Male,charlesdillon@gmail.com,1,0.0,Machine Learning,Beginner,1,0,2025-12-11,2025-12-11,Single-Course (1)
U02827,samuelpalmer,17,<18,Male,alicia21@gmail.com,1,0.0,Machine Learning,Intermediate,1,0,2025-10-02,2025-10-02,Single-Course (1)
U02828,nicole44,32,26–35,Female,heatherleonard@yahoo.com,2,490.9,Artificial Intelligence,Beginner,1,1,2025-04-09,2025-07-21,Moderate (2-3)
U02829,sjackson,19,18–25,Female,gibsonjoseph@yahoo.com,1,89.59,Artificial Intelligence,Intermediate,0,1,2025-02-10,2025-02-10,Single-Course (1)
U02830,matthewmata,34,26–35,Female,xmontgomery@outlook.com,1,0.0,Web Development,Advanced,1,0,2025-05-12,2025-05-12,Single-Course (1)
U02831,adam49,22,18–25,Female,lesliecarlson@outlook.com,1,0.0,Design,Advanced,1,0,2025-02-06,2025-02-06,Single-Course (1)
U02832,charlesdouglas,31,26–35,Male,nbrooks@hotmail.com,11,0.78,Design,Advanced,10,1,2025-01-11,2025-10-26,Power Learner (8+)
U02833,stephensdavid,21,18–25,Female,cervantesmitchell@hotmail.com,2,342.61,Programming,Beginner,1,1,2025-11-24,2025-12-29,Moderate (2-3)
U02834,michaelcruz,17,<18,Male,downsjason@yahoo.com,1,0.0,Data Science,Beginner,1,0,2025-12-02,2025-12-02,Single-Course (1)
U02835,eanderson,31,26–35,Male,eric44@hotmail.com,1,117.68,Data Science,Advanced,0,1,2025-09-28,2025-09-28,Single-Course (1)
U02836,loganmiller,17,<18,Female,hillronald@hotmail.com,1,472.28,Programming,Beginner,0,1,2025-03-17,2025-03-17,Single-Course (1)
U02837,drakematthew,31,26–35,Male,john58@outlook.com,2,0.0,Business,Beginner,2,0,2025-02-08,2025-11-27,Moderate (2-3)
U02838,qneal,35,26–35,Male,david01@yahoo.com,2,837.6099999999999,Artificial Intelligence,Beginner,0,2,2025-02-14,2025-03-02,Moderate (2-3)
U02839,danielreid,18,18–25,Female,travis74@gmail.com,4,0.0,Cybersecurity,Advanced,4,0,2025-09-19,2025-12-18,Active (4-7)
U02840,johnsonbenjamin,29,26–35,Female,tkim@yahoo.com,1,0.0,Digital Marketing,Beginner,1,0,2025-10-25,2025-10-25,Single-Course (1)
U02841,walter01,27,26–35,Female,kevin87@gmail.com,1,0.0,Data Science,Beginner,1,0,2025-09-29,2025-09-29,Single-Course (1)
U02842,rogerwalter,20,18–25,Female,ihamilton@gmail.com,2,490.9,Artificial Intelligence,Beginner,1,1,2025-04-19,2025-11-22,Moderate (2-3)
U02843,juliafritz,26,26–35,Male,perryjuan@outlook.com,14,1296.6599999999999,Data Science,Beginner,8,6,2025-01-07,2025-12-20,Power Learner (8+)
U02844,marc84,21,18–25,Female,wwilkins@hotmail.com,12,1101.98,Artificial Intelligence,Advanced,8,4,2025-03-24,2025-11-17,Power Learner (8+)
U02845,kfischer,22,18–25,Male,kennethsmith@gmail.com,1,0.0,Design,Beginner,1,0,2025-03-02,2025-03-02,Single-Course (1)
U02846,fburns,29,26–35,Female,fernandezshannon@yahoo.com,1,299.57,Data Science,Beginner,0,1,2025-06-07,2025-06-07,Single-Course (1)
U02847,joseph72,27,26–35,Male,melanierogers@hotmail.com,1,0.0,Finance,Intermediate,1,0,2025-05-01,2025-05-01,Single-Course (1)
U02848,tanya54,23,18–25,Male,tiffanymoore@gmail.com,1,0.0,Cybersecurity,Intermediate,1,0,2025-11-12,2025-11-12,Single-Course (1)
U02849,timothy20,31,26–35,Female,elizabeth28@yahoo.com,1,0.0,Programming,Beginner,1,0,2025-06-10,2025-06-10,Single-Course (1)
U02850,umorales,25,18–25,Female,dgilbert@outlook.com,13,993.9000000000001,Digital Marketing,Intermediate,7,6,2025-01-15,2025-11-09,Power Learner (8+)
U02851,xreed,30,26–35,Male,bodonnell@hotmail.com,1,394.26,Cybersecurity,Intermediate,0,1,2025-08-08,2025-08-08,Single-Course (1)
U02852,chansen,23,18–25,Male,unelson@yahoo.com,1,0.0,Business,Advanced,1,0,2025-06-30,2025-06-30,Single-Course (1)
U02853,williamflores,25,18–25,Male,donna26@gmail.com,1,0.0,Programming,Beginner,1,0,2025-12-04,2025-12-04,Single-Course (1)
U02854,amy04,28,26–35,Male,gregory38@yahoo.com,1,0.0,Business,Advanced,1,0,2025-04-13,2025-04-13,Single-Course (1)
U02855,knightmichael,18,18–25,Female,jamesmullins@yahoo.com,1,327.99,Project Management,Beginner,0,1,2025-01-17,2025-01-17,Single-Course (1)
U02856,isaacrobinson,19,18–25,Female,kvang@yahoo.com,1,472.28,Programming,Beginner,0,1,2025-04-08,2025-04-08,Single-Course (1)
U02857,john46,35,26–35,Male,rnewman@hotmail.com,12,1001.5,Project Management,Intermediate,8,4,2025-01-06,2025-10-27,Power Learner (8+)
U02858,randywilliams,16,<18,Female,aguilartheresa@gmail.com,4,0.0,Cybersecurity,Beginner,4,0,2025-04-28,2025-12-25,Active (4-7)
U02859,michaelwalker,26,26–35,Female,morgan98@yahoo.com,2,654.01,Business,Beginner,0,2,2025-03-20,2025-09-10,Moderate (2-3)
U02860,pelliott,17,<18,Male,robinsonmichele@yahoo.com,1,0.78,Machine Learning,Advanced,0,1,2025-09-24,2025-09-24,Single-Course (1)
U02861,jbaker,29,26–35,Male,ginakent@gmail.com,1,346.71,Project Management,Advanced,0,1,2025-03-28,2025-03-28,Single-Course (1)
U02862,michelle27,27,26–35,Male,vwilson@gmail.com,2,0.0,Marketing,Beginner,2,0,2025-05-25,2025-07-23,Moderate (2-3)
U02863,pmckay,29,26–35,Male,robbinsdanielle@gmail.com,1,0.0,Data Science,Beginner,1,0,2025-02-04,2025-02-04,Single-Course (1)
U02864,robinsonjessica,25,18–25,Female,randywilliams@outlook.com,1,0.0,Marketing,Advanced,1,0,2025-07-16,2025-07-16,Single-Course (1)
U02865,tami37,35,26–35,Female,browningscott@yahoo.com,1,0.0,Business,Advanced,1,0,2025-04-07,2025-04-07,Single-Course (1)
U02866,tommydelgado,20,18–25,Male,csmith@hotmail.com,2,326.02,Business,Intermediate,1,1,2025-02-20,2025-08-20,Moderate (2-3)
U02867,arussell,19,18–25,Male,bryancarter@yahoo.com,2,177.34,Digital Marketing,Beginner,1,1,2025-07-09,2025-10-04,Moderate (2-3)
U02868,ryan81,25,18–25,Male,fpope@hotmail.com,2,0.0,Cybersecurity,Intermediate,2,0,2025-07-03,2025-09-02,Moderate (2-3)
U02869,samanthaestrada,26,26–35,Female,jason22@gmail.com,1,0.0,Cybersecurity,Beginner,1,0,2025-11-05,2025-11-05,Single-Course (1)
U02870,evansrachel,27,26–35,Male,briggscarrie@gmail.com,1,0.0,Design,Beginner,1,0,2025-02-16,2025-02-16,Single-Course (1)
U02871,jessica49,19,18–25,Female,daniel44@hotmail.com,1,0.0,Cybersecurity,Beginner,1,0,2025-01-24,2025-01-24,Single-Course (1)
U02872,reesejennifer,21,18–25,Female,wodonnell@yahoo.com,2,342.61,Business,Intermediate,1,1,2025-01-09,2025-04-26,Moderate (2-3)
U02873,henrychristine,33,26–35,Female,qsmith@gmail.com,3,53.86,Business,Beginner,2,1,2025-01-05,2025-05-25,Moderate (2-3)
U02874,utucker,32,26–35,Male,alexander29@hotmail.com,11,1151.3899999999999,Web Development,Advanced,6,5,2025-02-24,2025-10-09,Power Learner (8+)
U02875,michaelscott,27,26–35,Female,qgreen@hotmail.com,1,285.05,Business,Beginner,0,1,2025-12-07,2025-12-07,Single-Course (1)
U02876,rothalexis,24,18–25,Female,fordtiffany@hotmail.com,1,0.0,Design,Advanced,1,0,2025-03-21,2025-03-21,Single-Course (1)
U02877,pattonmichael,28,26–35,Male,williamslauren@gmail.com,1,0.0,Marketing,Intermediate,1,0,2025-11-05,2025-11-05,Single-Course (1)
U02878,palmeralexander,23,18–25,Male,ocrane@outlook.com,2,534.55,Artificial Intelligence,Intermediate,0,2,2025-07-03,2025-10-12,Moderate (2-3)
U02879,keithcrawford,16,<18,Female,wayne10@hotmail.com,1,0.0,Finance,Beginner,1,0,2025-03-05,2025-03-05,Single-Course (1)
U02880,martinezedward,21,18–25,Female,kelly25@hotmail.com,1,0.0,Design,Advanced,1,0,2025-08-21,2025-08-21,Single-Course (1)
U02881,uhobbs,27,26–35,Male,mwilson@yahoo.com,4,276.37,Design,Beginner,3,1,2025-05-09,2025-12-01,Active (4-7)
U02882,fgarcia,33,26–35,Female,greenekelly@outlook.com,1,0.0,Digital Marketing,Intermediate,1,0,2025-07-26,2025-07-26,Single-Course (1)
U02883,karenshaffer,16,<18,Female,diana66@hotmail.com,12,2314.3500000000004,Business,Beginner,5,7,2025-02-26,2025-12-19,Power Learner (8+)
U02884,vkent,31,26–35,Female,charlesalvarez@gmail.com,3,0.78,Data Science,Intermediate,2,1,2025-01-03,2025-07-29,Moderate (2-3)
U02885,cassandra14,22,18–25,Male,ufitzgerald@yahoo.com,3,342.61,Data Science,Beginner,2,1,2025-07-14,2025-11-28,Moderate (2-3)
U02886,smithkim,35,26–35,Male,thomas70@yahoo.com,3,89.59,Artificial Intelligence,Beginner,2,1,2025-05-19,2025-08-01,Moderate (2-3)
U02887,jessicafields,30,26–35,Male,ktate@hotmail.com,4,476.90999999999997,Cybersecurity,Beginner,2,2,2025-05-20,2025-11-06,Active (4-7)
U02888,alynch,20,18–25,Male,pkaiser@yahoo.com,1,117.68,Data Science,Advanced,0,1,2025-09-21,2025-09-21,Single-Course (1)
U02889,gbenson,28,26–35,Female,davidgarcia@yahoo.com,1,326.02,Business,Intermediate,0,1,2025-06-05,2025-06-05,Single-Course (1)
U02890,djackson,18,18–25,Male,ethansmith@yahoo.com,2,0.0,Cybersecurity,Intermediate,2,0,2025-03-28,2025-12-13,Moderate (2-3)
U02891,ecarlson,27,26–35,Female,andrea65@hotmail.com,3,702.3,Data Science,Beginner,0,3,2025-02-06,2025-08-28,Moderate (2-3)
U02892,bsullivan,26,26–35,Female,rubiorandy@gmail.com,1,472.28,Programming,Beginner,0,1,2025-09-08,2025-09-08,Single-Course (1)
U02893,cheryl52,22,18–25,Male,gsosa@hotmail.com,1,0.0,Programming,Beginner,1,0,2025-06-06,2025-06-06,Single-Course (1)
U02894,paula68,15,<18,Female,jessica50@yahoo.com,1,0.0,Marketing,Advanced,1,0,2025-09-11,2025-09-11,Single-Course (1)
U02895,nicole26,21,18–25,Female,robertmason@hotmail.com,2,53.86,Artificial Intelligence,Beginner,1,1,2025-06-07,2025-12-03,Moderate (2-3)
U02896,zacharycox,30,26–35,Male,william90@gmail.com,1,0.0,Data Science,Intermediate,1,0,2025-04-07,2025-04-07,Single-Course (1)
U02897,kellyprice,27,26–35,Male,qchristian@outlook.com,1,299.57,Data Science,Beginner,0,1,2025-06-23,2025-06-23,Single-Course (1)
U02898,johnstonmary,22,18–25,Female,michelletaylor@gmail.com,4,619.76,Design,Advanced,1,3,2025-03-23,2025-12-27,Active (4-7)
U02899,jennifersoto,28,26–35,Female,pamelapayne@yahoo.com,13,327.99,Programming,Beginner,12,1,2025-01-27,2025-12-05,Power Learner (8+)
U02900,jimmyshaffer,35,26–35,Male,uirwin@yahoo.com,1,394.26,Cybersecurity,Intermediate,0,1,2025-11-27,2025-11-27,Single-Course (1)
U02901,halljeremiah,30,26–35,Male,lisabeasley@yahoo.com,1,0.0,Cybersecurity,Advanced,1,0,2025-07-16,2025-07-16,Single-Course (1)
U02902,raymondnathan,27,26–35,Male,xstafford@gmail.com,2,0.0,Cybersecurity,Beginner,2,0,2025-07-11,2025-10-12,Moderate (2-3)
U02903,spenceralejandra,27,26–35,Male,pgonzalez@yahoo.com,1,487.92,Business,Advanced,0,1,2025-01-23,2025-01-23,Single-Course (1)
U02904,gonzalesteresa,18,18–25,Male,rebecca54@hotmail.com,1,346.71,Project Management,Advanced,0,1,2025-09-22,2025-09-22,Single-Course (1)
U02905,youngmatthew,27,26–35,Female,nelsonrebecca@yahoo.com,2,119.04,Finance,Intermediate,1,1,2025-03-16,2025-06-02,Moderate (2-3)
U02906,angelalane,24,18–25,Male,yluna@gmail.com,3,591.3199999999999,Finance,Beginner,1,2,2025-03-10,2025-12-08,Moderate (2-3)
U02907,john64,17,<18,Female,tmoore@outlook.com,2,415.51,Artificial Intelligence,Intermediate,1,1,2025-05-19,2025-08-30,Moderate (2-3)
U02908,ryan37,34,26–35,Male,shannonhahn@yahoo.com,1,0.0,Programming,Beginner,1,0,2025-03-29,2025-03-29,Single-Course (1)
U02909,spowell,19,18–25,Female,moorejessica@gmail.com,14,1205.39,Artificial Intelligence,Beginner,10,4,2025-01-21,2025-11-21,Power Learner (8+)
U02910,kimberly62,35,26–35,Female,hreed@gmail.com,1,0.0,Business,Advanced,1,0,2025-06-27,2025-06-27,Single-Course (1)
U02911,grayjames,34,26–35,Female,comptonanne@gmail.com,1,490.9,Artificial Intelligence,Beginner,0,1,2025-12-30,2025-12-30,Single-Course (1)
U02912,levi84,27,26–35,Male,upowell@outlook.com,2,212.39,Digital Marketing,Advanced,1,1,2025-07-10,2025-11-03,Moderate (2-3)
U02913,wilsonbarbara,22,18–25,Female,zyang@gmail.com,1,0.0,Cybersecurity,Intermediate,1,0,2025-02-28,2025-02-28,Single-Course (1)
U02914,ryanaguilar,31,26–35,Female,matthew68@gmail.com,2,57.32,Machine Learning,Intermediate,1,1,2025-01-17,2025-10-26,Moderate (2-3)
U02915,kimcurtis,33,26–35,Female,michaeltravis@outlook.com,14,415.51,Marketing,Beginner,13,1,2025-01-14,2025-12-15,Power Learner (8+)
U02916,shortscott,20,18–25,Male,michelleelliott@gmail.com,15,2093.4199999999996,Artificial Intelligence,Beginner,9,6,2025-02-06,2025-12-04,Power Learner (8+)
U02917,lorrainebryant,32,26–35,Female,zwilliams@outlook.com,1,487.92,Business,Advanced,0,1,2025-11-29,2025-11-29,Single-Course (1)
U02918,melissa07,19,18–25,Female,uhall@outlook.com,2,0.0,Digital Marketing,Beginner,2,0,2025-05-27,2025-07-27,Moderate (2-3)
U02919,margaretmendoza,25,18–25,Male,jonesmary@yahoo.com,1,0.0,Finance,Advanced,1,0,2025-05-19,2025-05-19,Single-Course (1)
U02920,jenniferparker,17,<18,Male,ncruz@outlook.com,1,0.0,Data Science,Beginner,1,0,2025-03-27,2025-03-27,Single-Course (1)
U02921,martinezsusan,16,<18,Female,danielsteven@outlook.com,1,0.0,Cybersecurity,Advanced,1,0,2025-12-20,2025-12-20,Single-Course (1)
U02922,kelliewaters,25,18–25,Male,michael84@yahoo.com,1,0.0,Programming,Intermediate,1,0,2025-12-19,2025-12-19,Single-Course (1)
U02923,zlloyd,27,26–35,Male,matthewjohnston@hotmail.com,3,818.89,Project Management,Beginner,1,2,2025-03-15,2025-11-22,Moderate (2-3)
U02924,kathy70,21,18–25,Female,danielle92@gmail.com,1,0.0,Finance,Advanced,1,0,2025-10-25,2025-10-25,Single-Course (1)
U02925,danielle01,18,18–25,Female,monroesheri@hotmail.com,4,513.3,Cybersecurity,Intermediate,2,2,2025-01-05,2025-11-05,Active (4-7)
U02926,fletcherchad,24,18–25,Male,andrew63@yahoo.com,1,0.0,Business,Advanced,1,0,2025-08-30,2025-08-30,Single-Course (1)
U02927,shawfrancis,20,18–25,Male,pfernandez@yahoo.com,15,1865.3400000000001,Business,Beginner,8,7,2025-01-08,2025-11-30,Power Learner (8+)
U02928,jose36,26,26–35,Male,lynn84@outlook.com,1,0.0,Finance,Intermediate,1,0,2025-09-25,2025-09-25,Single-Course (1)
U02929,rodriguezdaniel,16,<18,Female,lisacastillo@outlook.com,1,472.28,Programming,Beginner,0,1,2025-09-09,2025-09-09,Single-Course (1)
U02930,richard82,26,26–35,Female,johnsonkelsey@gmail.com,1,285.05,Business,Beginner,0,1,2025-06-17,2025-06-17,Single-Course (1)
U02931,gutierreznicholas,28,26–35,Female,michaelgriffin@gmail.com,15,156.93,Data Science,Intermediate,13,2,2025-01-25,2025-12-02,Power Learner (8+)
U02932,vwong,17,<18,Female,novakmaureen@gmail.com,1,0.0,Web Development,Beginner,1,0,2025-01-22,2025-01-22,Single-Course (1)
U02933,harristonya,34,26–35,Male,bakeralexander@outlook.com,1,0.0,Design,Advanced,1,0,2025-06-27,2025-06-27,Single-Course (1)
U02934,curtisgrant,29,26–35,Female,debragray@outlook.com,1,299.57,Data Science,Beginner,0,1,2025-10-21,2025-10-21,Single-Course (1)
U02935,ijames,25,18–25,Female,davidwagner@hotmail.com,2,700.56,Artificial Intelligence,Beginner,0,2,2025-03-04,2025-03-13,Moderate (2-3)
U02936,jenniferochoa,35,26–35,Female,ryanperez@gmail.com,2,0.0,Design,Intermediate,2,0,2025-03-24,2025-11-13,Moderate (2-3)
U02937,tylerbrown,23,18–25,Male,cynthia58@outlook.com,13,648.58,Finance,Intermediate,7,6,2025-01-17,2025-11-25,Power Learner (8+)
U02938,rbaldwin,28,26–35,Male,jennifer00@hotmail.com,1,0.0,Business,Advanced,1,0,2025-12-30,2025-12-30,Single-Course (1)
U02939,dunnandrea,18,18–25,Female,rhodesdawn@yahoo.com,1,0.0,Data Science,Intermediate,1,0,2025-09-04,2025-09-04,Single-Course (1)
U02940,qnolan,18,18–25,Female,saraguzman@hotmail.com,3,346.71,Digital Marketing,Beginner,2,1,2025-05-11,2025-11-19,Moderate (2-3)
U02941,herreradanielle,22,18–25,Male,gibsonelizabeth@gmail.com,12,907.5,Digital Marketing,Beginner,7,5,2025-01-03,2025-11-18,Power Learner (8+)
U02942,yolandavaldez,18,18–25,Male,ahubbard@gmail.com,3,415.51,Artificial Intelligence,Beginner,2,1,2025-01-11,2025-12-13,Moderate (2-3)
U02943,lhiggins,19,18–25,Female,wjones@yahoo.com,1,0.0,Marketing,Intermediate,1,0,2025-05-10,2025-05-10,Single-Course (1)
U02944,tanderson,23,18–25,Female,sheilajensen@outlook.com,1,0.0,Finance,Advanced,1,0,2025-06-23,2025-06-23,Single-Course (1)
U02945,lunaemily,23,18–25,Female,antonioriddle@yahoo.com,12,1621.1599999999996,Web Development,Beginner,5,7,2025-01-09,2025-12-28,Power Learner (8+)
U02946,jenniferellis,18,18–25,Female,gloverraven@yahoo.com,1,0.0,Marketing,Intermediate,1,0,2025-11-09,2025-11-09,Single-Course (1)
U02947,perezbrittany,18,18–25,Female,robin71@yahoo.com,11,912.13,Artificial Intelligence,Beginner,7,4,2025-01-02,2025-12-24,Power Learner (8+)
U02948,ashleykirby,33,26–35,Male,zacharyhopkins@gmail.com,1,0.0,Data Science,Beginner,1,0,2025-01-23,2025-01-23,Single-Course (1)
U02949,wjordan,17,<18,Female,hnorman@hotmail.com,2,787.49,Business,Beginner,0,2,2025-02-19,2025-12-16,Moderate (2-3)
U02950,wattschelsea,35,26–35,Male,phiggins@yahoo.com,4,342.61,Design,Advanced,3,1,2025-01-20,2025-11-04,Active (4-7)
U02951,daniel62,28,26–35,Male,smack@hotmail.com,1,0.0,Cybersecurity,Intermediate,1,0,2025-11-28,2025-11-28,Single-Course (1)
U02952,nathan85,32,26–35,Male,victoriasmith@outlook.com,2,0.0,Artificial Intelligence,Beginner,2,0,2025-05-04,2025-10-05,Moderate (2-3)
U02953,hilljacob,21,18–25,Male,bdavis@hotmail.com,1,285.05,Business,Beginner,0,1,2025-08-17,2025-08-17,Single-Course (1)
U02954,debra50,35,26–35,Female,nathan26@outlook.com,2,487.92,Business,Advanced,1,1,2025-06-20,2025-08-24,Moderate (2-3)
U02955,bryanaudrey,25,18–25,Male,edward99@gmail.com,1,57.32,Web Development,Advanced,0,1,2025-09-08,2025-09-08,Single-Course (1)
U02956,bryantgabriel,18,18–25,Male,juan31@gmail.com,2,53.86,Finance,Beginner,1,1,2025-04-02,2025-06-28,Moderate (2-3)
U02957,moralesjoseph,31,26–35,Male,michelle20@gmail.com,1,0.0,Cybersecurity,Advanced,1,0,2025-11-20,2025-11-20,Single-Course (1)
U02958,pcross,33,26–35,Male,michelle70@gmail.com,12,1338.4099999999999,Business,Beginner,8,4,2025-01-24,2025-12-17,Power Learner (8+)
U02959,huntererik,29,26–35,Male,keith88@hotmail.com,2,276.37,Design,Advanced,1,1,2025-02-02,2025-07-22,Moderate (2-3)
U02960,smithbarry,24,18–25,Male,mark20@outlook.com,1,299.57,Data Science,Beginner,0,1,2025-03-26,2025-03-26,Single-Course (1)
U02961,michael52,25,18–25,Female,matthewwagner@gmail.com,1,0.0,Data Science,Beginner,1,0,2025-12-15,2025-12-15,Single-Course (1)
U02962,katie12,23,18–25,Male,haynesamanda@yahoo.com,1,0.0,Finance,Intermediate,1,0,2025-04-25,2025-04-25,Single-Course (1)
U02963,nliu,18,18–25,Female,walshsabrina@gmail.com,1,0.0,Machine Learning,Intermediate,1,0,2025-10-30,2025-10-30,Single-Course (1)
U02964,amandajohnson,33,26–35,Male,deborah39@gmail.com,1,0.0,Machine Learning,Intermediate,1,0,2025-01-28,2025-01-28,Single-Course (1)
U02965,emma46,16,<18,Male,pgonzales@yahoo.com,1,327.99,Project Management,Beginner,0,1,2025-04-07,2025-04-07,Single-Course (1)
U02966,shawncampbell,26,26–35,Female,dakotamedina@hotmail.com,4,0.0,Business,Beginner,4,0,2025-05-11,2025-08-18,Active (4-7)
U02967,michael85,21,18–25,Male,handerson@outlook.com,1,0.0,Marketing,Advanced,1,0,2025-04-10,2025-04-10,Single-Course (1)
U02968,karenjimenez,34,26–35,Female,crawfordrenee@yahoo.com,2,511.96,Data Science,Beginner,0,2,2025-01-05,2025-11-25,Moderate (2-3)
U02969,bellangelica,18,18–25,Female,sara69@outlook.com,13,1177.78,Business,Beginner,8,5,2025-01-02,2025-10-23,Power Learner (8+)
U02970,lmorgan,34,26–35,Male,kennethbrown@yahoo.com,2,90.37,Artificial Intelligence,Intermediate,0,2,2025-07-15,2025-12-24,Moderate (2-3)
U02971,robertseddie,20,18–25,Female,macdonaldkim@hotmail.com,13,776.89,Artificial Intelligence,Advanced,10,3,2025-01-07,2025-12-05,Power Learner (8+)
U02972,zwilson,35,26–35,Male,jillhernandez@outlook.com,2,580.49,Artificial Intelligence,Beginner,0,2,2025-02-19,2025-08-23,Moderate (2-3)
U02973,goodwinbryan,28,26–35,Female,peter36@outlook.com,1,0.0,Machine Learning,Beginner,1,0,2025-09-14,2025-09-14,Single-Course (1)
U02974,barnettkaitlyn,31,26–35,Female,kerritaylor@yahoo.com,14,1206.08,Data Science,Beginner,10,4,2025-01-11,2025-12-24,Power Learner (8+)
U02975,saramiller,22,18–25,Male,susancline@gmail.com,1,0.0,Artificial Intelligence,Beginner,1,0,2025-03-29,2025-03-29,Single-Course (1)
U02976,christopherellis,28,26–35,Female,bartonbruce@outlook.com,16,1526.8600000000001,Design,Beginner,11,5,2025-01-06,2025-12-23,Power Learner (8+)
U02977,ydavis,33,26–35,Male,kellyrobert@outlook.com,1,394.26,Cybersecurity,Intermediate,0,1,2025-02-09,2025-02-09,Single-Course (1)
U02978,donaldjenkins,18,18–25,Female,veronicamurphy@outlook.com,4,248.1,Artificial Intelligence,Beginner,3,1,2025-03-10,2025-10-08,Active (4-7)
U02979,dkim,26,26–35,Male,bbryant@hotmail.com,1,212.39,Digital Marketing,Advanced,0,1,2025-11-05,2025-11-05,Single-Course (1)
U02980,yodonnell,27,26–35,Male,richard69@hotmail.com,12,804.66,Design,Beginner,8,4,2025-01-06,2025-12-07,Power Learner (8+)
U02981,usloan,23,18–25,Male,fsmith@yahoo.com,14,1177.0,Programming,Beginner,10,4,2025-02-01,2025-12-25,Power Learner (8+)
U02982,xfischer,20,18–25,Female,brian61@hotmail.com,1,0.0,Project Management,Beginner,1,0,2025-05-02,2025-05-02,Single-Course (1)
U02983,timothybennett,35,26–35,Female,yromero@yahoo.com,1,0.0,Finance,Intermediate,1,0,2025-04-09,2025-04-09,Single-Course (1)
U02984,coleandrew,35,26–35,Female,carlos93@gmail.com,14,1574.03,Project Management,Intermediate,10,4,2025-01-01,2025-12-03,Power Learner (8+)
U02985,maynardlisa,35,26–35,Male,todd45@yahoo.com,1,0.78,Machine Learning,Advanced,0,1,2025-10-01,2025-10-01,Single-Course (1)
U02986,sanchezdustin,16,<18,Male,zfranco@gmail.com,2,590.71,Artificial Intelligence,Beginner,0,2,2025-05-18,2025-09-28,Moderate (2-3)
U02987,qmiller,26,26–35,Male,athompson@yahoo.com,1,0.0,Programming,Beginner,1,0,2025-11-18,2025-11-18,Single-Course (1)
U02988,anthonyhampton,17,<18,Male,marroyo@hotmail.com,1,0.0,Marketing,Intermediate,1,0,2025-12-29,2025-12-29,Single-Course (1)
U02989,neil55,22,18–25,Male,dale92@yahoo.com,11,968.91,Cybersecurity,Intermediate,6,5,2025-02-04,2025-12-30,Power Learner (8+)
U02990,timothy15,22,18–25,Male,kingtodd@gmail.com,2,472.28,Finance,Beginner,1,1,2025-02-17,2025-09-25,Moderate (2-3)
U02991,andrea88,27,26–35,Female,anitajenkins@outlook.com,1,0.0,Programming,Beginner,1,0,2025-10-27,2025-10-27,Single-Course (1)
U02992,michelle74,24,18–25,Female,dcombs@gmail.com,12,1913.78,Business,Intermediate,7,5,2025-01-16,2025-12-28,Power Learner (8+)
U02993,cummingsdawn,20,18–25,Female,littlekathryn@outlook.com,1,0.0,Finance,Advanced,1,0,2025-08-29,2025-08-29,Single-Course (1)
U02994,rhodesjames,31,26–35,Female,michael02@outlook.com,14,1069.44,Business,Beginner,9,5,2025-01-22,2025-12-12,Power Learner (8+)
U02995,larryhunter,16,<18,Male,ashleyday@gmail.com,1,37.89,Web Development,Advanced,0,1,2025-08-21,2025-08-21,Single-Course (1)
U02996,rebeccamccoy,32,26–35,Male,james28@outlook.com,1,0.0,Finance,Beginner,1,0,2025-11-21,2025-11-21,Single-Course (1)
U02997,jburke,21,18–25,Female,nramos@yahoo.com,1,0.0,Machine Learning,Advanced,1,0,2025-08-28,2025-08-28,Single-Course (1)
U02998,choikendra,33,26–35,Male,katherinebeck@hotmail.com,1,37.89,Web Development,Advanced,0,1,2025-11-08,2025-11-08,Single-Course (1)
U02999,rachelmalone,20,18–25,Male,rodgerserica@hotmail.com,1,37.89,Web Development,Advanced,0,1,2025-09-09,2025-09-09,Single-Course (1)
U03000,harperdouglas,15,<18,Male,jackie41@gmail.com,1,394.26,Cybersecurity,Intermediate,0,1,2025-02-06,2025-02-06,Single-Course (1)
